Agency,City,Collision Date,Collision Time,Vehicles Involved,Trailers Involved,Number Injured,Number Dead,Number Deer,House Number,Roadway Interchange,Roadway Ramp,Roadway Id,Intersecting Road,Interchange,Feet From,Direction,Latitude,Longitude,Roadway Class,Hit and Run?,Locality,School Zone?,Rumble Strips?,Construction?,Construction Type,Light Condition,Weather Conditions,Surface Condition,Type of Median,Roadway Junction Type,Road Character,Roadway Surface,Primary Factor,Manner of Collision,Unique Location Id,Traffic Control
INDIANA UNIV BLOOMINGTON PD,BLOOMINGTON,1/15/2019,12:05 PM,2,0,0,0,0,,,,SR 45/46,E 10TH ST,,,,0,0,STATE ROAD,N,URBAN,N,N,N,,DAYLIGHT,CLOUDY,DRY,,FOUR-WAY INTERSECTION,STRAIGHT/LEVEL,ASPHALT,FOLLOWING TOO CLOSELY,REAR END,SR45WTENTHST,TRAFFIC CONTROL SIGNAL
INDIANA UNIV BLOOMINGTON PD,BLOOMINGTON,1/15/2019,12:11 PM,1,0,1,0,0,,,,E 3RD,S JORDAN AVE,,,,39.164315,-86.51655,LOCAL/CITY ROAD,N,URBAN,N,N,N,,DAYLIGHT,CLOUDY,DRY,,FOUR-WAY INTERSECTION,STRAIGHT/LEVEL,ASPHALT,UNSAFE LANE MOVEMENT,RIGHT TURN,JORDANAVETHIRDST,TRAFFIC CONTROL SIGNAL
INDIANA UNIV BLOOMINGTON PD,BLOOMINGTON,1/15/2019,1:29 PM,2,0,1,0,0,,,,E 7TH,N JORDAN AVE,,,,39.168944,-86.516016,LOCAL/CITY ROAD,N,URBAN,N,N,N,,DAYLIGHT,CLOUDY,WET,,FOUR-WAY INTERSECTION,STRAIGHT/GRADE,ASPHALT,DRIVER DISTRACTED - EXPLAIN IN NARRATIVE,REAR END,7THSTJORDANAVE,STOP SIGN
BLOOMINGTON PD,BLOOMINGTON,1/15/2019,7:59 AM,2,0,0,0,0,,,,S HENDERSON,E NORTH DR,,,,39.144848,-86.526848,LOCAL/CITY ROAD,N,URBAN,Y,N,N,,DAWN/DUSK,CLOUDY,DRY,,FOUR-WAY INTERSECTION,STRAIGHT/LEVEL,ASPHALT,FAILURE TO YIELD RIGHT OF WAY,RIGHT ANGLE,HENDERSONSTNORTHDR,STOP SIGN
MONROE SD,BLOOMINGTON,1/15/2019,8:44 AM,1,0,0,0,0,,,,W FULLERTON,S LEONARD SPRINGS RD,,100,E,39.123376,-86.582592,LOCAL/CITY ROAD,N,RURAL,N,N,N,,DAYLIGHT,CLOUDY,DRY,,NO JUNCTION INVOLVED,STRAIGHT/GRADE,ASPHALT,RAN OFF ROAD RIGHT,RAN OFF ROAD,SOUTHLEONARDSPRINGSRDWESTFULLERTONPIKE,NONE
BLOOMINGTON PD,BLOOMINGTON,1/16/2019,5:00 PM,2,0,0,0,0,,,,S COLLEGE,W 2ND ST,,100,W,39.16144,-86.534848,LOCAL/CITY ROAD,N,URBAN,N,N,N,,DAYLIGHT,CLEAR,DRY,,FOUR-WAY INTERSECTION,STRAIGHT/LEVEL,ASPHALT,FAILURE TO YIELD RIGHT OF WAY,RIGHT ANGLE,SCOLLEGEAVEW2NDST,NONE
ISP BLOOMINGTON 33,BLOOMINGTON,1/16/2019,8:00 AM,2,0,0,0,0,,,,SR 45/46,N MONROE ST,,,,39.186944,-86.5468,STATE ROAD,N,URBAN,N,N,N,,DAWN/DUSK,CLOUDY,WET,,FOUR-WAY INTERSECTION,STRAIGHT/GRADE,CONCRETE,FAILURE TO YIELD RIGHT OF WAY,LEFT TURN,NMONROESTSR45,LANE CONTROL
MONROE SD,BLOOMINGTON,1/16/2019,8:42 PM,1,0,1,0,0,,,,N HINKLE,E BETHEL LN,,1500,S,39.05400808,-86.50541,LOCAL/CITY ROAD,N,RURAL,N,Y,N,,DARK (NOT LIGHTED),RAIN,WET,,NO JUNCTION INVOLVED,CURVE/GRADE,ASPHALT,RAN OFF ROAD RIGHT,RAN OFF ROAD,EBETHELNNHINKLERD,NONE
MONROE SD,BLOOMINGTON,1/16/2019,6:58 AM,1,0,0,0,0,,,,S ROCKPORT,,,,,39.002752,-86.59,LOCAL/CITY ROAD,N,RURAL,N,N,N,,DARK (NOT LIGHTED),SLEET/HAIL/FREEZING RAIN,WET,,NO JUNCTION INVOLVED,CURVE/GRADE,ASPHALT,HOLES/RUTS IN SURFACE,COLLISION WITH OBJECT IN ROAD,POPCORNRDSROCKPORTRD,NONE
MONROE SD,BLOOMINGTON,1/16/2019,3:15 PM,2,0,0,0,0,,,,SR 46,W FORREST PARK DR,,,,39.212048,-86.5872,STATE ROAD,N,RURAL,N,N,N,,DAYLIGHT,CLOUDY,WET,,FOUR-WAY INTERSECTION,STRAIGHT/LEVEL,ASPHALT,FAILURE TO YIELD RIGHT OF WAY,LEFT TURN,SR46WWFORESTPARKDR,NONE
BLOOMINGTON PD,BLOOMINGTON,1/16/2019,12:49 PM,2,0,0,0,0,,,,W 3RD,ENTRANCE TO KROGER,,,,0,0,LOCAL/CITY ROAD,N,URBAN,N,N,N,,DAYLIGHT,CLOUDY,DRY,,T-INTERSECTION,STRAIGHT/LEVEL,ASPHALT,FAILURE TO YIELD RIGHT OF WAY,RIGHT ANGLE,ENTTOKROGERWESTDRW3RDST,STOP SIGN
MONROE SD,BLOOMINGTON,1/17/2019,9:49 PM,2,0,0,0,0,,,,SR 45,S LIBERTY DR ,,100,W,39.14499486,-86.57788929,UNKNOWN,N,RURAL,N,N,N,,DARK (LIGHTED),CLEAR,WET,,Y-INTERSECTION,CURVE/LEVEL,ASPHALT,FOLLOWING TOO CLOSELY,REAR END,LIBERTYDRWSTATEROAD45HWY,YIELD SIGN
BLOOMINGTON PD,BLOOMINGTON,1/17/2019,9:10 PM,2,0,0,0,0,,,,S CURRY,SR 48,,,,39.164544,-86.560096,LOCAL/CITY ROAD,N,URBAN,N,N,N,,DARK (LIGHTED),CLOUDY,WET,,FOUR-WAY INTERSECTION,STRAIGHT/LEVEL,ASPHALT,FOLLOWING TOO CLOSELY,REAR END,SCURRYPIKEW3RDST,TRAFFIC CONTROL SIGNAL
INDIANA UNIV BLOOMINGTON PD,BLOOMINGTON,1/17/2019,11:10 AM,2,0,0,0,0,,,,E 3RD,S INDIANA AVE,,,,39.164448,-86.5268,LOCAL/CITY ROAD,Y,URBAN,N,N,N,,DAYLIGHT,CLOUDY,WET,,FOUR-WAY INTERSECTION,STRAIGHT/LEVEL,ASPHALT,UNSAFE LANE MOVEMENT,RIGHT TURN,3RDSTSINDIANAAVE,TRAFFIC CONTROL SIGNAL
BLOOMINGTON PD,BLOOMINGTON,1/17/2019,7:29 PM,2,0,0,0,0,,,,S WALNUT,E MILLER DR,,200,S,39.12575068,-86.53265,LOCAL/CITY ROAD,N,URBAN,N,N,N,,DARK (LIGHTED),CLEAR,DRY,,NO JUNCTION INVOLVED,STRAIGHT/LEVEL,ASPHALT,FAILURE TO YIELD RIGHT OF WAY,LEFT TURN,EMILLERDRSWALNUTST,NONE
BLOOMINGTON PD,BLOOMINGTON,1/17/2019,12:15 AM,2,0,0,0,0,,,,E MOORES,S SMITH RD,,,,39.15022,-86.48046,LOCAL/CITY ROAD,Y,URBAN,N,N,N,,DARK (LIGHTED),CLEAR,WET,,NO JUNCTION INVOLVED,STRAIGHT/LEVEL,ASPHALT,FAILURE TO YIELD RIGHT OF WAY,REAR END,MOORESPIKESMITHRD,STOP SIGN
MONROE SD,BLOOMINGTON,1/17/2019,3:25 PM,2,0,0,0,0,,,,W ARLINGTON,N STONEYBROOK BLVD,,1000,E,39.20197,-86.56177656,COUNTY ROAD,N,RURAL,N,N,N,,DAYLIGHT,CLOUDY,WET,,NO JUNCTION INVOLVED,STRAIGHT/GRADE,ASPHALT,FOLLOWING TOO CLOSELY,REAR END,ARLINGTONRDSTONEYBROOKBLVD,NONE
ELLETTSVILLE PD,ELLETTSVILLE,1/17/2019,4:06 PM,1,0,0,0,0,640,,,W TECUMSEH,N THOMAS RD,,130,W,39.222848,-86.63048,LOCAL/CITY ROAD,N,URBAN,N,N,N,,DAYLIGHT,CLEAR,WET,,T-INTERSECTION,STRAIGHT/LEVEL,ASPHALT,BRAKE FAILURE OR DEFECTIVE,RAN OFF ROAD,WTECUMSEHDR,NONE
INDIANA UNIV BLOOMINGTON PD,BLOOMINGTON,1/18/2019,5:41 PM,2,0,0,0,0,,,,SR 45/46,E 17TH ST,,,,39.17984,-86.507088,LOCAL/CITY ROAD,N,URBAN,N,N,N,,DAWN/DUSK,CLEAR,DRY,,T-INTERSECTION,STRAIGHT/GRADE,ASPHALT,FOLLOWING TOO CLOSELY,REAR END,EAST17THSTSR46,TRAFFIC CONTROL SIGNAL
BLOOMINGTON PD,BLOOMINGTON,1/18/2019,12:45 AM,2,0,0,0,0,,,,W 17TH,N MADISON ST,,,,39.178992,-86.537792,LOCAL/CITY ROAD,Y,URBAN,N,N,N,,DARK (LIGHTED),CLOUDY,DRY,,NO JUNCTION INVOLVED,STRAIGHT/LEVEL,ASPHALT,FAILURE TO YIELD RIGHT OF WAY,RIGHT ANGLE,17THSTMADISONAVE,TRAFFIC CONTROL SIGNAL
INDIANA UNIV BLOOMINGTON PD,BLOOMINGTON,1/18/2019,3:00 PM,1,0,1,0,0,,,,E 10TH,N JORDAN AVE,,,,39.171385,-86.51568,LOCAL/CITY ROAD,Y,URBAN,N,N,N,,DAYLIGHT,CLEAR,DRY,,FOUR-WAY INTERSECTION,STRAIGHT/LEVEL,ASPHALT,OTHER (VEHICLE) - EXPLAIN IN NARRATIVE,OTHER - EXPLAIN IN NARRATIVE,JORDANAVETENTHST,TRAFFIC CONTROL SIGNAL
ELLETTSVILLE PD,ELLETTSVILLE,1/18/2019,7:48 AM,3,0,0,0,0,,,,SR 46,N HARTSTRAIT RD,,,,39.22766,-86.61594,STATE ROAD,N,URBAN,N,N,N,,DAWN/DUSK,CLEAR,DRY,,NO JUNCTION INVOLVED,STRAIGHT/LEVEL,ASPHALT,BRAKE FAILURE OR DEFECTIVE,REAR END,HARTSTRAIGHTRDSR46W,TRAFFIC CONTROL SIGNAL
ELLETTSVILLE PD,ELLETTSVILLE,1/18/2019,11:19 AM,2,0,0,0,0,,,,SR 46,N SALE ST,,75,W,39.23393299,-86.62494035,STATE ROAD,N,URBAN,N,N,N,,DAYLIGHT,CLEAR,DRY,,NO JUNCTION INVOLVED,STRAIGHT/LEVEL,ASPHALT,IMPROPER TURNING,SAME DIRECTION SIDESWIPE,SALESTSR46W,NONE
MONROE SD,BLOOMINGTON,1/18/2019,2:16 PM,2,0,0,0,0,,,,N CURRY,S WELMIR DR,,,,39.16687,-86.58295,COUNTY ROAD,N,URBAN,N,N,N,,DAYLIGHT,CLEAR,DRY,,NO JUNCTION INVOLVED,STRAIGHT/LEVEL,ASPHALT,OTHER (DRIVER) - EXPLAIN IN NARRATIVE,REAR END,NCURRYPIKESWELMIRDR,NONE
BLOOMINGTON PD,BLOOMINGTON,1/18/2019,4:47 PM,2,0,0,0,0,,,,S FAIRVIEW,E HOWE ST,,,,39.162432,-86.5408,LOCAL/CITY ROAD,Y,URBAN,N,N,N,,UNKNOWN,CLEAR,DRY,,FOUR-WAY INTERSECTION,STRAIGHT/LEVEL,ASPHALT,UNSAFE BACKING,BACKING CRASH,EHOWESTSFAIRVIEWST,NONE
BLOOMINGTON PD,BLOOMINGTON,1/18/2019,3:43 PM,1,0,0,0,0,,,,S LEONARD SPRINGS,W CEDAR CHASE DR,,100,S,39.131648,-86.582496,LOCAL/CITY ROAD,N,URBAN,N,N,N,,DAYLIGHT,CLEAR,DRY,,NO JUNCTION INVOLVED,STRAIGHT/LEVEL,ASPHALT,IMPROPER LANE USAGE,RAN OFF ROAD,SLEONARDSPRINGSRDWCEDARCHASEDR,NONE
INDIANA UNIV BLOOMINGTON PD,BLOOMINGTON,1/19/2019,7:15 PM,2,0,0,0,0,,,,SR 45/46,E 10TH ST,,,,0,0,LOCAL/CITY ROAD,N,URBAN,N,N,N,,DARK (LIGHTED),SNOW,ICE,,FOUR-WAY INTERSECTION,STRAIGHT/LEVEL,ASPHALT,SPEED TOO FAST FOR WEATHER CONDITIONS,REAR END,SR46UNIONVILLERD,TRAFFIC CONTROL SIGNAL
ELLETTSVILLE PD,ELLETTSVILLE,1/19/2019,11:21 AM,2,0,0,0,0,,,,N UNION VALLEY,SR 46,,,,39.215152,-86.5928,COUNTY ROAD,N,URBAN,N,N,N,,DAYLIGHT,RAIN,WET,,NO JUNCTION INVOLVED,STRAIGHT/LEVEL,ASPHALT,LEFT OF CENTER,LEFT TURN,UNIONVALLEYRDWESTSTATEROAD46ST,LANE CONTROL
INDIANA UNIV BLOOMINGTON PD,BLOOMINGTON,1/19/2019,7:44 PM,2,0,1,0,0,,,,N JORDAN,E 10TH ST,,,,39.171385,-86.51568,LOCAL/CITY ROAD,N,URBAN,N,N,N,,DARK (LIGHTED),SNOW,SNOW/SLUSH,,FOUR-WAY INTERSECTION,CURVE/LEVEL,ASPHALT,SPEED TOO FAST FOR WEATHER CONDITIONS,RIGHT ANGLE,JORDANAVETENTHST,TRAFFIC CONTROL SIGNAL
BLOOMINGTON PD,BLOOMINGTON,1/19/2019,10:46 AM,2,0,0,0,0,,,,N WALNUT,W OLD SR 37,,,,39.20704,-86.534704,LOCAL/CITY ROAD,N,URBAN,N,N,N,,DAYLIGHT,RAIN,WET,,T-INTERSECTION,STRAIGHT/LEVEL,ASPHALT,IMPROPER TURNING,LEFT TURN,NOLDSTATEROAD37STNWALNUTST,NONE
DNR LAW ENFORCEMENT,BLOOMINGTON,1/19/2019,8:00 PM,3,0,1,0,0,,,,S WALNUT,S FAIRFAX RD,,600,S,39.04390624,-86.53149,STATE ROAD,N,RURAL,N,N,N,,DARK (NOT LIGHTED),SNOW,ICE,,NO JUNCTION INVOLVED,STRAIGHT/GRADE,ASPHALT,ANIMAL/OBJECT IN ROADWAY,REAR END,FAIRFAXRDSR37N,NONE
BLOOMINGTON PD,BLOOMINGTON,1/19/2019,6:14 PM,2,0,0,0,0,,,,W 3RD,S PATTERSON DR,,,,39.16424,-86.551785,LOCAL/CITY ROAD,N,URBAN,N,N,N,,DARK (LIGHTED),SNOW,ICE,,T-INTERSECTION,STRAIGHT/LEVEL,ASPHALT,ROADWAY SURFACE CONDITION,RIGHT TURN,SPATTERSONDRW3RDST,TRAFFIC CONTROL SIGNAL
ISP BLOOMINGTON 33,BLOOMINGTON,1/19/2019,7:07 PM,1,0,1,0,0,,,,E SAMPLE,W OLD SR 37,,700,W,39.25889859,-86.50361442,COUNTY ROAD,N,RURAL,N,N,N,,DARK (NOT LIGHTED),SNOW,SNOW/SLUSH,,NO JUNCTION INVOLVED,CURVE/HILLCREST,CONCRETE,SPEED TOO FAST FOR WEATHER CONDITIONS,RAN OFF ROAD,OLDSTATEROAD37RDSAMPLERD,NONE
BLOOMINGTON PD,BLOOMINGTON,1/19/2019,2:42 PM,2,0,0,0,0,,,,E WINSLOW,S HIGH ST,,,,39.136144,-86.508096,LOCAL/CITY ROAD,Y,URBAN,N,N,N,,DAYLIGHT,RAIN,WET,,TRAFFIC CIRCLE/ROUNDABOUT,CURVE/LEVEL,ASPHALT,FAILURE TO YIELD RIGHT OF WAY,RIGHT ANGLE,HIGHSTWINSLOWRD,ROUNDABOUT INTERSECTION
MONROE SD,BLOOMINGTON,1/19/2019,8:04 PM,1,0,0,0,0,,,,E WYLIE,N WAYPORT RD,,1000,E,0,0,COUNTY ROAD,N,RURAL,N,N,N,,DARK (NOT LIGHTED),SNOW,SNOW/SLUSH,,NO JUNCTION INVOLVED,CURVE/GRADE,ASPHALT,SPEED TOO FAST FOR WEATHER CONDITIONS,RAN OFF ROAD,WAYPORTRDWYLIERD,NONE
ELLETTSVILLE PD,ELLETTSVILLE,1/19/2019,11:14 PM,1,0,0,0,0,,,,N MATTHEWS,W MT TABOR RD,,1000,S,39.13937758,-86.62053,LOCAL/CITY ROAD,N,RURAL,N,N,N,,DARK (NOT LIGHTED),CLEAR,SNOW/SLUSH,,NO JUNCTION INVOLVED,STRAIGHT/LEVEL,ASPHALT,ROADWAY SURFACE CONDITION,RAN OFF ROAD,MATTHEWSDRMTTABORRD,NONE
BLOOMINGTON PD,BLOOMINGTON,1/19/2019,8:15 PM,1,0,2,0,0,,,,S ROGERS,W HOWE ST,,,,39.1624,-86.53872,LOCAL/CITY ROAD,N,URBAN,N,N,N,,DARK (NOT LIGHTED),SNOW,SNOW/SLUSH,,NO JUNCTION INVOLVED,STRAIGHT/HILLCREST,ASPHALT,ROADWAY SURFACE CONDITION,RAN OFF ROAD,SROGERSSTWHOWEST,NONE
BLOOMINGTON PD,BLOOMINGTON,1/19/2019,7:15 PM,2,0,0,0,0,,,,S WALNUT,W HOOSIER ST,,100,N,39.14254063,-86.53157,LOCAL/CITY ROAD,N,URBAN,N,N,N,,DARK (LIGHTED),BLOWING SAND/SOIL/SNOW,SNOW/SLUSH,,NO JUNCTION INVOLVED,STRAIGHT/GRADE,ASPHALT,ROADWAY SURFACE CONDITION,HEAD ON BETWEEN TWO MOTOR VEHICLES,HOOSIERSTWALNUTST,NONE
MONROE SD,BLOOMINGTON,1/19/2019,11:00 PM,1,0,0,0,0,,,,W FLUCK MILL,S MAMIE EADS RD,,50,W,39.07176,-86.565824,LOCAL/CITY ROAD,N,RURAL,N,N,N,,DARK (NOT LIGHTED),BLOWING SAND/SOIL/SNOW,SNOW/SLUSH,NONE,NO JUNCTION INVOLVED,CURVE/LEVEL,ASPHALT,OTHER (DRIVER) - EXPLAIN IN NARRATIVE,OTHER - EXPLAIN IN NARRATIVE,SMAMIEEADSRDWFLUCKMILLRD,NONE
MONROE SD,BLOOMINGTON,1/19/2019,5:09 PM,1,0,0,0,0,,,,W RATLIFF,N STARNES RD,,4500,W,39.21657,-86.63948012,LOCAL/CITY ROAD,N,RURAL,N,N,N,,DAYLIGHT,SLEET/HAIL/FREEZING RAIN,WET,,NO JUNCTION INVOLVED,STRAIGHT/HILLCREST,ASPHALT,RAN OFF ROAD RIGHT,RAN OFF ROAD,NSTARNESRDWRATLIFFRD,NONE
INDIANA UNIV BLOOMINGTON PD,BLOOMINGTON,1/20/2019,9:00 PM,2,0,0,0,0,,,,E 17TH,N JORDAN AVE,,692,W,39.17886076,-86.51352982,LOCAL/CITY ROAD,N,URBAN,N,N,N,,DARK (LIGHTED),CLEAR,SNOW/SLUSH,,NO JUNCTION INVOLVED,STRAIGHT/GRADE,ASPHALT,SPEED TOO FAST FOR WEATHER CONDITIONS,REAR END,EAST17THSTJORDANAVE,NONE
MONROE SD,BLOOMINGTON,1/20/2019,8:04 PM,1,0,0,0,0,,,,I-69 N,N SR 37 BUSINESS,,1500,N,0,0,INTERSTATE,N,RURAL,N,Y,N,,DARK (NOT LIGHTED),SNOW,WET,,NO JUNCTION INVOLVED,CURVE/GRADE,ASPHALT,RAN OFF ROAD RIGHT,RAN OFF ROAD,I69NNBUSINESS37RD,NONE
ISP BLOOMINGTON 33,BLOOMINGTON,1/20/2019,2:53 PM,2,0,0,0,0,,123,C,I-69 S,N SR 37 BUSINESS,Y,,,0,0,INTERSTATE,N,RURAL,N,N,Y,WORK ON SHOULDER,DAYLIGHT,CLEAR,SNOW/SLUSH,,RAMP,CURVE/GRADE,ASPHALT,SPEED TOO FAST FOR WEATHER CONDITIONS,REAR END,I69,LANE CONTROL
INDIANA UNIV BLOOMINGTON PD,BLOOMINGTON,1/20/2019,9:08 PM,2,0,1,0,0,,,,N WALNUT,W OLD SR 37,,2000,S,0,0,LOCAL/CITY ROAD,N,URBAN,N,N,N,,DARK (NOT LIGHTED),CLEAR,DRY,,NO JUNCTION INVOLVED,STRAIGHT/GRADE,ASPHALT,FOLLOWING TOO CLOSELY,REAR END,SR37WALNUTST,LANE CONTROL
BLOOMINGTON PD,BLOOMINGTON,1/20/2019,6:15 PM,2,0,1,0,0,,,,S COLLEGE,W 1ST ST,,,,39.17688,-86.534736,LOCAL/CITY ROAD,N,URBAN,N,N,N,,DARK (LIGHTED),CLEAR,SNOW/SLUSH,,FOUR-WAY INTERSECTION,STRAIGHT/LEVEL,ASPHALT,SPEED TOO FAST FOR WEATHER CONDITIONS,RIGHT ANGLE,SCOLLEGEAVEW1STST,TRAFFIC CONTROL SIGNAL
BLOOMINGTON PD,BLOOMINGTON,1/20/2019,4:53 PM,2,0,0,0,0,,,,E ATWATER,S HENDERSON ST,,,,39.162975,-86.52727,LOCAL/CITY ROAD,N,URBAN,N,N,N,,DAYLIGHT,CLEAR,SNOW/SLUSH,,FOUR-WAY INTERSECTION,STRAIGHT/GRADE,ASPHALT,FAILURE TO YIELD RIGHT OF WAY,RIGHT ANGLE,ATWATERAVEHENDERSONST,TRAFFIC CONTROL SIGNAL
ELLETTSVILLE PD,ELLETTSVILLE,1/20/2019,12:51 PM,2,0,0,0,0,,,,SR 46,N CAPITOL AVE,,,,39.223325,-86.609325,STATE ROAD,N,URBAN,N,N,N,,DAYLIGHT,CLEAR,SNOW/SLUSH,,T-INTERSECTION,STRAIGHT/LEVEL,ASPHALT,FAILURE TO YIELD RIGHT OF WAY,RIGHT ANGLE,CAPITOLAVESR46W,LANE CONTROL
BLOOMINGTON PD,BLOOMINGTON,1/20/2019,12:00 PM,2,0,0,0,0,,,,E 3RD,S LINCOLN ST,,,,39.16464,-86.531024,LOCAL/CITY ROAD,Y,URBAN,N,N,N,,DAYLIGHT,CLEAR,SNOW/SLUSH,,FOUR-WAY INTERSECTION,STRAIGHT/GRADE,ASPHALT,ROADWAY SURFACE CONDITION,RIGHT ANGLE,3RDSTLINCOLNST,TRAFFIC CONTROL SIGNAL
BLOOMINGTON PD,BLOOMINGTON,1/20/2019,5:25 PM,2,0,0,0,0,,,,E 3RD,S LINCOLN ST,,,,39.16464,-86.531024,LOCAL/CITY ROAD,N,URBAN,N,N,N,,DAYLIGHT,CLEAR,SNOW/SLUSH,,FOUR-WAY INTERSECTION,STRAIGHT/GRADE,ASPHALT,FAILURE TO YIELD RIGHT OF WAY,RIGHT ANGLE,ETHIRDSTSLINCOLNST,TRAFFIC CONTROL SIGNAL
MONROE SD,BLOOMINGTON,1/20/2019,3:00 AM,1,0,0,0,0,,,,E ANDERSON,E FARR RD,,1000,E,39.27985,-86.46453646,LOCAL/CITY ROAD,N,RURAL,N,N,N,,DARK (NOT LIGHTED),BLOWING SAND/SOIL/SNOW,SNOW/SLUSH,NONE,NO JUNCTION INVOLVED,STRAIGHT/LEVEL,ASPHALT,RAN OFF ROAD RIGHT,OTHER - EXPLAIN IN NARRATIVE,EANDERSONRDEFARRRD,NONE
ISP BLOOMINGTON 33,BLOOMINGTON,1/20/2019,1:20 PM,1,0,0,0,0,,,,I-69 S,,,,,0,0,INTERSTATE,N,RURAL,N,N,Y,WORK ON SHOULDER,DAYLIGHT,CLEAR,SNOW/SLUSH,,NO JUNCTION INVOLVED,STRAIGHT/LEVEL,ASPHALT,SPEED TOO FAST FOR WEATHER CONDITIONS,RAN OFF ROAD,I69123.5,LANE CONTROL
ISP BLOOMINGTON 33,BLOOMINGTON,1/20/2019,2:53 PM,1,0,0,0,0,,123,C,I-69 S,,Y,,,0,0,INTERSTATE,N,RURAL,N,N,N,,DAYLIGHT,CLEAR,SNOW/SLUSH,,RAMP,CURVE/GRADE,ASPHALT,SPEED TOO FAST FOR WEATHER CONDITIONS,RAN OFF ROAD,I69,LANE CONTROL
BLOOMINGTON PD,BLOOMINGTON,1/20/2019,1:57 PM,2,0,0,0,0,,,,N ROGERS,W 11TH ST,,,,39.173184,-86.538528,LOCAL/CITY ROAD,N,URBAN,N,N,N,,DAYLIGHT,CLEAR,SNOW/SLUSH,,FOUR-WAY INTERSECTION,STRAIGHT/GRADE,ASPHALT,DISREGARD SIGNAL/REG SIGN,RIGHT ANGLE,NROGERSSTW11THST,STOP SIGN
MONROE SD,BLOOMINGTON,1/20/2019,10:18 AM,1,0,0,0,0,6475,,,S FAIRFAX,,,,,39.078512,-86.51224,LOCAL/CITY ROAD,N,RURAL,N,N,N,,DAYLIGHT,CLEAR,SNOW/SLUSH,,NO JUNCTION INVOLVED,STRAIGHT/GRADE,ASPHALT,RAN OFF ROAD RIGHT,RAN OFF ROAD,SFAIRFAXRD,NONE
BLOOMINGTON PD,BLOOMINGTON,1/20/2019,12:27 PM,2,0,1,0,0,,,,S PATTERSON,W ALLEN ST,,,,39.155785,-86.543355,LOCAL/CITY ROAD,N,URBAN,N,N,N,,DAYLIGHT,CLEAR,ICE,,FOUR-WAY INTERSECTION,STRAIGHT/LEVEL,ASPHALT,DISREGARD SIGNAL/REG SIGN,RIGHT ANGLE,SPATTERSONDRWALLENST,TRAFFIC CONTROL SIGNAL
INDIANA UNIV BLOOMINGTON PD,BLOOMINGTON,1/20/2019,2:02 PM,1,0,0,0,0,,,,SR 45/46,,,,,39.183152,-86.511696,STATE ROAD,N,URBAN,N,Y,N,,DAYLIGHT,CLEAR,SNOW/SLUSH,,NO JUNCTION INVOLVED,STRAIGHT/LEVEL,ASPHALT,SPEED TOO FAST FOR WEATHER CONDITIONS,RAN OFF ROAD,NJORDANAVESR46,LANE CONTROL
MONROE SD,BLOOMINGTON,1/20/2019,11:21 PM,2,0,1,0,0,1617,,,W HENNESSEY,,,,,39.12532,-86.55448,LOCAL/CITY ROAD,N,URBAN,N,N,N,,DARK (LIGHTED),SNOW,SNOW/SLUSH,,NO JUNCTION INVOLVED,CURVE/LEVEL,ASPHALT,SPEED TOO FAST FOR WEATHER CONDITIONS,RIGHT ANGLE,WHENNESSEYST,NONE
MONROE SD,BLOOMINGTON,1/21/2019,4:46 PM,2,0,0,0,0,,,,W TAPP,I-69,,,,0,0,COUNTY ROAD,N,RURAL,N,N,N,,DAYLIGHT,CLOUDY,SNOW/SLUSH,,TRAFFIC CIRCLE/ROUNDABOUT,STRAIGHT/GRADE,ASPHALT,FOLLOWING TOO CLOSELY,REAR END,I69STAPPRD,ROUNDABOUT INTERSECTION
INDIANA UNIV BLOOMINGTON PD,BLOOMINGTON,1/21/2019,6:00 PM,2,0,0,0,0,,,,S JORDAN,E 3RD ST,,,,39.164315,-86.51655,LOCAL/CITY ROAD,N,URBAN,N,N,N,,DARK (LIGHTED),CLEAR,DRY,,FOUR-WAY INTERSECTION,STRAIGHT/LEVEL,ASPHALT,FOLLOWING TOO CLOSELY,REAR END,JORDANAVETHIRDST,TRAFFIC CONTROL SIGNAL
INDIANA UNIV BLOOMINGTON PD,BLOOMINGTON,1/21/2019,1:20 PM,2,0,0,0,0,,,,SR 45/46,N RANGE RD,,100,S,39.15705974,-86.500115,STATE ROAD,N,URBAN,N,N,N,,DAYLIGHT,SNOW,SNOW/SLUSH,,NO JUNCTION INVOLVED,STRAIGHT/GRADE,ASPHALT,FOLLOWING TOO CLOSELY,REAR END,RANGERDSR46N,NONE
MONROE SD,BLOOMINGTON,1/21/2019,2:29 PM,2,0,0,0,0,,,,SR 46,E KINGS RD,,,,39.16664,-86.454992,STATE ROAD,N,RURAL,N,N,N,,DAYLIGHT,CLEAR,WET,,T-INTERSECTION,STRAIGHT/LEVEL,ASPHALT,FOLLOWING TOO CLOSELY,REAR END,EKINGSRDSR46E,LANE CONTROL
ELLETTSVILLE PD,ELLETTSVILLE,1/21/2019,10:22 AM,2,0,0,0,0,,,,N SALE,SR 46,,,,39.23384,-86.624704,LOCAL/CITY ROAD,N,URBAN,N,N,N,,DAYLIGHT,CLEAR,SNOW/SLUSH,,NO JUNCTION INVOLVED,STRAIGHT/LEVEL,ASPHALT,FAILURE TO YIELD RIGHT OF WAY,OTHER - EXPLAIN IN NARRATIVE,SALESTTEMPERANCEST,TRAFFIC CONTROL SIGNAL