Agency,City,Collision Date,Collision Time,Vehicles Involved,Trailers Involved,Number Injured,Number Dead,Number Deer,House Number,Roadway Interchange,Roadway Ramp,Roadway Id,Intersecting Road,Interchange,Feet From,Direction,Latitude,Longitude,Roadway Class,Hit and Run?,Locality,School Zone?,Rumble Strips?,Construction?,Construction Type,Light Condition,Weather Conditions,Surface Condition,Type of Median,Roadway Junction Type,Road Character,Roadway Surface,Primary Factor,Manner of Collision,Unique Location Id,Traffic Control
MONROE SD,BLOOMINGTON,1/21/2019,3:41 PM,1,0,0,0,0,,,,E BETHEL,N HINKLE RD,,1550,E,0,0,COUNTY ROAD,N,RURAL,N,N,N,,DAYLIGHT,CLEAR,SNOW/SLUSH,,NO JUNCTION INVOLVED,CURVE/GRADE,ASPHALT,UNSAFE SPEED,RAN OFF ROAD,BETHELRDHINKLEST,NO PASSING ZONE
ISP BLOOMINGTON 33,BLOOMINGTON,1/21/2019,12:30 PM,1,0,0,0,0,,,,E BOLTINGHOUSE,E EARL YOUNG RD,,1000,W,39.23031,-86.47329352,COUNTY ROAD,N,RURAL,N,N,N,,DAYLIGHT,CLEAR,ICE,,NO JUNCTION INVOLVED,STRAIGHT/LEVEL,ASPHALT,RAN OFF ROAD RIGHT,RAN OFF ROAD,EASTBOLTINGHOUSERDEASTEARLYOUGRD,NONE
BLOOMINGTON PD,BLOOMINGTON,1/21/2019,2:50 PM,1,0,0,0,0,,,,I-69,,,500,S,39.1927708,-86.5546017,STATE ROAD,N,URBAN,N,Y,N,,DAYLIGHT,CLEAR,ICE,,NO JUNCTION INVOLVED,STRAIGHT/LEVEL,ASPHALT,ROADWAY SURFACE CONDITION,COLLISION WITH OBJECT IN ROAD,SR37SSR46W,NONE
ISP BLOOMINGTON 33,BLOOMINGTON,1/21/2019,12:45 PM,1,0,0,0,0,,,,I-69 N,,,,,0,0,INTERSTATE,N,RURAL,N,N,N,,DAYLIGHT,CLEAR,SNOW/SLUSH,,NO JUNCTION INVOLVED,CURVE/GRADE,ASPHALT,SPEED TOO FAST FOR WEATHER CONDITIONS,RAN OFF ROAD,I69110.5,LANE CONTROL
ISP BLOOMINGTON 33,BLOOMINGTON,1/21/2019,1:38 PM,1,0,0,0,0,,,,I-69 N,,,,,0,0,INTERSTATE,N,RURAL,N,N,N,,DAYLIGHT,CLEAR,SNOW/SLUSH,,NO JUNCTION INVOLVED,CURVE/GRADE,ASPHALT,SPEED TOO FAST FOR WEATHER CONDITIONS,RAN OFF ROAD,I69113.0,LANE CONTROL
MONROE SD,ELLETTSVILLE,1/21/2019,10:42 AM,1,0,0,0,0,,,,N MT TABOR,W ALFRED LN,,500,S,39.23607969,-86.62537,COUNTY ROAD,N,RURAL,N,N,N,,DAYLIGHT,CLEAR,ICE,,NO JUNCTION INVOLVED,CURVE/GRADE,ASPHALT,RAN OFF ROAD RIGHT,RAN OFF ROAD,NMOUNTTABORRDWALFREDLN,NO PASSING ZONE
MONROE SD,BLOOMINGTON,1/21/2019,3:43 PM,2,0,0,0,0,,,,S CURRY,W BROADWAY AVE,,50,S,39.16584,-86.582992,LOCAL/CITY ROAD,N,URBAN,N,N,N,,DAYLIGHT,CLEAR,SNOW/SLUSH,,NO JUNCTION INVOLVED,STRAIGHT/LEVEL,ASPHALT,OTHER (DRIVER) - EXPLAIN IN NARRATIVE,REAR END,SCURRYPIKEWBROADWAYAVE,STOP SIGN
MONROE SD,BLOOMINGTON,1/21/2019,6:37 AM,1,0,0,0,0,,,,S OLD SR 37,,,1500,S,38.93463351,-86.54416,COUNTY ROAD,N,RURAL,N,N,N,,DARK (NOT LIGHTED),CLEAR,ICE,,NO JUNCTION INVOLVED,STRAIGHT/GRADE,ASPHALT,RAN OFF ROAD RIGHT,RAN OFF ROAD,DILLMANRDSOUTHOLDSTRD37RD,NONE
MONROE SD,BLOOMINGTON,1/21/2019,5:23 PM,1,0,0,0,0,,,,S SHIELDS RIDGE,E RAMP CREEK RD,,750,S,39.083024,-86.472912,COUNTY ROAD,N,RURAL,N,N,N,,DAYLIGHT,CLOUDY,ICE,,NO JUNCTION INVOLVED,CURVE/GRADE,ASPHALT,SPEED TOO FAST FOR WEATHER CONDITIONS,RAN OFF ROAD,RAMPCREEKRDSHIELDSRIDGERD,NONE
MONROE SD,BLOOMINGTON,1/21/2019,11:56 PM,1,0,0,0,0,,,,S WALNUT,,,1000,S,39.092944,-86.544,LOCAL/CITY ROAD,N,RURAL,N,N,N,,DARK (NOT LIGHTED),CLEAR,ICE,,NO JUNCTION INVOLVED,STRAIGHT/GRADE,ASPHALT,RAN OFF ROAD RIGHT,RAN OFF ROAD,EDILLMANRDSOLDSR37RD,NO PASSING ZONE
MONROE SD,BLOOMINGTON,1/21/2019,4:53 PM,1,0,0,0,0,,,,W FULLERTON,S SIMS DR,,,,39.12311,-86.57821,COUNTY ROAD,N,RURAL,N,N,N,,DAYLIGHT,CLEAR,SNOW/SLUSH,,NO JUNCTION INVOLVED,STRAIGHT/LEVEL,ASPHALT,RAN OFF ROAD RIGHT,RAN OFF ROAD,FULLERTONPIKESIMSLN,NONE
MONROE SD,BLOOMINGTON,1/21/2019,7:00 AM,2,0,0,0,0,,,,W LEONARD SPRINGS,W FULLERTON PIKE,,,,39.123405,-86.582375,COUNTY ROAD,N,RURAL,N,N,N,,DAWN/DUSK,CLOUDY,ICE,,NO JUNCTION INVOLVED,CURVE/GRADE,ASPHALT,FAILURE TO YIELD RIGHT OF WAY,OPPOSITE DIRECTION SIDESWIPE,FULLERTONPIKELEONARDSPRINGSRD,NONE
BLOOMINGTON PD,BLOOMINGTON,1/21/2019,11:43 AM,2,0,0,0,0,,,,W OLD SR 37,CASCADES PARK TRAIL,,,,0,0,STATE ROAD,N,URBAN,N,N,N,,DAYLIGHT,CLEAR,SNOW/SLUSH,,NO JUNCTION INVOLVED,STRAIGHT/LEVEL,ASPHALT,LEFT OF CENTER,OPPOSITE DIRECTION SIDESWIPE,CASCADEPARKTRLSR37N,TRAFFIC CONTROL SIGNAL
MONROE SD,BLOOMINGTON,1/21/2019,8:30 PM,1,0,0,0,0,,,,W TAPP,S RAYLE PL,,,,39.13704,-86.577504,LOCAL/CITY ROAD,N,RURAL,N,N,N,,DARK (NOT LIGHTED),SNOW,SNOW/SLUSH,,NO JUNCTION INVOLVED,STRAIGHT/GRADE,ASPHALT,RAN OFF ROAD RIGHT,RAN OFF ROAD,SRAYLEPLWTAPPRD,LANE CONTROL
MONROE SD,BLOOMINGTON,1/21/2019,8:59 PM,1,0,0,0,0,,,,W TAPP,S RAYLE PL,,,,39.13704,-86.577504,COUNTY ROAD,N,URBAN,N,N,N,,DARK (NOT LIGHTED),CLEAR,SNOW/SLUSH,,T-INTERSECTION,STRAIGHT/GRADE,ASPHALT,RAN OFF ROAD RIGHT,RAN OFF ROAD,RAYLEPLTAPPRD,NONE
INDIANA UNIV BLOOMINGTON PD,BLOOMINGTON,1/22/2019,6:40 PM,2,0,0,0,0,,,,SR 45,SR 45/46,,,,39.176848,-86.478192,LOCAL/CITY ROAD,N,URBAN,N,N,N,,DARK (NOT LIGHTED),CLEAR,WET,,FOUR-WAY INTERSECTION,STRAIGHT/GRADE,ASPHALT,FOLLOWING TOO CLOSELY,REAR END,SR45/46BYPASS10THSTREET,TRAFFIC CONTROL SIGNAL
BLOOMINGTON PD,BLOOMINGTON,1/22/2019,6:32 PM,2,0,0,0,0,,,,S ROGERS,W KIRKWOOD AVE,,100,W,39.166672,-86.538608,LOCAL/CITY ROAD,N,URBAN,N,N,N,,DAWN/DUSK,SNOW,WET,,T-INTERSECTION,STRAIGHT/LEVEL,ASPHALT,FAILURE TO YIELD RIGHT OF WAY,LEFT TURN,SROGERSSTWKIRKWOODRD,NONE
ISP BLOOMINGTON 33,BLOOMINGTON,1/22/2019,8:15 AM,1,0,0,0,0,,,,E SMITHVILLE,SR 37,,,,39.16424,-86.480688,COUNTY ROAD,N,RURAL,N,N,N,,DAYLIGHT,CLOUDY,ICE,,FOUR-WAY INTERSECTION,STRAIGHT/GRADE,ASPHALT,SPEED TOO FAST FOR WEATHER CONDITIONS,RAN OFF ROAD,SMITHVILLERDSR37,STOP SIGN
ISP BLOOMINGTON 33,BLOOMINGTON,1/22/2019,9:45 AM,2,0,0,0,0,,,,S VICTOR,SR 37,,,,0,0,COUNTY ROAD,N,RURAL,N,N,N,,DAYLIGHT,CLOUDY,SNOW/SLUSH,,FOUR-WAY INTERSECTION,STRAIGHT/LEVEL,ASPHALT,UNSAFE BACKING,BACKING CRASH,SR37VICTORPIKE,TRAFFIC CONTROL SIGNAL
BLOOMINGTON PD,BLOOMINGTON,1/22/2019,5:26 PM,2,0,4,0,0,,,,W ALLEN,S ADAMS ST,,250,E,39.15586,-86.55057163,LOCAL/CITY ROAD,N,URBAN,N,N,N,,DAYLIGHT,CLEAR,WET,,NO JUNCTION INVOLVED,STRAIGHT/GRADE,ASPHALT,LEFT OF CENTER,HEAD ON BETWEEN TWO MOTOR VEHICLES,ADAMSSTALLENST,NONE
MONROE SD,BLOOMINGTON,1/22/2019,9:38 AM,2,0,0,0,0,,,,E FLEENER,N LOWER BIRDIE GALYAN RD,,500,E,0,0,COUNTY ROAD,N,RURAL,N,N,N,,DAYLIGHT,CLEAR,LOOSE MATERIAL ON ROAD,,NO JUNCTION INVOLVED,CURVE/GRADE,ASPHALT,LEFT OF CENTER,OPPOSITE DIRECTION SIDESWIPE,EFLEENERRDNLOWERBIRDIEGALYANRD,NONE
ISP BLOOMINGTON 33,BLOOMINGTON,1/22/2019,7:40 AM,2,1,0,0,0,,,,I-69 S,,,50,N,0,0,INTERSTATE,N,RURAL,N,N,Y,LANE CLOSURE,DAYLIGHT,CLOUDY,DRY,,NO JUNCTION INVOLVED,STRAIGHT/LEVEL,ASPHALT,UNSAFE LANE MOVEMENT,SAME DIRECTION SIDESWIPE,I69128.6,LANE CONTROL
MONROE SD,BLOOMINGTON,1/22/2019,5:58 AM,2,0,0,0,0,,,,N PROFILE,W ZENITH DR,,,,39.17048,-86.59237,COUNTY ROAD,N,URBAN,N,N,N,,DARK (NOT LIGHTED),CLOUDY,ICE,,T-INTERSECTION,STRAIGHT/LEVEL,ASPHALT,SPEED TOO FAST FOR WEATHER CONDITIONS,REAR END,PROFILEPKWYZENITHDR,STOP SIGN
ISP BLOOMINGTON 33,BLOOMINGTON,1/22/2019,10:20 AM,1,0,0,0,0,,,,S KETCHUM,W THRASHER RD,,200,S,38.9999941,-86.57440067,COUNTY ROAD,N,RURAL,N,N,N,,DAYLIGHT,CLOUDY,SNOW/SLUSH,,NO JUNCTION INVOLVED,STRAIGHT/LEVEL,ASPHALT,SPEED TOO FAST FOR WEATHER CONDITIONS,RAN OFF ROAD,KETCHUMRDTHRASHERRD,LANE CONTROL
BLOOMINGTON PD,BLOOMINGTON,1/22/2019,3:20 PM,1,0,1,0,0,,,,S ROGERS,W 1ST ST,,,,39.159504,-86.538592,LOCAL/CITY ROAD,N,URBAN,N,N,N,,DAYLIGHT,CLOUDY,WET,,FOUR-WAY INTERSECTION,STRAIGHT/LEVEL,ASPHALT,RAN OFF ROAD RIGHT,RAN OFF ROAD,SOUTHROGERSSTWEST1STST,STOP SIGN
ISP BLOOMINGTON 33,BLOOMINGTON,1/22/2019,8:58 AM,1,0,0,0,0,,,,S WALNUT,E EMPIRE MILL RD,,200,N,39.08624,-86.542,COUNTY ROAD,N,RURAL,N,N,N,,DAYLIGHT,CLOUDY,SNOW/SLUSH,,NO JUNCTION INVOLVED,STRAIGHT/GRADE,ASPHALT,SPEED TOO FAST FOR WEATHER CONDITIONS,RAN OFF ROAD,EMPIREMILLRDOLDSR37HWY,LANE CONTROL
INDIANA UNIV BLOOMINGTON PD,BLOOMINGTON,1/23/2019,5:45 PM,2,0,0,0,0,,,,SR 45/46,E 10TH ST,,703,N,39.24094212,-86.46258,STATE ROAD,N,URBAN,N,N,N,,DAWN/DUSK,CLEAR,DRY,,FOUR-WAY INTERSECTION,STRAIGHT/LEVEL,ASPHALT,FOLLOWING TOO CLOSELY,REAR END,SR46UNIONVILLERD,NONE
BLOOMINGTON PD,BLOOMINGTON,1/23/2019,9:05 AM,2,0,0,0,0,,,,SR 45/46,N COLLEGE AVE,,100,W,39.186352,-86.534704,STATE ROAD,N,URBAN,N,N,N,,DAYLIGHT,RAIN,WET,,NO JUNCTION INVOLVED,STRAIGHT/LEVEL,ASPHALT,FOLLOWING TOO CLOSELY,REAR END,COLLEGEAVESR4546E,LANE CONTROL
BLOOMINGTON PD,BLOOMINGTON,1/23/2019,5:54 PM,2,0,0,0,0,,,,KINGSTON DR S,SR 46,,300,S,39.13248699,-86.49304,LOCAL/CITY ROAD,N,URBAN,N,N,N,,DAWN/DUSK,CLEAR,WET,,FOUR-WAY INTERSECTION,STRAIGHT/LEVEL,ASPHALT,FAILURE TO YIELD RIGHT OF WAY,RIGHT ANGLE,ETHIRDSTSKINGSTONDR,OTHER REGULATORY SIGN/MARKING
BLOOMINGTON PD,BLOOMINGTON,1/23/2019,9:43 AM,2,0,0,0,0,,,,N GATES,N JACOB DR,,,,39.16562,-86.576,LOCAL/CITY ROAD,N,URBAN,N,N,N,,DAYLIGHT,RAIN,WET,,T-INTERSECTION,STRAIGHT/LEVEL,ASPHALT,FAILURE TO YIELD RIGHT OF WAY,RIGHT ANGLE,GATESDRJACOBDR,STOP SIGN
INDIANA UNIV BLOOMINGTON PD,BLOOMINGTON,1/23/2019,6:30 PM,2,0,0,0,0,,,,SR 45/46,N MILO B SAMPSON LN,,,,39.18622,-86.52215,STATE ROAD,N,URBAN,N,N,N,,DARK (LIGHTED),CLOUDY,WET,,NO JUNCTION INVOLVED,STRAIGHT/LEVEL,ASPHALT,UNSAFE LANE MOVEMENT,SAME DIRECTION SIDESWIPE,NMILOBSAMPSONLNSR46,NONE
MONROE SD,BLOOMINGTON,1/23/2019,7:20 AM,2,0,1,0,0,,,,W ALLEN,S ADAMS ST,,,,39.155952,-86.550592,LOCAL/CITY ROAD,N,URBAN,N,N,N,,DARK (NOT LIGHTED),RAIN,WET,,FOUR-WAY INTERSECTION,STRAIGHT/GRADE,ASPHALT,FAILURE TO YIELD RIGHT OF WAY,SAME DIRECTION SIDESWIPE,SADAMSSTWALLENST,STOP SIGN
BLOOMINGTON PD,BLOOMINGTON,1/23/2019,9:18 AM,2,0,1,0,0,,,,N KINSER,W VAUGHN CLIPP WAY,,,,0,0,LOCAL/CITY ROAD,N,URBAN,N,N,N,,DAYLIGHT,RAIN,WET,,FOUR-WAY INTERSECTION,STRAIGHT/GRADE,ASPHALT,FOLLOWING TOO CLOSELY,REAR END,NKINSERPIKEVAUGHNCLIPWAY,LANE CONTROL
BLOOMINGTON PD,BLOOMINGTON,1/23/2019,1:13 PM,2,0,0,0,0,,,,S FRANKLIN,W 3RD ST,,,,39.164688,-86.5712,LOCAL/CITY ROAD,N,URBAN,N,N,N,,DAYLIGHT,RAIN,WET,,NO JUNCTION INVOLVED,STRAIGHT/GRADE,ASPHALT,FOLLOWING TOO CLOSELY,REAR END,FRANKLINRDW3RDST,NONE
BLOOMINGTON PD,BLOOMINGTON,1/23/2019,7:40 AM,2,0,0,0,0,,,,S OLCOTT,S KINGS CT,,200,N,39.16180596,-86.48702,LOCAL/CITY ROAD,Y,URBAN,N,N,N,,DAWN/DUSK,RAIN,WET,,NO JUNCTION INVOLVED,CURVE/GRADE,ASPHALT,LEFT OF CENTER,OPPOSITE DIRECTION SIDESWIPE,KINGSCTOLCOTTBLVD,NONE
BLOOMINGTON PD,BLOOMINGTON,1/23/2019,12:29 PM,2,0,0,0,0,,,,W 3RD,,,,,0,0,LOCAL/CITY ROAD,Y,URBAN,N,N,N,,DAYLIGHT,RAIN,WET,,FOUR-WAY INTERSECTION,STRAIGHT/LEVEL,ASPHALT,FOLLOWING TOO CLOSELY,REAR END,I69W3RDST,TRAFFIC CONTROL SIGNAL
MONROE SD,BLOOMINGTON,1/23/2019,5:14 PM,2,0,0,0,0,,,,W CHURCH,S VICTOR PIKE,,,,39.10745,-86.54986,LOCAL/CITY ROAD,N,URBAN,N,N,N,,DAWN/DUSK,CLOUDY,WET,,T-INTERSECTION,STRAIGHT/HILLCREST,ASPHALT,SPEED TOO FAST FOR WEATHER CONDITIONS,REAR END,SVICTORPIKEWCHURCHLN,STOP SIGN
MONROE SD,BLOOMINGTON,1/24/2019,6:31 PM,2,0,0,0,0,,,,N CURRY,W VERNAL PIKE,,,,39.179248,-86.5832,COUNTY ROAD,N,RURAL,N,N,N,,DARK (NOT LIGHTED),SLEET/HAIL/FREEZING RAIN,WET,,NO JUNCTION INVOLVED,STRAIGHT/LEVEL,ASPHALT,FAILURE TO YIELD RIGHT OF WAY,LEFT/RIGHT TURN,CURRYPIKEVERNALPIKE,TRAFFIC CONTROL SIGNAL
BLOOMINGTON PD,BLOOMINGTON,1/24/2019,1:21 AM,1,0,1,0,0,,,,N COLLEGE,W 15TH ST,,,,39.17688,-86.534736,LOCAL/CITY ROAD,N,URBAN,N,N,N,,DARK (LIGHTED),CLEAR,DRY,,T-INTERSECTION,STRAIGHT/GRADE,ASPHALT,DRIVER ASLEEP OR FATIGUED,OTHER - EXPLAIN IN NARRATIVE,NCOLLEGEAVEW15THST,NONE
BLOOMINGTON PD,BLOOMINGTON,1/24/2019,11:50 PM,2,0,0,0,0,,,,N WALDRON,W 6TH ST,,100,N,39.17820526,-86.54373,LOCAL/CITY ROAD,Y,URBAN,N,N,N,,DARK (NOT LIGHTED),CLEAR,DRY,,NO JUNCTION INVOLVED,STRAIGHT/GRADE,ASPHALT,OTHER (DRIVER) - EXPLAIN IN NARRATIVE,SAME DIRECTION SIDESWIPE,6THSTWALDRONST,NONE
MONROE SD,BLOOMINGTON,1/24/2019,1:43 PM,1,0,0,0,0,,,,W HERITAGE,S CURRY PIKE,,30,N,39.153504,-86.58272,LOCAL/CITY ROAD,N,URBAN,N,N,N,,DAYLIGHT,CLOUDY,DRY,,T-INTERSECTION,STRAIGHT/GRADE,ASPHALT,OTHER (DRIVER) - EXPLAIN IN NARRATIVE,COLLISION WITH OBJECT IN ROAD,SCURRYPIKEWHERITAGEWAY,NONE
BLOOMINGTON PD,BLOOMINGTON,1/24/2019,7:25 PM,2,0,1,0,0,,,,W TAPP,S ROCKPORT RD,,100,W,39.13635,-86.54874134,LOCAL/CITY ROAD,N,URBAN,N,N,N,,DARK (LIGHTED),CLEAR,WET,,NO JUNCTION INVOLVED,STRAIGHT/GRADE,ASPHALT,CELL PHONE USAGE,REAR END,SROCKPORTRDWTAPPRD,NONE
INDIANA UNIV BLOOMINGTON PD,BLOOMINGTON,1/25/2019,6:00 PM,1,0,0,0,0,,,,N INDIANA,E 17TH ST,,,,39.160855,-86.52593002,LOCAL/CITY ROAD,N,URBAN,N,N,N,,DARK (NOT LIGHTED),CLEAR,DRY,,NO JUNCTION INVOLVED,STRAIGHT/LEVEL,OTHER - EXPLAIN IN NARRATIVE,IMPROPER TURNING,OTHER - EXPLAIN IN NARRATIVE,FESSAVEINDIANAAVE,LANE CONTROL
BLOOMINGTON PD,BLOOMINGTON,1/25/2019,6:13 PM,2,0,1,0,0,,,,N WALNUT,W OLD SR 37,,,,39.250688,-86.529744,STATE ROAD,N,RURAL,N,N,N,,DAWN/DUSK,CLEAR,DRY,,FOUR-WAY INTERSECTION,STRAIGHT/LEVEL,ASPHALT,FOLLOWING TOO CLOSELY,REAR END,NWALNUTSTSR37N,TRAFFIC CONTROL SIGNAL
BLOOMINGTON PD,BLOOMINGTON,1/25/2019,6:43 PM,2,0,0,0,0,,,,W 17TH,N WILLIS DR,,125,W,39.179104,-86.544016,LOCAL/CITY ROAD,N,URBAN,N,N,N,,DARK (NOT LIGHTED),CLEAR,DRY,,NO JUNCTION INVOLVED,STRAIGHT/GRADE,ASPHALT,FOLLOWING TOO CLOSELY,REAR END,NWILLISDRW17THST,NONE
MONROE SD,BLOOMINGTON,1/25/2019,3:46 PM,2,0,0,0,0,,,,E BETHEL,N HINKLE RD,,,,39.212848,-86.505392,COUNTY ROAD,N,RURAL,N,N,N,,DAYLIGHT,CLEAR,DRY,,T-INTERSECTION,STRAIGHT/LEVEL,ASPHALT,FOLLOWING TOO CLOSELY,REAR END,EBETHELLNNHINKLERD,NONE
MONROE SD,BLOOMINGTON,1/25/2019,7:05 AM,1,0,0,0,0,,,,N BOTTOM,,,1500,N,39.251728,-86.545952,LOCAL/CITY ROAD,N,RURAL,N,N,N,,DARK (NOT LIGHTED),CLEAR,ICE,,NO JUNCTION INVOLVED,STRAIGHT/LEVEL,ASPHALT,RAN OFF ROAD RIGHT,RAN OFF ROAD,NBOTTOMRDWYLIERD,NONE
INDIANA UNIV BLOOMINGTON PD,BLOOMINGTON,1/25/2019,10:23 AM,1,0,1,0,0,,,,N WOODLAWN,E 7TH ST,,,,39.16864,-86.523392,,Y,URBAN,N,N,N,,DAYLIGHT,CLEAR,DRY,,FOUR-WAY INTERSECTION,STRAIGHT/LEVEL,ASPHALT,OTHER (DRIVER) - EXPLAIN IN NARRATIVE,LEFT TURN,E7THSTWOODLAWNAVE,STOP SIGN
ISP BLOOMINGTON 33,BLOOMINGTON,1/25/2019,1:15 PM,3,0,0,0,0,,,,SR 45,S DUNCAN RD,,100,W,39.13485593,-86.59645375,STATE ROAD,N,RURAL,N,N,N,,DAYLIGHT,CLEAR,DRY,,NO JUNCTION INVOLVED,STRAIGHT/GRADE,ASPHALT,LEFT OF CENTER,OPPOSITE DIRECTION SIDESWIPE,SOUTHDUNCANRDSR45,LANE CONTROL
BLOOMINGTON PD,BLOOMINGTON,1/26/2019,8:00 PM,2,0,1,0,0,,,,S COLLEGE MALL,E 3RD ST,,,,39.16424,-86.4984,LOCAL/CITY ROAD,N,URBAN,N,N,N,,DARK (LIGHTED),SNOW,SNOW/SLUSH,,FOUR-WAY INTERSECTION,STRAIGHT/LEVEL,ASPHALT,FOLLOWING TOO CLOSELY,REAR END,COLLEGEMALLRDE3RDST,TRAFFIC CONTROL SIGNAL
BLOOMINGTON PD,BLOOMINGTON,1/26/2019,4:30 PM,2,0,0,0,0,,,,N COLLEGE,W KIRKWOOD AVE,,,,39.16664,-86.5348,LOCAL/CITY ROAD,Y,URBAN,N,N,N,,DAYLIGHT,BLOWING SAND/SOIL/SNOW,SNOW/SLUSH,,T-INTERSECTION,STRAIGHT/GRADE,ASPHALT,UNSAFE LANE MOVEMENT,SAME DIRECTION SIDESWIPE,NCOLLEGEAVEWKIRKWOODAVE,NONE
BLOOMINGTON PD,BLOOMINGTON,1/26/2019,11:58 PM,2,0,0,0,0,,,,E 7TH,N WASHINGTON ST,,50,W,39.16864,-86.53257642,LOCAL/CITY ROAD,N,URBAN,N,N,N,,DARK (LIGHTED),SNOW,WET,,NO JUNCTION INVOLVED,STRAIGHT/GRADE,ASPHALT,OTHER (DRIVER) - EXPLAIN IN NARRATIVE,SAME DIRECTION SIDESWIPE,7THSTWASHINGTONST,LANE CONTROL
MONROE SD,BLOOMINGTON,1/26/2019,7:30 PM,1,0,0,0,0,4041,,,E BETHEL,,,,,39.21406241,-86.47899777,LOCAL/CITY ROAD,N,RURAL,N,N,N,,DARK (NOT LIGHTED),CLOUDY,ICE,,NO JUNCTION INVOLVED,STRAIGHT/GRADE,ASPHALT,ROADWAY SURFACE CONDITION,RAN OFF ROAD,EBETHELLN,LANE CONTROL
BLOOMINGTON PD,BLOOMINGTON,1/26/2019,9:19 PM,2,0,1,0,0,,,,E HILLSIDE,S OLIVE ST,,10,W,39.150656,-86.5188,LOCAL/CITY ROAD,N,URBAN,N,N,N,,DARK (NOT LIGHTED),CLEAR,WET,,NO JUNCTION INVOLVED,STRAIGHT/LEVEL,ASPHALT,LEFT OF CENTER,OPPOSITE DIRECTION SIDESWIPE,EHILLSIDEDRSOLIVEST,NONE
MONROE SD,BLOOMINGTON,1/26/2019,10:51 PM,1,0,0,0,0,,,,N RUSSELL,E COMMODORE TRAIL,,750,N,39.26627351,-86.48181,LOCAL/CITY ROAD,N,RURAL,N,N,N,,DARK (NOT LIGHTED),SNOW,SNOW/SLUSH,,NO JUNCTION INVOLVED,CURVE/GRADE,ASPHALT,RAN OFF ROAD RIGHT,RAN OFF ROAD,ECOMMODORETRLNRUSSELLRD,NONE
MONROE SD,BLOOMINGTON,1/26/2019,6:29 PM,1,0,0,0,0,,,,S BREEDEN,W GRAVES RD,,500,S,39.058176,-86.671264,LOCAL/CITY ROAD,N,RURAL,N,N,N,,DARK (NOT LIGHTED),SNOW,SNOW/SLUSH,,NO JUNCTION INVOLVED,STRAIGHT/GRADE,ASPHALT,RAN OFF ROAD RIGHT,RAN OFF ROAD,SBREEDENRDWGRAVESRD,NONE
MONROE SD,BLOOMINGTON,1/26/2019,7:01 PM,1,0,0,0,0,,,,S STRAIN RIDGE,GREEN ST,,405,N,39.10127054,-86.50779,COUNTY ROAD,N,RURAL,N,N,N,,DARK (NOT LIGHTED),SNOW,ICE,,NO JUNCTION INVOLVED,STRAIGHT/HILLCREST,ASPHALT,RAN OFF ROAD RIGHT,RAN OFF ROAD,GREENSTSTRAINRIDGERD,NONE
MONROE SD,BLOOMINGTON,1/26/2019,7:05 PM,1,0,1,0,0,,,,S WALNUT,,,300,N,39.099408,-86.537904,COUNTY ROAD,N,RURAL,N,N,N,,DARK (NOT LIGHTED),SNOW,ICE,NONE,T-INTERSECTION,CURVE/LEVEL,ASPHALT,SPEED TOO FAST FOR WEATHER CONDITIONS,RAN OFF ROAD,SOLDSTATE37RDSROGERSST,NONE
MONROE SD,BLOOMINGTON,1/26/2019,12:40 PM,1,0,0,0,0,1200,,,SMITHVILLE,,,,,39.06803017,-86.522058,COUNTY ROAD,N,RURAL,N,N,N,,DAYLIGHT,CLOUDY,DRY,,NO JUNCTION INVOLVED,STRAIGHT/HILLCREST,ASPHALT,DRIVER ASLEEP OR FATIGUED,RAN OFF ROAD,SMITHVILLERDS,NONE
BLOOMINGTON PD,BLOOMINGTON,1/26/2019,11:48 AM,2,0,0,0,0,,,,SR 48,ENTRANCE TO KROGER GAS PUMPS,,,,0,0,LOCAL/CITY ROAD,N,URBAN,N,N,N,,DAYLIGHT,CLOUDY,DRY,,T-INTERSECTION,STRAIGHT/GRADE,ASPHALT,FAILURE TO YIELD RIGHT OF WAY,RIGHT ANGLE,3RDSTENTRANCETOKROGERGASPUMPSDR,STOP SIGN
ISP BLOOMINGTON 33,BLOOMINGTON,1/27/2019,11:30 AM,2,0,0,0,0,,,,N CURRY,W JONATHAN DR,,,,39.16836,-86.58295,LOCAL/CITY ROAD,N,URBAN,N,N,N,,DAYLIGHT,CLEAR,WET,,FOUR-WAY INTERSECTION,STRAIGHT/LEVEL,ASPHALT,FAILURE TO YIELD RIGHT OF WAY,LEFT TURN,CURRYPIKEJONATHANDR,TRAFFIC CONTROL SIGNAL
INDIANA UNIV BLOOMINGTON PD,BLOOMINGTON,1/27/2019,2:20 PM,2,0,0,0,0,,,,E 17TH,N LINCOLN ST,,,,39.17904,-86.530848,LOCAL/CITY ROAD,N,URBAN,N,N,Y,WORK ON SHOULDER,DAYLIGHT,CLEAR,DRY,,NO JUNCTION INVOLVED,STRAIGHT/LEVEL,ASPHALT,FAILURE TO YIELD RIGHT OF WAY,LEFT TURN,EAST17THSTLINCOLNST,NONE
BLOOMINGTON PD,BLOOMINGTON,1/27/2019,4:55 PM,2,0,2,0,0,,,,E 2ND,S HENDERSON ST,,,,39.16136,-86.52722,LOCAL/CITY ROAD,N,URBAN,N,N,N,,DAYLIGHT,CLEAR,DRY,,FOUR-WAY INTERSECTION,STRAIGHT/LEVEL,ASPHALT,UNSAFE SPEED,HEAD ON BETWEEN TWO MOTOR VEHICLES,E2NDSTSHENDERSONST,STOP SIGN