Agency,City,Collision Date,Collision Time,Vehicles Involved,Trailers Involved,Number Injured,Number Dead,Number Deer,House Number,Roadway Interchange,Roadway Ramp,Roadway Id,Intersecting Road,Interchange,Feet From,Direction,Latitude,Longitude,Roadway Class,Hit and Run?,Locality,School Zone?,Rumble Strips?,Construction?,Construction Type,Light Condition,Weather Conditions,Surface Condition,Type of Median,Roadway Junction Type,Road Character,Roadway Surface,Primary Factor,Manner of Collision,Unique Location Id,Traffic Control
ISP BLOOMINGTON 33,BLOOMINGTON,1/27/2019,1:30 AM,1,0,0,0,0,,,,I-69 N,,,500,S,0,0,INTERSTATE,N,RURAL,N,N,N,,DARK (NOT LIGHTED),BLOWING SAND/SOIL/SNOW,ICE,,NO JUNCTION INVOLVED,CURVE/LEVEL,CONCRETE,SPEED TOO FAST FOR WEATHER CONDITIONS,OTHER - EXPLAIN IN NARRATIVE,I69106.5,LANE CONTROL
BLOOMINGTON PD,BLOOMINGTON,1/27/2019,12:00 PM,1,0,0,0,0,,,,N ADAMS,W 8TH ST,,150,S,39.169648,-86.54968,LOCAL/CITY ROAD,N,URBAN,Y,N,N,,DAYLIGHT,CLEAR,DRY,,NO JUNCTION INVOLVED,STRAIGHT/LEVEL,ASPHALT,OTHER (DRIVER) - EXPLAIN IN NARRATIVE,OTHER - EXPLAIN IN NARRATIVE,360NADAMSST8THST,LANE CONTROL
MONROE SD,BLOOMINGTON,1/27/2019,6:54 AM,1,0,0,0,0,,,,SR 446,S SWARTZ RIDGE RD,,,,39.1316,-86.447968,COUNTY ROAD,Y,RURAL,N,N,N,,DARK (NOT LIGHTED),SNOW,SNOW/SLUSH,,T-INTERSECTION,STRAIGHT/LEVEL,ASPHALT,RAN OFF ROAD RIGHT,RAN OFF ROAD,STRD446RDSWARTZRIDGERD,STOP SIGN
MONROE SD,BLOOMINGTON,1/27/2019,6:15 AM,1,0,0,0,0,7040,,,W TABOR HILL,N MT TABOR RD,,200,W,39.30645,-86.63238267,LOCAL/CITY ROAD,N,RURAL,N,N,N,,DARK (NOT LIGHTED),CLEAR,ICE,,NO JUNCTION INVOLVED,CURVE/LEVEL,ASPHALT,RAN OFF ROAD RIGHT,RAN OFF ROAD,7040WTABORHILLRDNMTTABORRD,NONE
BLOOMINGTON PD,BLOOMINGTON,1/28/2019,4:41 PM,2,0,1,0,0,,,,E 3RD,S COLLEGE MALL RD,,,,39.16424,-86.4984,LOCAL/CITY ROAD,N,URBAN,N,N,N,,DAYLIGHT,RAIN,WET,,FOUR-WAY INTERSECTION,STRAIGHT/LEVEL,ASPHALT,FAILURE TO YIELD RIGHT OF WAY,LEFT TURN,E3RDSTSCOLLEGEMALLRD,NONE
BLOOMINGTON PD,BLOOMINGTON,1/28/2019,5:20 PM,2,0,0,0,0,,,,S LIBERTY,SR 48,,100,S,39.15404055,-86.579295,LOCAL/CITY ROAD,N,URBAN,N,N,N,,DAWN/DUSK,CLOUDY,WET,,FOUR-WAY INTERSECTION,STRAIGHT/LEVEL,ASPHALT,FAILURE TO YIELD RIGHT OF WAY,RIGHT ANGLE,SLIBERTYDRW3RDST,NONE
BLOOMINGTON PD,BLOOMINGTON,1/28/2019,3:00 PM,2,1,0,0,0,,,,S COLLEGE,W 3RD ST,,,,39.16464,-86.534816,LOCAL/CITY ROAD,Y,,N,N,N,,DAYLIGHT,RAIN,WET,,FOUR-WAY INTERSECTION,STRAIGHT/GRADE,ASPHALT,FAILURE TO YIELD RIGHT OF WAY,SAME DIRECTION SIDESWIPE,SCOLLEGEAVEW3RDST,TRAFFIC CONTROL SIGNAL
INDIANA UNIV BLOOMINGTON PD,BLOOMINGTON,1/28/2019,8:37 AM,1,0,1,0,0,,,,N INDIANA,E 17TH ST,,,,39.179024,-86.5272,LOCAL/CITY ROAD,N,URBAN,N,N,N,,DAYLIGHT,CLOUDY,DRY,,T-INTERSECTION,STRAIGHT/LEVEL,ASPHALT,FAILURE TO YIELD RIGHT OF WAY,RIGHT ANGLE,EAST17THSTINDIANAAVE,STOP SIGN
INDIANA UNIV BLOOMINGTON PD,BLOOMINGTON,1/28/2019,7:05 PM,2,0,0,0,0,,,,E 11TH,N FEE LN,,606,N,39.171584,-86.518688,LOCAL/CITY ROAD,N,URBAN,N,N,N,,DARK (LIGHTED),RAIN,WET,,NO JUNCTION INVOLVED,STRAIGHT/LEVEL,ASPHALT,FOLLOWING TOO CLOSELY,REAR END,E11THSTFEELN,NONE
INDIANA UNIV BLOOMINGTON PD,BLOOMINGTON,1/28/2019,8:30 AM,1,0,0,0,0,,,,E 17TH,N WOODLAWN AVE,,,,39.178992,-86.523504,LOCAL/CITY ROAD,N,URBAN,N,N,N,,DAYLIGHT,CLOUDY,WET,,FOUR-WAY INTERSECTION,STRAIGHT/LEVEL,ASPHALT,OTHER (DRIVER) - EXPLAIN IN NARRATIVE,OTHER - EXPLAIN IN NARRATIVE,17THSTWOODLAWNAVE,LANE CONTROL
BLOOMINGTON PD,BLOOMINGTON,1/28/2019,9:42 AM,2,0,0,0,0,,,,E 9TH,N PARK AVE,,100,W,39.170544,-86.52491284,LOCAL/CITY ROAD,N,URBAN,N,N,N,,DAYLIGHT,CLOUDY,WET,,NO JUNCTION INVOLVED,STRAIGHT/LEVEL,OTHER - EXPLAIN IN NARRATIVE,HOLES/RUTS IN SURFACE,SAME DIRECTION SIDESWIPE,9THSTPARKAVE,NONE
BLOOMINGTON PD,BLOOMINGTON,1/28/2019,3:38 AM,1,0,0,0,0,,,,E MAXWELL,,,3000,E,39.15776,-86.50872952,LOCAL/CITY ROAD,N,URBAN,N,N,N,,DARK (NOT LIGHTED),CLEAR,DRY,,NO JUNCTION INVOLVED,STRAIGHT/LEVEL,ASPHALT,RAN OFF ROAD RIGHT,RAN OFF ROAD,HIGHSTMAXWELLAVE,OTHER REGULATORY SIGN/MARKING
INDIANA UNIV BLOOMINGTON PD,BLOOMINGTON,1/28/2019,11:20 AM,2,0,0,0,0,,,,S JORDAN,UNIVERSITY AVE,,200,N,39.18821882,-86.51599035,LOCAL/CITY ROAD,N,URBAN,N,N,N,,DAYLIGHT,CLEAR,WET,,NO JUNCTION INVOLVED,CURVE/GRADE,ASPHALT,FOLLOWING TOO CLOSELY,REAR END,JORDANAVEAVEUNIVERSITYAVE,NONE
BLOOMINGTON PD,BLOOMINGTON,1/29/2019,7:33 AM,2,0,0,0,0,,,,SR 45/46,N COLLEGE AVE,,,,39.186352,-86.534704,STATE ROAD,N,URBAN,N,N,N,,DAWN/DUSK,SNOW,SNOW/SLUSH,,FOUR-WAY INTERSECTION,STRAIGHT/LEVEL,ASPHALT,OTHER (DRIVER) - EXPLAIN IN NARRATIVE,OTHER - EXPLAIN IN NARRATIVE,COLLEGEAVESR4546W,TRAFFIC CONTROL SIGNAL
BLOOMINGTON PD,BLOOMINGTON,1/29/2019,7:12 AM,2,0,0,0,0,,,,SR 45/46,N WALNUT ST,,,,39.186368,-86.5344,STATE ROAD,N,URBAN,N,N,N,,DAWN/DUSK,CLOUDY,DRY,,NO JUNCTION INVOLVED,STRAIGHT/GRADE,ASPHALT,FAILURE TO YIELD RIGHT OF WAY,SAME DIRECTION SIDESWIPE,SR4546EWALNUTST,NONE
BLOOMINGTON PD,BLOOMINGTON,1/29/2019,3:15 PM,2,0,0,0,0,,,,S WALNUT,E 3RD ST,,,,39.16464,-86.5336,LOCAL/CITY ROAD,N,URBAN,N,N,N,,DAYLIGHT,CLEAR,DRY,,FOUR-WAY INTERSECTION,STRAIGHT/LEVEL,ASPHALT,FOLLOWING TOO CLOSELY,REAR END,E3RDSTSOUTHWALNUTST,TRAFFIC CONTROL SIGNAL
MONROE SD,BLOOMINGTON,1/29/2019,7:45 PM,2,0,0,0,0,,,,SR 46,W ARLINGTON RD,,,,39.209808,-86.582672,STATE ROAD,N,RURAL,N,N,N,,DARK (NOT LIGHTED),SNOW,SNOW/SLUSH,,FOUR-WAY INTERSECTION,STRAIGHT/GRADE,ASPHALT,FOLLOWING TOO CLOSELY,REAR END,ARLINGTONRDSR46W,TRAFFIC CONTROL SIGNAL
BLOOMINGTON PD,BLOOMINGTON,1/29/2019,1:25 PM,2,0,1,0,0,,,,S WALNUT,E MILLER DR,,300,S,39.14614153,-86.53230384,LOCAL/CITY ROAD,N,URBAN,N,N,N,,DAYLIGHT,CLEAR,DRY,,NO JUNCTION INVOLVED,STRAIGHT/LEVEL,ASPHALT,FOLLOWING TOO CLOSELY,REAR END,MILLERDRWALNUTST,NONE
BLOOMINGTON PD,BLOOMINGTON,1/29/2019,11:09 AM,2,0,0,0,0,,,,E 10TH,N DUNN ST,,,,39.17168,-86.528256,LOCAL/CITY ROAD,N,URBAN,N,N,N,,DAYLIGHT,CLEAR,DRY,,NO JUNCTION INVOLVED,STRAIGHT/LEVEL,ASPHALT,FOLLOWING TOO CLOSELY,REAR END,E10THSTNDUNNST,NONE
BLOOMINGTON PD,BLOOMINGTON,1/29/2019,6:55 PM,2,0,0,0,0,,,,E 17TH,N WALNUT ST,,150,E,39.178944,-86.533392,LOCAL/CITY ROAD,N,URBAN,N,N,N,,DARK (LIGHTED),BLOWING SAND/SOIL/SNOW,SNOW/SLUSH,,NO JUNCTION INVOLVED,STRAIGHT/GRADE,ASPHALT,FOLLOWING TOO CLOSELY,REAR END,E17THSTNWALNUTST,NONE
INDIANA UNIV BLOOMINGTON PD,BLOOMINGTON,1/29/2019,11:15 PM,2,0,0,0,0,,,,E LINGELBACH,E LINGELBACH LN,,500,E,39.17662,-86.50819325,LOCAL/CITY ROAD,N,URBAN,N,N,N,,DARK (LIGHTED),SNOW,ICE,,NO JUNCTION INVOLVED,CURVE/GRADE,ASPHALT,SPEED TOO FAST FOR WEATHER CONDITIONS,OTHER - EXPLAIN IN NARRATIVE,ELINGELBACHLNLINGELBACHLN,NONE
ISP BLOOMINGTON 33,BLOOMINGTON,1/29/2019,8:48 PM,1,0,0,0,0,,,,I-69 N,,,100,N,0,0,INTERSTATE,N,RURAL,N,Y,N,,DARK (NOT LIGHTED),SNOW,SNOW/SLUSH,,NO JUNCTION INVOLVED,CURVE/GRADE,ASPHALT,SPEED TOO FAST FOR WEATHER CONDITIONS,OTHER - EXPLAIN IN NARRATIVE,I69106.5,LANE CONTROL
MONROE SD,BLOOMINGTON,1/29/2019,7:32 PM,1,0,0,0,0,,,,I-69 N,,,2600,N,0,0,STATE ROAD,N,URBAN,N,Y,N,,DARK (LIGHTED),BLOWING SAND/SOIL/SNOW,SNOW/SLUSH,,NO JUNCTION INVOLVED,STRAIGHT/LEVEL,ASPHALT,ROADWAY SURFACE CONDITION,RAN OFF ROAD,SR69NWSAMPLERD,NONE
ISP BLOOMINGTON 33,BLOOMINGTON,1/29/2019,10:50 AM,1,0,0,0,0,,,,I-69 S,,,,,0,0,INTERSTATE,N,RURAL,N,Y,N,,DAYLIGHT,CLEAR,DRY,,NO JUNCTION INVOLVED,STRAIGHT/GRADE,ASPHALT,ANIMAL/OBJECT IN ROADWAY,COLLISION WITH OBJECT IN ROAD,I69130.5,LANE CONTROL
BLOOMINGTON PD,BLOOMINGTON,1/29/2019,8:35 PM,2,0,0,0,0,,,,N KINSER,W VAUGHN CLIPP WAY,,,,39.182355,-86.53774,LOCAL/CITY ROAD,N,URBAN,N,N,N,,DARK (LIGHTED),BLOWING SAND/SOIL/SNOW,SNOW/SLUSH,,T-INTERSECTION,STRAIGHT/HILLCREST,ASPHALT,UNSAFE SPEED,RIGHT ANGLE,NKINSERPIKEVAUGHNCLIPPDR,NONE
BLOOMINGTON PD,BLOOMINGTON,1/29/2019,7:10 PM,2,0,1,0,0,,,,N WALNUT,E 14TH ST,,,,39.175952,-86.53344,LOCAL/CITY ROAD,N,URBAN,N,N,N,,DARK (LIGHTED),SNOW,SNOW/SLUSH,,FOUR-WAY INTERSECTION,STRAIGHT/GRADE,ASPHALT,FAILURE TO YIELD RIGHT OF WAY,OTHER - EXPLAIN IN NARRATIVE,E14THSTNWALNUTST,STOP SIGN
MONROE SD,BLOOMINGTON,1/29/2019,6:43 PM,2,0,0,0,0,,,,S CRAMER,S WICKENS ST,,700,E,39.12455,-86.54780058,LOCAL/CITY ROAD,N,URBAN,N,N,N,,DARK (NOT LIGHTED),SNOW,SNOW/SLUSH,,NO JUNCTION INVOLVED,STRAIGHT/LEVEL,ASPHALT,UNSAFE BACKING,BACKING CRASH,SCRAMERCIRSWICKENSST,NONE
BLOOMINGTON PD,BLOOMINGTON,1/29/2019,8:59 AM,2,0,0,0,0,,,,W PATTERSON,S ROGERS ST,,60,W,39.153605,-86.5387248,LOCAL/CITY ROAD,N,URBAN,N,N,N,,DAYLIGHT,SNOW,DRY,,NO JUNCTION INVOLVED,STRAIGHT/LEVEL,ASPHALT,OTHER (DRIVER) - EXPLAIN IN NARRATIVE,REAR END,SROGERSSTWPATTERSONDR,LANE CONTROL
BLOOMINGTON PD,BLOOMINGTON,1/30/2019,4:30 PM,2,0,0,0,0,,,,SR 45,S LEONARD SPRINGS RD,,,,39.142048,-86.582592,LOCAL/CITY ROAD,Y,URBAN,N,N,N,,DAYLIGHT,CLEAR,DRY,,FOUR-WAY INTERSECTION,STRAIGHT/GRADE,ASPHALT,UNSAFE LANE MOVEMENT,SAME DIRECTION SIDESWIPE,SLEONARDSPRINGSRDWSTATEROAD45HWY,TRAFFIC CONTROL SIGNAL
BLOOMINGTON PD,BLOOMINGTON,1/30/2019,9:47 AM,2,0,0,0,0,,,,SR 45/46,N KINSER PIKE,,,,39.186544,-86.537888,STATE ROAD,N,URBAN,N,N,N,,DAYLIGHT,CLOUDY,SNOW/SLUSH,,FOUR-WAY INTERSECTION,STRAIGHT/LEVEL,ASPHALT,ROADWAY SURFACE CONDITION,REAR END,KINSERPIKESR4546E,TRAFFIC CONTROL SIGNAL
BLOOMINGTON PD,BLOOMINGTON,1/30/2019,5:58 AM,1,0,0,0,0,,,,SR 45/46,W ARLINGTON RD,Y,,,39.187184,-86.551408,STATE ROAD,N,URBAN,N,Y,N,,DARK (LIGHTED),SNOW,ICE,,NO JUNCTION INVOLVED,STRAIGHT/GRADE,ASPHALT,SPEED TOO FAST FOR WEATHER CONDITIONS,RAN OFF ROAD,ARLINGTONRDSR4546W,NONE
BLOOMINGTON PD,BLOOMINGTON,1/30/2019,9:19 AM,2,0,0,0,0,,,,S WALNUT,E NORTH DR,,,,39.14411,-86.53181,LOCAL/CITY ROAD,Y,URBAN,Y,N,N,,DAYLIGHT,CLOUDY,ICE,,T-INTERSECTION,STRAIGHT/GRADE,CONCRETE,FAILURE TO YIELD RIGHT OF WAY,RIGHT ANGLE,ENORTHDRSWALNUTST,NONE
BLOOMINGTON PD,BLOOMINGTON,1/30/2019,2:50 PM,2,0,0,0,0,,,,S PATTERSON,W 3RD ST,,,,39.16424,-86.551785,LOCAL/CITY ROAD,N,URBAN,Y,N,N,,DAYLIGHT,CLEAR,DRY,,T-INTERSECTION,STRAIGHT/LEVEL,ASPHALT,FAILURE TO YIELD RIGHT OF WAY,RIGHT ANGLE,SPATTERSONSTW3RDST,STOP SIGN
BLOOMINGTON PD,BLOOMINGTON,1/30/2019,7:36 PM,2,0,3,0,0,,,,E COVENANTER,S CLARIZZ BLVD,,,,39.15458,-86.491755,LOCAL/CITY ROAD,N,RURAL,N,N,N,,DARK (NOT LIGHTED),CLOUDY,ICE,,T-INTERSECTION,STRAIGHT/GRADE,ASPHALT,IMPROPER LANE USAGE,HEAD ON BETWEEN TWO MOTOR VEHICLES,ECOVENANTERDRSCLARIZZBLVD,LANE CONTROL
ISP BLOOMINGTON 33,BLOOMINGTON,1/30/2019,4:05 PM,1,0,0,0,0,,,,W FULLERTON,S SIMS DR,,,,39.12311,-86.57821,COUNTY ROAD,N,RURAL,N,N,N,,DAYLIGHT,CLEAR,ICE,,T-INTERSECTION,STRAIGHT/GRADE,ASPHALT,RAN OFF ROAD RIGHT,RAN OFF ROAD,FULLERTONPIKESIMSLN,LANE CONTROL
ISP BLOOMINGTON 33,BLOOMINGTON,1/31/2019,6:41 PM,2,0,0,0,0,,,,SR 48,S CURRY PIKE,,50,E,39.16464,-86.58282932,STATE ROAD,N,URBAN,N,N,N,,DARK (NOT LIGHTED),CLEAR,DRY,,NO JUNCTION INVOLVED,STRAIGHT/LEVEL,ASPHALT,UNSAFE SPEED,REAR END,CURRYPIKESR48,LANE CONTROL
INDIANA UNIV BLOOMINGTON PD,BLOOMINGTON,1/31/2019,8:35 PM,2,0,0,0,0,,,,E 3RD,S SWAIN AVE,,,,39.16425,-86.51526,LOCAL/CITY ROAD,N,URBAN,N,N,N,,DARK (LIGHTED),CLEAR,DRY,,T-INTERSECTION,STRAIGHT/GRADE,ASPHALT,IMPROPER TURNING,LEFT TURN,SWAINAVETHIRDST,LANE CONTROL
MONROE SD,BLOOMINGTON,1/31/2019,12:58 PM,2,0,2,0,0,,,,SR 45,N RUSSELL RD,,300,N,39.20115851,-86.4682168,STATE ROAD,N,RURAL,N,N,B,,DAYLIGHT,CLOUDY,DRY,NONE,NO JUNCTION INVOLVED,STRAIGHT/LEVEL,ASPHALT,FOLLOWING TOO CLOSELY,REAR END,NRUSSELLRDSR45E,OTHER REGULATORY SIGN/MARKING
MONROE SD,BLOOMINGTON,1/31/2019,1:44 AM,1,0,0,0,1,,,,E MONROE DAM,S STRAIN RIDGE RD,,200,W,39.02008,-86.53645269,COUNTY ROAD,N,RURAL,N,N,N,,DARK (NOT LIGHTED),CLOUDY,ICE,,NO JUNCTION INVOLVED,CURVE/GRADE,ASPHALT,ANIMAL/OBJECT IN ROADWAY,COLLISION WITH DEER,EMONROEDAMRDSSTRAINRIDGERD,NONE
BLOOMINGTON PD,BLOOMINGTON,1/31/2019,10:48 AM,2,0,0,0,0,,,,S LEONARD SPRINGS,W TAPP RD,,,,39.13683,-86.58261,LOCAL/CITY ROAD,N,URBAN,N,N,N,,DAYLIGHT,CLOUDY,DRY,,T-INTERSECTION,STRAIGHT/GRADE,ASPHALT,FOLLOWING TOO CLOSELY,REAR END,SLEONARDSPRINGSRDWTAPPRD,LANE CONTROL
INDIANA UNIV BLOOMINGTON PD,BLOOMINGTON,2/1/2019,4:46 PM,2,0,0,0,0,,,,E 3RD,S SWAIN AVE,,,,39.16425,-86.51526,LOCAL/CITY ROAD,N,URBAN,N,N,N,,DAYLIGHT,CLEAR,DRY,,NO JUNCTION INVOLVED,STRAIGHT/LEVEL,ASPHALT,UNSAFE LANE MOVEMENT,SAME DIRECTION SIDESWIPE,SWAINAVETHIRDST,NONE
INDIANA UNIV BLOOMINGTON PD,BLOOMINGTON,2/1/2019,6:05 PM,2,0,0,0,0,,,,N JORDAN,E 17TH ST,,30,N,39.1789304,-86.511088,LOCAL/CITY ROAD,N,URBAN,N,N,N,,DARK (LIGHTED),CLEAR,DRY,,NO JUNCTION INVOLVED,STRAIGHT/LEVEL,ASPHALT,FAILURE TO YIELD RIGHT OF WAY,LEFT TURN,17THSTJORDANAVE,NONE
ISP BLOOMINGTON 33,BLOOMINGTON,2/1/2019,7:42 AM,1,0,0,0,0,,,,SR 37,S OLD SR 37,,1800,S,39.08149917,-86.538823,STATE ROAD,N,RURAL,N,N,N,,DAWN/DUSK,CLOUDY,ICE,,NO JUNCTION INVOLVED,STRAIGHT/GRADE,ASPHALT,SPEED TOO FAST FOR WEATHER CONDITIONS,RAN OFF ROAD,OLDSTATEROAD37RDSR37,LANE CONTROL
MONROE SD,BLOOMINGTON,2/1/2019,7:34 AM,2,0,2,0,0,,,,SR 45,W HINDS RD,,1584,W,39.0973111,-86.65683291,STATE ROAD,N,RURAL,N,N,N,,DARK (NOT LIGHTED),SNOW,ICE,,NO JUNCTION INVOLVED,CURVE/GRADE,ASPHALT,ROADWAY SURFACE CONDITION,HEAD ON BETWEEN TWO MOTOR VEHICLES,HINDSRDSR45W,LANE CONTROL
MONROE SD,BLOOMINGTON,2/1/2019,7:30 AM,1,0,1,0,0,,,,SR 45,W HINDS RD,,200,W,39.09878383,-86.6525232,STATE ROAD,N,RURAL,N,N,N,,DARK (NOT LIGHTED),CLOUDY,ICE,,NO JUNCTION INVOLVED,CURVE/GRADE,ASPHALT,RAN OFF ROAD RIGHT,RAN OFF ROAD,HINDSRDSR45W,NONE
INDIANA UNIV BLOOMINGTON PD,BLOOMINGTON,2/1/2019,6:45 PM,2,0,0,0,0,,,,SR 46,E 7TH ST,,160,S,39.26931891,-86.494385,STATE ROAD,N,URBAN,N,N,N,,DARK (LIGHTED),CLEAR,DRY,,NO JUNCTION INVOLVED,STRAIGHT/LEVEL,ASPHALT,FOLLOWING TOO CLOSELY,REAR END,SR46THIRDST,NONE
ISP BLOOMINGTON 33,STINESVILLE,2/1/2019,7:45 AM,1,0,0,0,0,,,,SR 46,W HEDRICK RD,,180,E,39.27762,-86.6773456,STATE ROAD,N,RURAL,N,N,N,,DAYLIGHT,SLEET/HAIL/FREEZING RAIN,ICE,,NO JUNCTION INVOLVED,CURVE/LEVEL,ASPHALT,SPEED TOO FAST FOR WEATHER CONDITIONS,RAN OFF ROAD,HEDRICKRDSR46E,LANE CONTROL
BLOOMINGTON PD,BLOOMINGTON,2/1/2019,10:38 AM,2,0,0,0,0,,,,N KINSER,W GOURLEY PIKE,,,,39.185392,-86.537856,LOCAL/CITY ROAD,N,URBAN,N,N,N,,DAYLIGHT,CLOUDY,WET,,FOUR-WAY INTERSECTION,STRAIGHT/GRADE,ASPHALT,FAILURE TO YIELD RIGHT OF WAY,RIGHT TURN,GOURLEYPIKEKINSERPIKE,STOP SIGN
MONROE SD,BLOOMINGTON,2/1/2019,9:37 AM,2,0,0,0,0,,,,SR 37,W DILLMAN RD,,300,N,39.1246253,-86.54416,STATE ROAD,N,RURAL,N,N,N,,DAYLIGHT,CLEAR,ICE,,NO JUNCTION INVOLVED,STRAIGHT/LEVEL,ASPHALT,SPEED TOO FAST FOR WEATHER CONDITIONS,REAR END,SR37NWDILLMANRD,NONE
MONROE SD,BLOOMINGTON,2/1/2019,7:00 AM,1,0,0,0,0,,,,SR 37,S ZIKES RD,,2500,N,39.05632214,-86.53579333,STATE ROAD,N,RURAL,N,N,N,,DAWN/DUSK,CLEAR,ICE,,NO JUNCTION INVOLVED,STRAIGHT/LEVEL,ASPHALT,ROADWAY SURFACE CONDITION,RAN OFF ROAD,SR37NZIKESRD,NONE
ISP BLOOMINGTON 33,BLOOMINGTON,2/1/2019,8:31 AM,2,0,0,0,0,,,,I-69 S,,,60,N,0,0,INTERSTATE,N,RURAL,N,N,N,,DAYLIGHT,CLOUDY,SNOW/SLUSH,,NO JUNCTION INVOLVED,CURVE/GRADE,ASPHALT,SPEED TOO FAST FOR WEATHER CONDITIONS,REAR END,I69106.0,LANE CONTROL
ISP BLOOMINGTON 33,BLOOMINGTON,2/1/2019,7:45 AM,1,0,0,0,0,,,,I-69 S,,,150,S,0,0,INTERSTATE,N,RURAL,N,N,N,,DAWN/DUSK,CLOUDY,ICE,,NO JUNCTION INVOLVED,STRAIGHT/GRADE,CONCRETE,SPEED TOO FAST FOR WEATHER CONDITIONS,RAN OFF ROAD,I69105.0,LANE CONTROL
ISP BLOOMINGTON 33,BLOOMINGTON,2/1/2019,8:36 AM,2,0,1,0,0,,,,I-69 S,,,200,N,0,0,INTERSTATE,N,RURAL,N,N,N,,DAYLIGHT,CLOUDY,ICE,,NO JUNCTION INVOLVED,STRAIGHT/GRADE,CONCRETE,SPEED TOO FAST FOR WEATHER CONDITIONS,REAR END,I69106.5,LANE CONTROL
ISP BLOOMINGTON 33,BLOOMINGTON,2/1/2019,9:30 AM,1,0,1,0,0,,,,I-69 S,,,,,0,0,INTERSTATE,N,RURAL,N,N,N,,DAYLIGHT,CLEAR,ICE,,NO JUNCTION INVOLVED,CURVE/LEVEL,CONCRETE,SPEED TOO FAST FOR WEATHER CONDITIONS,RAN OFF ROAD,I69112.5,LANE CONTROL
ISP BLOOMINGTON 33,BLOOMINGTON,2/1/2019,7:45 AM,1,0,0,0,0,,,,I-69 S,,,,,0,0,INTERSTATE,N,RURAL,N,N,N,,DAWN/DUSK,CLOUDY,ICE,,NO JUNCTION INVOLVED,STRAIGHT/GRADE,CONCRETE,SPEED TOO FAST FOR WEATHER CONDITIONS,RAN OFF ROAD,I69105.5,LANE CONTROL
ISP BLOOMINGTON 33,BLOOMINGTON,2/1/2019,9:28 AM,1,0,1,0,0,,,,I-69 S,,,800,S,0,0,INTERSTATE,N,RURAL,N,N,N,,DAYLIGHT,CLOUDY,ICE,,NO JUNCTION INVOLVED,STRAIGHT/GRADE,CONCRETE,SPEED TOO FAST FOR WEATHER CONDITIONS,RAN OFF ROAD,I69112.5,LANE CONTROL
MONROE SD,BLOOMINGTON,2/1/2019,9:16 AM,1,0,0,0,0,,,,I-69 S,,,0,S,41.13583018,-85.14035522,INTERSTATE,N,RURAL,N,Y,N,,DAYLIGHT,CLOUDY,ICE,,NO JUNCTION INVOLVED,STRAIGHT/LEVEL,ASPHALT,SPEED TOO FAST FOR WEATHER CONDITIONS,RAN OFF ROAD,I69S112.0,NONE
MONROE SD,BLOOMINGTON,2/1/2019,8:39 AM,1,0,0,0,0,,,,I-69 S,,,0,S,41.13203658,-85.14870785,INTERSTATE,N,RURAL,N,Y,N,,DAYLIGHT,CLOUDY,ICE,,NO JUNCTION INVOLVED,STRAIGHT/LEVEL,ASPHALT,SPEED TOO FAST FOR WEATHER CONDITIONS,RAN OFF ROAD,I69S111.5,NONE
INDIANA UNIV BLOOMINGTON PD,BLOOMINGTON,2/1/2019,9:50 AM,2,0,0,0,0,,,,N DUNN,E 17TH ST,,,,39.17904,-86.5284,LOCAL/CITY ROAD,Y,URBAN,N,N,N,,DAYLIGHT,CLOUDY,WET,,FOUR-WAY INTERSECTION,STRAIGHT/LEVEL,ASPHALT,OTHER (DRIVER) - EXPLAIN IN NARRATIVE,SAME DIRECTION SIDESWIPE,17THSTDUNNST,LANE CONTROL
BLOOMINGTON PD,BLOOMINGTON,2/1/2019,12:59 PM,2,0,0,0,0,,,,N DUNN,E 6TH ST,,,,39.167728,-86.528208,LOCAL/CITY ROAD,N,URBAN,N,N,N,,DAYLIGHT,CLEAR,WET,,FOUR-WAY INTERSECTION,STRAIGHT/LEVEL,ASPHALT,DISREGARD SIGNAL/REG SIGN,RIGHT ANGLE,6THSTDUNNST,STOP SIGN
BLOOMINGTON PD,BLOOMINGTON,2/1/2019,6:43 AM,2,0,0,0,0,,,,S PATTERSON,,,300,N,39.18555461,-86.54109,LOCAL/CITY ROAD,N,URBAN,N,N,N,,DARK (LIGHTED),SNOW,SNOW/SLUSH,,NO JUNCTION INVOLVED,CURVE/LEVEL,ASPHALT,SPEED TOO FAST FOR WEATHER CONDITIONS,OPPOSITE DIRECTION SIDESWIPE,FAIRVIEWSTPATTERSONDR,LANE CONTROL
MONROE SD,BLOOMINGTON,2/1/2019,7:40 AM,1,0,0,0,0,,,,S ROCKPORT,S STANSIFER LN,,150,S,39.108032,-86.575552,LOCAL/CITY ROAD,N,RURAL,N,N,N,,DAWN/DUSK,CLOUDY,SNOW/SLUSH,,NO JUNCTION INVOLVED,CURVE/LEVEL,ASPHALT,SPEED TOO FAST FOR WEATHER CONDITIONS,RAN OFF ROAD,SROCKPORTRDSSTANSIFERLN,NONE
MONROE SD,BLOOMINGTON,2/1/2019,7:27 AM,2,0,0,0,0,,,,S ROGERS,W BAYWOOD DR,,60,N,39.12427711,-86.53948,COUNTY ROAD,N,RURAL,N,N,N,,DAYLIGHT,SNOW,ICE,,T-INTERSECTION,STRAIGHT/GRADE,ASPHALT,LEFT OF CENTER,OPPOSITE DIRECTION SIDESWIPE,BAYWOODDRSROGERSST,NONE