Agency,City,Collision Date,Collision Time,Vehicles Involved,Trailers Involved,Number Injured,Number Dead,Number Deer,House Number,Roadway Interchange,Roadway Ramp,Roadway Id,Intersecting Road,Interchange,Feet From,Direction,Latitude,Longitude,Roadway Class,Hit and Run?,Locality,School Zone?,Rumble Strips?,Construction?,Construction Type,Light Condition,Weather Conditions,Surface Condition,Type of Median,Roadway Junction Type,Road Character,Roadway Surface,Primary Factor,Manner of Collision,Unique Location Id,Traffic Control
MONROE SD,BLOOMINGTON,2/1/2019,12:41 AM,1,0,1,0,0,,,,SR 46,,,2000,E,39.2080284,-86.57636349,STATE ROAD,N,RURAL,N,N,N,,DARK (NOT LIGHTED),SNOW,SNOW/SLUSH,,NO JUNCTION INVOLVED,STRAIGHT/LEVEL,ASPHALT,RAN OFF ROAD RIGHT,RAN OFF ROAD,ARLINGTONRDSR46E,NONE
BLOOMINGTON PD,BLOOMINGTON,2/1/2019,9:14 PM,2,0,1,0,0,,,,W 11TH,N ADAMS ST,,,,39.173344,-86.549792,LOCAL/CITY ROAD,Y,URBAN,N,N,N,,DARK (LIGHTED),CLOUDY,WET,,T-INTERSECTION,STRAIGHT/GRADE,ASPHALT,DISREGARD SIGNAL/REG SIGN,RIGHT ANGLE,NADAMSSTW11THST,STOP SIGN
BLOOMINGTON PD,BLOOMINGTON,2/1/2019,9:15 PM,3,0,1,0,0,,,,W 11TH,N ALEXANDERS ST,,,,39.173344,-86.549296,LOCAL/CITY ROAD,N,URBAN,N,N,N,,DARK (LIGHTED),CLEAR,DRY,,T-INTERSECTION,STRAIGHT/LEVEL,ASPHALT,IMPROPER LANE USAGE,REAR END,NORTHALEXANDERSTWEST11THST,NONE
BLOOMINGTON PD,BLOOMINGTON,2/1/2019,7:25 PM,2,0,0,0,0,,,,W 3RD,S FRANKLIN RD,,,,39.164688,-86.5712,LOCAL/CITY ROAD,N,URBAN,N,N,N,,DARK (LIGHTED),CLEAR,WET,,FOUR-WAY INTERSECTION,STRAIGHT/LEVEL,ASPHALT,FAILURE TO YIELD RIGHT OF WAY,RIGHT ANGLE,SFRANKLINRDWTHIRDST,TRAFFIC CONTROL SIGNAL
MONROE SD,BLOOMINGTON,2/1/2019,5:04 PM,2,0,0,0,0,,,,W GORDON,S CLEAR VIEW DR,,,,0,0,LOCAL/CITY ROAD,N,RURAL,Y,N,N,,DAYLIGHT,CLEAR,DRY,,T-INTERSECTION,STRAIGHT/LEVEL,ASPHALT,FOLLOWING TOO CLOSELY,BACKING CRASH,GORDONPIKEHEDGEWOODDR,STOP SIGN
MONROE SD,BLOOMINGTON,2/2/2019,11:44 AM,2,0,0,0,0,,,,S FAIRFAX,E MARIE LN,,,,39.10558,-86.522385,COUNTY ROAD,N,RURAL,N,N,N,,DAYLIGHT,CLOUDY,DRY,,NO JUNCTION INVOLVED,CURVE/GRADE,ASPHALT,FOLLOWING TOO CLOSELY,REAR END,EASTMARIELNSOUTHFAIRFAXRD,NONE
MONROE SD,BLOOMINGTON,2/2/2019,12:18 AM,1,0,0,0,1,,,,SR 46,S FRIENDSHIP RD,,375,W,39.15476921,-86.40729974,STATE ROAD,N,RURAL,N,N,N,,DARK (NOT LIGHTED),CLEAR,DRY,,NO JUNCTION INVOLVED,CURVE/LEVEL,ASPHALT,ANIMAL/OBJECT IN ROADWAY,COLLISION WITH DEER,FRIENDSHIPRDSR46E,LANE CONTROL
INDIANA UNIV BLOOMINGTON PD,BLOOMINGTON,2/3/2019,10:50 AM,2,0,0,0,0,,,,SR 45,SR 45/46,,,,39.176848,-86.478192,STATE ROAD,N,URBAN,N,N,N,,DAYLIGHT,CLEAR,DRY,,FOUR-WAY INTERSECTION,STRAIGHT/LEVEL,ASPHALT,FOLLOWING TOO CLOSELY,REAR END,10THSTSR45W,TRAFFIC CONTROL SIGNAL
MONROE SD,BLOOMINGTON,2/3/2019,8:25 PM,1,0,0,0,1,,,,SR 46,S FRIENDSHIP RD,,,,39.153856,-86.406688,STATE ROAD,N,RURAL,N,N,N,,DARK (NOT LIGHTED),CLEAR,DRY,,NO JUNCTION INVOLVED,CURVE/LEVEL,ASPHALT,ANIMAL/OBJECT IN ROADWAY,COLLISION WITH DEER,FRIENDSHIPRDSR46E,NONE
BLOOMINGTON PD,BLOOMINGTON,2/3/2019,1:30 PM,2,0,1,0,0,,,,SR 48,ENTRANCE TO KROGER GAS PUMPS,,440,W,39.164615,-86.5792569,LOCAL/CITY ROAD,N,URBAN,N,N,N,,DARK (LIGHTED),CLEAR,DRY,,T-INTERSECTION,STRAIGHT/LEVEL,ASPHALT,FAILURE TO YIELD RIGHT OF WAY,LEFT TURN,SLIBERTYDRW3RDST,NONE
INDIANA UNIV BLOOMINGTON PD,BLOOMINGTON,2/4/2019,6:25 PM,2,0,0,0,0,,,,SR 45/46,E 10TH ST,,,,39.18617,-86.52138,STATE ROAD,N,URBAN,N,Y,N,,DARK (LIGHTED),RAIN,WET,,FOUR-WAY INTERSECTION,STRAIGHT/LEVEL,ASPHALT,OTHER (DRIVER) - EXPLAIN IN NARRATIVE,REAR END,SR45SR46,TRAFFIC CONTROL SIGNAL
BLOOMINGTON PD,BLOOMINGTON,2/4/2019,7:57 AM,2,0,0,0,0,,,,N COLLEGE,W 10TH ST,,100,N,39.17201865,-86.53476505,LOCAL/CITY ROAD,N,URBAN,N,N,N,,DAYLIGHT,CLOUDY,WET,,NO JUNCTION INVOLVED,STRAIGHT/GRADE,ASPHALT,FAILURE TO YIELD RIGHT OF WAY,SAME DIRECTION SIDESWIPE,10THSTCOLLEGEAVE,NONE
MONROE SD,BLOOMINGTON,2/4/2019,8:00 AM,1,0,0,0,0,,,,SR 45,W HINDS RD,,1300,W,39.09772953,-86.65605533,STATE ROAD,Y,RURAL,N,N,N,,DARK (NOT LIGHTED),CLEAR,WET,,NO JUNCTION INVOLVED,CURVE/GRADE,ASPHALT,RAN OFF ROAD RIGHT,RAN OFF ROAD,HINDSRDSR45W,NONE
MONROE SD,BLOOMINGTON,2/4/2019,10:15 AM,2,0,0,0,0,,,,SR 45,W HINDS RD,,100,W,39.09896791,-86.6522616,STATE ROAD,N,RURAL,N,N,N,,DAWN/DUSK,RAIN,WET,,NO JUNCTION INVOLVED,CURVE/GRADE,ASPHALT,FOLLOWING TOO CLOSELY,REAR END,HINDSRDSR45W,NONE
BLOOMINGTON PD,BLOOMINGTON,2/4/2019,8:48 AM,4,0,0,0,0,,,,W 3RD,S PATTERSON DR,,100,W,39.16424,-86.55177634,LOCAL/CITY ROAD,N,URBAN,N,N,N,,DAYLIGHT,CLOUDY,DRY,,NO JUNCTION INVOLVED,STRAIGHT/LEVEL,ASPHALT,DRIVER DISTRACTED - EXPLAIN IN NARRATIVE,REAR END,SPATTERSONDRW3RDST,NONE
MONROE SD,BLOOMINGTON,2/4/2019,3:53 PM,2,0,0,0,0,,,,DANIELS,W ZENITH DR,,300,S,39.13842218,-86.5983,COUNTY ROAD,N,RURAL,N,N,N,,DAYLIGHT,CLOUDY,DRY,,T-INTERSECTION,STRAIGHT/LEVEL,ASPHALT,FAILURE TO YIELD RIGHT OF WAY,LEFT TURN,NDANIELSWAYWZENITHDR,NONE
INDIANA UNIV BLOOMINGTON PD,BLOOMINGTON,2/5/2019,3:42 PM,2,0,0,0,0,,,,N UNION,E 10TH ST,,,,39.17157,-86.50935,LOCAL/CITY ROAD,N,URBAN,N,N,N,,DAYLIGHT,RAIN,WET,,FOUR-WAY INTERSECTION,STRAIGHT/LEVEL,ASPHALT,FOLLOWING TOO CLOSELY,REAR END,TENTHSTUNIONST,TRAFFIC CONTROL SIGNAL
ISP BLOOMINGTON 33,BLOOMINGTON,2/5/2019,8:26 PM,2,0,0,0,0,,,,S WALNUT,E 3RD ST,,,,39.1646,-86.53363,LOCAL/CITY ROAD,N,URBAN,N,N,N,,DARK (LIGHTED),RAIN,WET,,FOUR-WAY INTERSECTION,STRAIGHT/LEVEL,ASPHALT,DRIVER DISTRACTED - EXPLAIN IN NARRATIVE,REAR END,THIRDSTWALNUTST,TRAFFIC CONTROL SIGNAL
INDIANA UNIV BLOOMINGTON PD,BLOOMINGTON,2/5/2019,1:03 PM,2,0,0,0,0,,,,SR 45/46,E 17TH ST,,,,39.17984,-86.507088,STATE ROAD,N,URBAN,N,N,N,,DAYLIGHT,CLEAR,DRY,,FOUR-WAY INTERSECTION,STRAIGHT/LEVEL,ASPHALT,FOLLOWING TOO CLOSELY,REAR END,EAST17THSTSR46,TRAFFIC CONTROL SIGNAL
BLOOMINGTON PD,BLOOMINGTON,2/5/2019,12:06 AM,2,0,0,0,0,,,,W 2ND,S WALKER ST,,,,39.16143,-86.54614,LOCAL/CITY ROAD,N,URBAN,N,N,N,,DARK (LIGHTED),RAIN,WET,,FOUR-WAY INTERSECTION,STRAIGHT/GRADE,ASPHALT,DISREGARD SIGNAL/REG SIGN,RIGHT ANGLE,2NDSTWALKERST,TRAFFIC CONTROL SIGNAL
BLOOMINGTON PD,BLOOMINGTON,2/5/2019,12:47 PM,2,0,1,0,0,,,,N KINSER,W BRIARCLIFF DR,,,,39.194144,-86.540992,LOCAL/CITY ROAD,N,URBAN,N,N,N,,DAYLIGHT,CLOUDY,DRY,,T-INTERSECTION,CURVE/LEVEL,ASPHALT,IMPROPER LANE USAGE,HEAD ON BETWEEN TWO MOTOR VEHICLES,NKINSERPIKEWBRIARCLIFFDR,NONE
INDIANA UNIV BLOOMINGTON PD,BLOOMINGTON,2/6/2019,5:50 PM,2,0,0,0,0,,,,E 17TH,N INDIANA AVE,,,,39.179024,-86.5272,LOCAL/CITY ROAD,N,URBAN,N,N,N,,DAYLIGHT,CLEAR,DRY,,NO JUNCTION INVOLVED,STRAIGHT/LEVEL,ASPHALT,FAILURE TO YIELD RIGHT OF WAY,LEFT TURN,17THSTINDIANAAVE,NONE
MONROE SD,BLOOMINGTON,2/6/2019,3:45 PM,2,0,0,0,0,,,,N CURRY,W JONATHAN DR,,,,0,0,LOCAL/CITY ROAD,N,URBAN,N,N,N,,DAYLIGHT,CLOUDY,WET,,T-INTERSECTION,STRAIGHT/LEVEL,ASPHALT,FAILURE TO YIELD RIGHT OF WAY,RIGHT TURN,SCURRYPIKEWJONATHANDR,TRAFFIC CONTROL SIGNAL
MONROE SD,BLOOMINGTON,2/6/2019,10:11 PM,1,0,1,0,0,,,,SR 45,W HINDS RD,,1500,W,39.08985667,-86.66619,STATE ROAD,N,RURAL,N,N,N,,DARK (NOT LIGHTED),RAIN,WET,,NO JUNCTION INVOLVED,CURVE/HILLCREST,ASPHALT,DRIVER ASLEEP OR FATIGUED,RAN OFF ROAD,HINESRDSR45W,NONE
BLOOMINGTON PD,BLOOMINGTON,2/6/2019,6:30 PM,2,0,0,0,0,,,,E COVENANTER,S COLLEGE MALL RD,,100,E,39.15516,-86.49793864,LOCAL/CITY ROAD,N,URBAN,N,N,N,,DARK (LIGHTED),RAIN,WET,,NO JUNCTION INVOLVED,STRAIGHT/HILLCREST,ASPHALT,FOLLOWING TOO CLOSELY,REAR END,COLLEGEMALLRDECONVENANTERDR,NONE
ELLETTSVILLE PD,ELLETTSVILLE,2/6/2019,2:50 PM,1,0,0,0,0,,,,N UNION VALLEY,W RICHLAND PLAZA DR,,100,N,39.2257581,-86.59268,LOCAL/CITY ROAD,N,URBAN,N,N,N,,DAYLIGHT,CLOUDY,WET,,NO JUNCTION INVOLVED,STRAIGHT/LEVEL,ASPHALT,OVERCORRECTING/OVERSTEERING,OTHER - EXPLAIN IN NARRATIVE,NORTHUNIONVALLEYRDRICHLANDPLAZADR,STOP SIGN
INDIANA UNIV BLOOMINGTON PD,BLOOMINGTON,2/7/2019,11:15 AM,2,0,0,0,0,,,,E 3RD,S JORDAN AVE,,,,39.164315,-86.51655,LOCAL/CITY ROAD,N,URBAN,N,N,N,,DAYLIGHT,RAIN,WET,,FOUR-WAY INTERSECTION,STRAIGHT/LEVEL,ASPHALT,FOLLOWING TOO CLOSELY,REAR END,JORDANAVETHIRDST,TRAFFIC CONTROL SIGNAL
INDIANA UNIV BLOOMINGTON PD,BLOOMINGTON,2/7/2019,7:37 PM,2,0,0,0,0,,,,E 3RD,S JORDAN AVE,,,,39.164315,-86.51655,LOCAL/CITY ROAD,N,URBAN,N,N,N,,DARK (LIGHTED),RAIN,WET,,FOUR-WAY INTERSECTION,STRAIGHT/LEVEL,ASPHALT,FOLLOWING TOO CLOSELY,REAR END,JORDANAVETHIRDST,TRAFFIC CONTROL SIGNAL
BLOOMINGTON PD,BLOOMINGTON,2/7/2019,2:15 PM,2,0,1,0,0,,,,W 2ND,S ROGERS ST,,,,39.16139,-86.5387,LOCAL/CITY ROAD,N,URBAN,N,N,N,,DAYLIGHT,RAIN,WET,,FOUR-WAY INTERSECTION,STRAIGHT/LEVEL,ASPHALT,FOLLOWING TOO CLOSELY,REAR END,SROGERSSTW2NDST,TRAFFIC CONTROL SIGNAL
ELLETTSVILLE PD,ELLETTSVILLE,2/7/2019,10:05 AM,2,0,0,0,0,,,,SR 46,N SMITH PIKE,,300,W,39.21063895,-86.58404676,STATE ROAD,N,URBAN,N,N,N,,DAYLIGHT,RAIN,WET,,NO JUNCTION INVOLVED,STRAIGHT/LEVEL,ASPHALT,FAILURE TO YIELD RIGHT OF WAY,LEFT TURN,SMITHPIKESR46W,LANE CONTROL
MONROE SD,BLOOMINGTON,2/7/2019,3:29 PM,1,0,1,0,0,,,,N CURRY,W WOODYARD RD,,450,N,39.190672,-86.582992,LOCAL/CITY ROAD,N,RURAL,N,N,N,,DARK (NOT LIGHTED),FOG/SMOKE/SMOG,WET,,NO JUNCTION INVOLVED,CURVE/LEVEL,ASPHALT,DRIVER ILLNESS,RAN OFF ROAD,NCURRYPIKEWWOODYARDRD,NONE
BLOOMINGTON PD,BLOOMINGTON,2/7/2019,6:40 PM,2,0,0,0,0,,,,S SARE,E CANADA DR,,200,S,39.10546164,-86.50431,LOCAL/CITY ROAD,N,URBAN,N,N,N,,DARK (NOT LIGHTED),CLEAR,WET,,NO JUNCTION INVOLVED,STRAIGHT/LEVEL,ASPHALT,FOLLOWING TOO CLOSELY,REAR END,ECANADADRSOUTHSARERD,NONE
ELLETTSVILLE PD,ELLETTSVILLE,2/7/2019,7:36 AM,2,0,0,0,0,,,,SR 46,N HARTSTRAIT RD,,,,39.22766,-86.61594,LOCAL/CITY ROAD,N,URBAN,N,N,N,,DARK (LIGHTED),RAIN,WET,,NO JUNCTION INVOLVED,STRAIGHT/LEVEL,ASPHALT,OTHER (DRIVER) - EXPLAIN IN NARRATIVE,LEFT TURN,HARTSTRAITRDTEMPERANCEST,TRAFFIC CONTROL SIGNAL
INDIANA UNIV BLOOMINGTON PD,BLOOMINGTON,2/7/2019,8:39 PM,2,0,0,0,0,1051,,,E 17TH,,,,,39.17895463,-86.52073632,UNKNOWN,N,URBAN,N,N,N,,DARK (LIGHTED),CLEAR,DRY,,NO JUNCTION INVOLVED,STRAIGHT/LEVEL,ASPHALT,UNSAFE BACKING,BACKING CRASH,E17THST,NONE
BLOOMINGTON PD,BLOOMINGTON,2/7/2019,11:18 PM,1,0,2,0,0,,,,E RHORER,S SARE RD,,,,39.121655,-86.511575,LOCAL/CITY ROAD,N,URBAN,Y,N,N,,DARK (LIGHTED),CLEAR,DRY,,T-INTERSECTION,STRAIGHT/GRADE,ASPHALT,DISREGARD SIGNAL/REG SIGN,RAN OFF ROAD,ERHORERRDSSARERD,STOP SIGN
BLOOMINGTON PD,BLOOMINGTON,2/7/2019,12:49 PM,1,0,0,0,0,,,,I-69 N,,,200,N,41.25258514,-85.0895301,INTERSTATE,N,RURAL,N,N,N,,DAYLIGHT,RAIN,WATER (STANDING OR MOVING),,NO JUNCTION INVOLVED,STRAIGHT/LEVEL,CONCRETE,ROADWAY SURFACE CONDITION,RAN OFF ROAD,I69N121,NONE
MONROE SD,BLOOMINGTON,2/7/2019,3:38 AM,1,0,0,0,0,,,,N KIRBY,W AIRPORT RD,,,,39.136848,-86.610192,LOCAL/CITY ROAD,N,RURAL,N,N,N,,DARK (NOT LIGHTED),FOG/SMOKE/SMOG,WET,,T-INTERSECTION,STRAIGHT/LEVEL,ASPHALT,RAN OFF ROAD RIGHT,RAN OFF ROAD,NKIRBYRDWAIRPORTRD,STOP SIGN
MONROE SD,BLOOMINGTON,2/7/2019,10:20 AM,1,0,0,0,0,,,,N SR 37 BUSINESS,W BAYLES RD,,300,N,39.29770538,-86.50192,LOCAL/CITY ROAD,N,RURAL,N,N,N,,DAYLIGHT,RAIN,WET,,NO JUNCTION INVOLVED,STRAIGHT/LEVEL,ASPHALT,OTHER (DRIVER) - EXPLAIN IN NARRATIVE,RAN OFF ROAD,BAYLESRDNOLDSR37HWY,NONE
BLOOMINGTON PD,BLOOMINGTON,2/7/2019,7:20 PM,2,0,0,0,0,,,,N WALNUT,E GILBERT DR,,,,39.189248,-86.53344,LOCAL/CITY ROAD,N,URBAN,N,N,N,,DARK (LIGHTED),CLOUDY,WET,,T-INTERSECTION,STRAIGHT/LEVEL,ASPHALT,FOLLOWING TOO CLOSELY,SAME DIRECTION SIDESWIPE,GILBERTDRNWALNUTST,NONE
DNR LAW ENFORCEMENT,BLOOMINGTON,2/7/2019,8:15 AM,1,0,0,0,1,,,,SR 446,S OLD RICHARDSON RD,,600,S,39.04883824,-86.43134,STATE ROAD,N,RURAL,N,N,N,,DAYLIGHT,RAIN,WET,,NO JUNCTION INVOLVED,CURVE/GRADE,ASPHALT,ANIMAL/OBJECT IN ROADWAY,COLLISION WITH DEER,OLDRICHARDSONRDSR446S,NONE
MONROE SD,BLOOMINGTON,2/7/2019,6:34 PM,1,0,0,0,0,,,,SR 46,COUNTY LINE RD,,,,39.15263,-86.3711,STATE ROAD,N,RURAL,N,N,N,,DARK (NOT LIGHTED),CLOUDY,WET,,T-INTERSECTION,CURVE/GRADE,ASPHALT,ANIMAL/OBJECT IN ROADWAY,COLLISION WITH OBJECT IN ROAD,COUNTYLINERDSR46E,NONE
MONROE SD,BLOOMINGTON,2/8/2019,4:14 PM,2,0,0,0,0,,,,N CURRY,W JONATHAN DR,,250,S,39.14192136,-86.58295,LOCAL/CITY ROAD,N,RURAL,N,N,N,,DAYLIGHT,CLEAR,DRY,,NO JUNCTION INVOLVED,CURVE/GRADE,ASPHALT,LEFT OF CENTER,SAME DIRECTION SIDESWIPE,JONATHANDRNCURRYPIKE,LANE CONTROL
ELLETTSVILLE PD,ELLETTSVILLE,2/8/2019,11:29 AM,1,0,0,0,0,,,,SR 46,N SALE ST,,,,39.234944,-86.623392,,Y,URBAN,N,N,N,,DAYLIGHT,CLOUDY,DRY,,NO JUNCTION INVOLVED,STRAIGHT/GRADE,ASPHALT,IMPROPER PASSING,OTHER - EXPLAIN IN NARRATIVE,MAINSTSALEST,LANE CONTROL
INDIANA UNIV BLOOMINGTON PD,BLOOMINGTON,2/8/2019,6:45 PM,2,0,0,0,0,,,,N INDIANA,E 13TH ST,,,,39.17517667,-86.527,LOCAL/CITY ROAD,N,URBAN,N,N,N,,DARK (LIGHTED),CLEAR,DRY,,FOUR-WAY INTERSECTION,STRAIGHT/GRADE,ASPHALT,FAILURE TO YIELD RIGHT OF WAY,LEFT TURN,INDIANAAVETHIRTEENTHST,STOP SIGN
BLOOMINGTON PD,BLOOMINGTON,2/8/2019,11:25 AM,2,0,1,0,0,,,,N WALNUT,E 6TH ST,,,,39.167648,-86.533584,LOCAL/CITY ROAD,N,URBAN,N,N,N,,DAYLIGHT,CLEAR,DRY,,FOUR-WAY INTERSECTION,STRAIGHT/GRADE,ASPHALT,UNSAFE LANE MOVEMENT,SAME DIRECTION SIDESWIPE,EAST6THSTNORTHWALNUTST,TRAFFIC CONTROL SIGNAL
INDIANA UNIV BLOOMINGTON PD,BLOOMINGTON,2/8/2019,1:50 PM,2,0,0,0,0,,,,N WOODLAWN,E 8TH ST,,,,39.169552,-86.52344,LOCAL/CITY ROAD,N,URBAN,N,N,N,,DAYLIGHT,CLEAR,DRY,,NO JUNCTION INVOLVED,STRAIGHT/LEVEL,ASPHALT,IMPROPER PASSING,REAR END,E8THSTWOODLAWNAVE,STOP SIGN
MONROE SD,BLOOMINGTON,2/8/2019,12:45 PM,2,0,0,0,0,,,,S ROGERS,W GORDON PIKE,,,,39.121648,-86.539088,LOCAL/CITY ROAD,N,RURAL,N,N,Y,WORK ON SHOULDER,DAYLIGHT,CLOUDY,DRY,,NO JUNCTION INVOLVED,STRAIGHT/GRADE,ASPHALT,FOLLOWING TOO CLOSELY,REAR END,SROGERSSTWGORDONPIKE,FLASHING OVERHEAD BEACON
MONROE SD,BLOOMINGTON,2/8/2019,9:40 AM,1,0,0,0,0,,,,S ROGERS,W THAT RD,,400,N,39.11464,-86.539392,LOCAL/CITY ROAD,N,RURAL,N,N,N,,DARK (LIGHTED),CLOUDY,ICE,,NO JUNCTION INVOLVED,STRAIGHT/HILLCREST,ASPHALT,ROADWAY SURFACE CONDITION,OTHER - EXPLAIN IN NARRATIVE,SROGERSSTWTHATRD,NONE
MONROE SD,BLOOMINGTON,2/8/2019,3:08 AM,1,0,0,0,0,,,,S STRAIN RIDGE,S STONE RIDGE RD,,1000,S,38.94782617,-86.50797,COUNTY ROAD,N,RURAL,N,N,N,,DARK (NOT LIGHTED),CLOUDY,DRY,,NO JUNCTION INVOLVED,CURVE/GRADE,ASPHALT,RAN OFF ROAD RIGHT,RAN OFF ROAD,STONERIDGERDSTRAINRIDGERD,NONE
MONROE SD,BLOOMINGTON,2/8/2019,7:51 AM,1,0,0,0,0,7530,,,S STRAIN RIDGE,,,,,39.07112,-86.507008,LOCAL/CITY ROAD,N,RURAL,N,N,N,,DAWN/DUSK,CLEAR,LOOSE MATERIAL ON ROAD,NONE,NO JUNCTION INVOLVED,STRAIGHT/LEVEL,ASPHALT,ROADWAY SURFACE CONDITION,RAN OFF ROAD,SSTRAINRIDGERD,NONE
BLOOMINGTON PD,BLOOMINGTON,2/8/2019,2:05 PM,3,0,0,0,0,,,,W 2ND,S MAPLE ST,,36,E,39.161568,-86.542096,LOCAL/CITY ROAD,N,URBAN,N,N,N,,DAYLIGHT,CLOUDY,DRY,,NO JUNCTION INVOLVED,STRAIGHT/GRADE,ASPHALT,LEFT OF CENTER,HEAD ON BETWEEN TWO MOTOR VEHICLES,SMAPLESTW2NDST,NONE
BLOOMINGTON PD,BLOOMINGTON,2/9/2019,2:01 PM,2,0,0,0,0,,,,E 2ND,S PARK AVE,,,,39.16144,-86.523952,LOCAL/CITY ROAD,N,URBAN,N,N,N,,DAYLIGHT,CLEAR,DRY,,T-INTERSECTION,STRAIGHT/LEVEL,ASPHALT,IMPROPER TURNING,HEAD ON BETWEEN TWO MOTOR VEHICLES,2NDSTSPARKAVE,NONE
MONROE SD,BLOOMINGTON,2/9/2019,5:48 PM,1,0,1,0,0,,,,E DILLMAN,S EMPIRE RD,,1500,E,39.092928,-86.54176,LOCAL/CITY ROAD,N,RURAL,N,N,N,,DAWN/DUSK,CLEAR,DRY,,NO JUNCTION INVOLVED,STRAIGHT/LEVEL,ASPHALT,RAN OFF ROAD RIGHT,RAN OFF ROAD,EDILLMANRDSEMPIRERD,NO PASSING ZONE
INDIANA UNIV BLOOMINGTON PD,BLOOMINGTON,2/10/2019,8:10 PM,2,0,0,0,0,,,,N JORDAN,E LAW LN,,,,39.173552,-86.515488,LOCAL/CITY ROAD,N,URBAN,N,N,N,,DARK (NOT LIGHTED),RAIN,WET,,FOUR-WAY INTERSECTION,STRAIGHT/LEVEL,ASPHALT,FAILURE TO YIELD RIGHT OF WAY,LEFT/RIGHT TURN,ELAWLNJORDANAVE,TRAFFIC CONTROL SIGNAL
MONROE SD,BLOOMINGTON,2/10/2019,11:51 AM,2,0,0,0,0,,,,SR 37,S VICTOR PIKE,,,,39.105552,-86.551104,STATE ROAD,N,RURAL,N,N,N,,DAYLIGHT,CLOUDY,SNOW/SLUSH,,FOUR-WAY INTERSECTION,STRAIGHT/LEVEL,ASPHALT,FAILURE TO YIELD RIGHT OF WAY,LEFT TURN,SVICTORPIKESR37N,NONE
MONROE SD,BLOOMINGTON,2/10/2019,11:20 AM,1,0,0,0,0,,,,SR 37,E MONROE DAM RD,,200,N,39.04159608,-86.539275,STATE ROAD,N,RURAL,N,N,N,,DAYLIGHT,SLEET/HAIL/FREEZING RAIN,SNOW/SLUSH,,NO JUNCTION INVOLVED,CURVE/GRADE,ASPHALT,ROADWAY SURFACE CONDITION,RAN OFF ROAD,MONROEDAMNRDSR37N,NONE
INDIANA UNIV BLOOMINGTON PD,BLOOMINGTON,2/10/2019,11:15 AM,1,0,0,0,0,,,,E 11TH,N FEE LN,,,,39.171584,-86.518688,LOCAL/CITY ROAD,N,URBAN,N,N,N,,DAYLIGHT,SLEET/HAIL/FREEZING RAIN,SNOW/SLUSH,,T-INTERSECTION,STRAIGHT/GRADE,ASPHALT,OVERCORRECTING/OVERSTEERING,NON-COLLISION,E11THSTFEELN,LANE CONTROL
MONROE SD,BLOOMINGTON,2/10/2019,12:53 PM,1,0,0,0,0,,,,E BETHEL,N HINKLE RD,,3000,W,39.212848,-86.505392,LOCAL/CITY ROAD,N,RURAL,N,N,N,,DAYLIGHT,CLOUDY,SNOW/SLUSH,,NO JUNCTION INVOLVED,STRAIGHT/LEVEL,ASPHALT,RAN OFF ROAD RIGHT,RAN OFF ROAD,EBETHELLNNHINKLERD,NONE
ISP BLOOMINGTON 33,BLOOMINGTON,2/10/2019,1:00 PM,1,0,0,0,0,,,,E ROBINSON,HILLSAMER RD,,50,W,39.251344,-86.464608,LOCAL/CITY ROAD,N,RURAL,N,N,N,,DAYLIGHT,SNOW,SNOW/SLUSH,,NO JUNCTION INVOLVED,CURVE/LEVEL,CONCRETE,SPEED TOO FAST FOR WEATHER CONDITIONS,RAN OFF ROAD,EROBINSONRDHILLSAMERRD,LANE CONTROL
ISP BLOOMINGTON 33,BLOOMINGTON,2/10/2019,11:29 AM,1,0,2,0,0,,,,I-69 N,,,,,0,0,INTERSTATE,N,RURAL,N,N,N,,DAYLIGHT,SNOW,SNOW/SLUSH,,NO JUNCTION INVOLVED,STRAIGHT/GRADE,ASPHALT,SPEED TOO FAST FOR WEATHER CONDITIONS,RAN OFF ROAD,I69120.5,LANE CONTROL
MONROE SD,BLOOMINGTON,2/10/2019,1:00 PM,1,0,0,0,0,,,,I-69 N,,,10,N,41.25952329,-85.08663324,INTERSTATE,N,RURAL,N,N,N,,DAYLIGHT,RAIN,SNOW/SLUSH,,NO JUNCTION INVOLVED,CURVE/LEVEL,ASPHALT,SPEED TOO FAST FOR WEATHER CONDITIONS,RAN OFF ROAD,I69N121.5,NONE
MONROE SD,BLOOMINGTON,2/10/2019,1:44 PM,2,0,1,0,0,,,,I-69 N,,,500,N,41.29540209,-85.08721827,INTERSTATE,N,URBAN,N,Y,N,,DAYLIGHT,SLEET/HAIL/FREEZING RAIN,SNOW/SLUSH,,NO JUNCTION INVOLVED,STRAIGHT/GRADE,ASPHALT,ROADWAY SURFACE CONDITION,SAME DIRECTION SIDESWIPE,I69N124,LANE CONTROL