Agency,City,Collision Date,Collision Time,Vehicles Involved,Trailers Involved,Number Injured,Number Dead,Number Deer,House Number,Roadway Interchange,Roadway Ramp,Roadway Id,Intersecting Road,Interchange,Feet From,Direction,Latitude,Longitude,Roadway Class,Hit and Run?,Locality,School Zone?,Rumble Strips?,Construction?,Construction Type,Light Condition,Weather Conditions,Surface Condition,Type of Median,Roadway Junction Type,Road Character,Roadway Surface,Primary Factor,Manner of Collision,Unique Location Id,Traffic Control
MONROE SD,BLOOMINGTON,2/10/2019,1:54 PM,1,0,0,0,0,,,,I-69 S,,,300,S,0,0,STATE ROAD,N,RURAL,N,Y,N,,DAYLIGHT,RAIN,ICE,,NO JUNCTION INVOLVED,STRAIGHT/GRADE,ASPHALT,ANIMAL/OBJECT IN ROADWAY,RAN OFF ROAD,SR69S129.0,LANE CONTROL
MONROE SD,BLOOMINGTON,2/10/2019,10:58 AM,2,0,0,0,0,,,,S FIELDSTONE,W MONARCH CT,,,,39.1588,-86.60463,LOCAL/CITY ROAD,N,RURAL,N,N,N,,DAYLIGHT,CLOUDY,SNOW/SLUSH,,NO JUNCTION INVOLVED,STRAIGHT/LEVEL,ASPHALT,FAILURE TO YIELD RIGHT OF WAY,BACKING CRASH,SFIELDSTONEBLVDWMONARCHCT,NONE
BLOOMINGTON PD,BLOOMINGTON,2/10/2019,12:00 PM,2,0,0,0,0,1840,,,S MAXWELL,E MILLER DR,,300,S,39.14696,-86.514992,LOCAL/CITY ROAD,Y,URBAN,N,N,N,,UNKNOWN,RAIN,ICE,,NO JUNCTION INVOLVED,STRAIGHT/LEVEL,ASPHALT,IMPROPER LANE USAGE,SAME DIRECTION SIDESWIPE,1840SMAXWELLSTEASTMILLERDR,NONE
MONROE SD,BLOOMINGTON,2/10/2019,9:20 AM,2,0,0,0,0,,,,S ROCKPORT,W TARKINGTON LN,,300,N,39.04664,-86.613904,LOCAL/CITY ROAD,N,RURAL,N,N,N,,DAYLIGHT,SLEET/HAIL/FREEZING RAIN,SNOW/SLUSH,,NO JUNCTION INVOLVED,CURVE/GRADE,ASPHALT,ROADWAY SURFACE CONDITION,HEAD ON BETWEEN TWO MOTOR VEHICLES,SROCKPORTRDTARKINGTONLN,NONE
BLOOMINGTON PD,BLOOMINGTON,2/10/2019,11:08 AM,2,0,1,0,0,,,,S WEIMER,W TAPP RD,,1000,N,39.24219863,-86.56199,LOCAL/CITY ROAD,N,URBAN,N,N,N,,DAYLIGHT,SLEET/HAIL/FREEZING RAIN,ICE,,NO JUNCTION INVOLVED,CURVE/GRADE,ASPHALT,SPEED TOO FAST FOR WEATHER CONDITIONS,OPPOSITE DIRECTION SIDESWIPE,SWEIMERRDWTAPPRD,NONE
BLOOMINGTON PD,BLOOMINGTON,2/10/2019,1:06 PM,2,0,0,0,0,,,,W 6TH,N COLLEGE AVE,,,,39.167648,-86.534784,LOCAL/CITY ROAD,Y,URBAN,N,N,N,,DAYLIGHT,SLEET/HAIL/FREEZING RAIN,SNOW/SLUSH,,FOUR-WAY INTERSECTION,STRAIGHT/GRADE,ASPHALT,FAILURE TO YIELD RIGHT OF WAY,BACKING CRASH,NCOLLEGEAVEW6THST,TRAFFIC CONTROL SIGNAL
INDIANA UNIV BLOOMINGTON PD,BLOOMINGTON,2/11/2019,6:30 PM,2,0,0,0,0,,,,N KINSER,SR 45/46,,,,39.18617,-86.52138,STATE ROAD,N,URBAN,N,N,N,,DARK (LIGHTED),RAIN,WET,,FOUR-WAY INTERSECTION,STRAIGHT/LEVEL,ASPHALT,FAILURE TO YIELD RIGHT OF WAY,LEFT TURN,SR45SR46,TRAFFIC CONTROL SIGNAL
BLOOMINGTON PD,BLOOMINGTON,2/11/2019,10:47 PM,2,0,2,0,0,,,,SR 48,S LIBERTY DR,,,,39.164615,-86.579295,LOCAL/CITY ROAD,N,URBAN,N,N,N,,DARK (LIGHTED),RAIN,WET,,FOUR-WAY INTERSECTION,STRAIGHT/GRADE,ASPHALT,FOLLOWING TOO CLOSELY,REAR END,SLIBERTYDRW3RDST,TRAFFIC CONTROL SIGNAL
INDIANA UNIV BLOOMINGTON PD,BLOOMINGTON,2/11/2019,3:28 PM,2,0,0,0,0,,,,E 17TH,N FEE LN,,,,39.178928,-86.518992,LOCAL/CITY ROAD,N,URBAN,N,N,N,,DAYLIGHT,RAIN,WET,,FOUR-WAY INTERSECTION,STRAIGHT/LEVEL,ASPHALT,FOLLOWING TOO CLOSELY,REAR END,17THSTFEELN,TRAFFIC CONTROL SIGNAL
MONROE SD,BLOOMINGTON,2/11/2019,8:40 AM,2,0,0,0,0,,,,S WALNUT,S ORCHARD LN,,200,S,39.11584,-86.5312,COUNTY ROAD,N,RURAL,N,N,N,,DAYLIGHT,CLEAR,WET,,NO JUNCTION INVOLVED,STRAIGHT/LEVEL,ASPHALT,FOLLOWING TOO CLOSELY,REAR END,EORCHARDLNSOUTHOLDSTATEROAD37RD,NONE
ISP BLOOMINGTON 33,BLOOMINGTON,2/11/2019,8:15 AM,1,0,0,0,1,,,,SR 37,E SMITHVILLE RD,,1500,S,39.06693629,-86.53565265,STATE ROAD,N,RURAL,N,N,N,,DAYLIGHT,FOG/SMOKE/SMOG,WET,,NO JUNCTION INVOLVED,STRAIGHT/HILLCREST,ASPHALT,ANIMAL/OBJECT IN ROADWAY,COLLISION WITH DEER,SMITHVILLERDSR37,LANE CONTROL
INDIANA UNIV BLOOMINGTON PD,BLOOMINGTON,2/11/2019,7:45 PM,2,0,0,0,0,,,,E 10TH,N FEE LN,,,,39.17167,-86.519015,LOCAL/CITY ROAD,N,URBAN,N,N,N,,DARK (LIGHTED),RAIN,WET,,T-INTERSECTION,STRAIGHT/GRADE,ASPHALT,UNSAFE BACKING,BACKING CRASH,FEELNTENTHST,TRAFFIC CONTROL SIGNAL
ISP BLOOMINGTON 33,BLOOMINGTON,2/11/2019,8:05 AM,1,0,0,0,1,,,,N BOTTOM,W DITTEMORE RD,,260,N,39.28625746,-86.55618402,COUNTY ROAD,N,RURAL,N,N,N,,DAYLIGHT,RAIN,SNOW/SLUSH,,NO JUNCTION INVOLVED,STRAIGHT/LEVEL,ASPHALT,ANIMAL/OBJECT IN ROADWAY,COLLISION WITH DEER,BOTTOMRDDITTEMORERD,LANE CONTROL
MONROE SD,BLOOMINGTON,2/11/2019,7:59 PM,1,0,0,0,2,,,,SR 37,W INGRAM RD,,,,38.99674,-86.5459,STATE ROAD,N,RURAL,N,Y,N,,DARK (NOT LIGHTED),RAIN,WET,,FOUR-WAY INTERSECTION,STRAIGHT/GRADE,ASPHALT,ANIMAL/OBJECT IN ROADWAY,COLLISION WITH DEER,INGRAMRDSR37N,NONE
BLOOMINGTON PD,BLOOMINGTON,2/11/2019,5:06 PM,3,0,2,0,0,,,,W 2ND,S MAPLE ST,,,,39.16141,-86.54203,LOCAL/CITY ROAD,N,URBAN,N,N,N,,DAYLIGHT,RAIN,WET,,T-INTERSECTION,STRAIGHT/HILLCREST,ASPHALT,FOLLOWING TOO CLOSELY,REAR END,SMAPLESTW2NDST,NONE
BLOOMINGTON PD,BLOOMINGTON,2/12/2019,3:57 PM,2,0,1,0,0,,,,S WALNUT ST PIKE,E WINSLOW RD,,,,39.136144,-86.528688,LOCAL/CITY ROAD,N,URBAN,N,N,N,,DAYLIGHT,CLOUDY,WET,,FOUR-WAY INTERSECTION,STRAIGHT/LEVEL,ASPHALT,FOLLOWING TOO CLOSELY,REAR END,EWINSLOWRDSWALNUTSTPIKE,NONE
INDIANA UNIV BLOOMINGTON PD,BLOOMINGTON,2/12/2019,5:30 PM,1,0,0,0,0,,,,E 10TH,N UNION ST ,,500,W,39.17157,-86.50930674,LOCAL/CITY ROAD,N,URBAN,N,N,N,,DAYLIGHT,CLOUDY,DRY,,NO JUNCTION INVOLVED,STRAIGHT/LEVEL,ASPHALT,UNSAFE LANE MOVEMENT,LEFT TURN,TENTHSTUNIONST,NONE
BLOOMINGTON PD,BLOOMINGTON,2/12/2019,12:10 PM,2,0,0,0,0,,,,S COLLEGE,W KIRKWOOD AVE,,,,39.16664,-86.5348,LOCAL/CITY ROAD,N,URBAN,N,N,N,,DAYLIGHT,RAIN,WET,,NO JUNCTION INVOLVED,STRAIGHT/GRADE,ASPHALT,FAILURE TO YIELD RIGHT OF WAY,SAME DIRECTION SIDESWIPE,SCOLLEGEAVEWKIRKWOODAVE,LANE CONTROL
BLOOMINGTON PD,BLOOMINGTON,2/12/2019,5:33 PM,2,0,0,0,0,,,,W 3RD,S CORY LN,,,,39.164544,-86.560096,LOCAL/CITY ROAD,N,URBAN,N,N,N,,DAWN/DUSK,CLEAR,DRY,,FOUR-WAY INTERSECTION,STRAIGHT/LEVEL,ASPHALT,IMPROPER TURNING,LEFT TURN,SOUTHCORYLNWEST3RDST,TRAFFIC CONTROL SIGNAL
BLOOMINGTON PD,BLOOMINGTON,2/12/2019,7:45 PM,2,0,0,0,0,,,,SR 46,S CLARIZZ BLVD,,,,39.16424,-86.4908,LOCAL/CITY ROAD,N,URBAN,N,N,N,,DARK (LIGHTED),CLEAR,WET,,FOUR-WAY INTERSECTION,STRAIGHT/LEVEL,ASPHALT,BRAKE FAILURE OR DEFECTIVE,REAR END,E3RDSTSCLARIZZBLVD,TRAFFIC CONTROL SIGNAL
BLOOMINGTON PD,BLOOMINGTON,2/12/2019,1:45 PM,2,0,2,0,0,,,,E 10TH,N GRANT ST,,,,39.171696,-86.529696,LOCAL/CITY ROAD,N,URBAN,N,N,N,,DAYLIGHT,BLOWING SAND/SOIL/SNOW,WET,,FOUR-WAY INTERSECTION,STRAIGHT/GRADE,ASPHALT,FAILURE TO YIELD RIGHT OF WAY,RIGHT ANGLE,E10THSTNGRANTST,STOP SIGN
BLOOMINGTON PD,BLOOMINGTON,2/12/2019,1:20 PM,2,0,0,0,0,2800,,,E BUICK CADILLAC ALLEYWAY,E BUICK CADILLAC BLVD,,,,39.1596,-86.490784,UNKNOWN,N,URBAN,N,N,N,,DAYLIGHT,RAIN,WET,,T-INTERSECTION,STRAIGHT/LEVEL,ASPHALT,UNSAFE BACKING,BACKING CRASH,2800EBUICKCADILLACALLEYWAYBLVDEASTBUICKCADILLACBLVD,STOP SIGN
BLOOMINGTON PD,BLOOMINGTON,2/12/2019,11:38 AM,2,0,0,0,0,,,,S COLLEGE MALL,E 2ND ST,,,,39.16094,-86.4977,LOCAL/CITY ROAD,N,URBAN,N,N,N,,DAYLIGHT,RAIN,WET,,FOUR-WAY INTERSECTION,STRAIGHT/LEVEL,ASPHALT,FAILURE TO YIELD RIGHT OF WAY,LEFT TURN,2NDSTCOLLEGEMALLRD,TRAFFIC CONTROL SIGNAL
BLOOMINGTON PD,BLOOMINGTON,2/12/2019,4:00 PM,3,0,0,0,0,,,,S HIGH,E ATWATER AVE,,,,39.16304,-86.508288,LOCAL/CITY ROAD,N,URBAN,N,N,N,,DAYLIGHT,RAIN,WET,,T-INTERSECTION,STRAIGHT/LEVEL,ASPHALT,FOLLOWING TOO CLOSELY,REAR END,EASTATWATERAVESOUTHHIGHST,TRAFFIC CONTROL SIGNAL
BLOOMINGTON PD,BLOOMINGTON,2/12/2019,8:30 AM,2,0,0,0,0,,,,S PARK SQUARE,,,600,S,39.15969689,-86.59180464,LOCAL/CITY ROAD,Y,URBAN,N,N,N,,DAYLIGHT,CLEAR,WET,,NO JUNCTION INVOLVED,STRAIGHT/GRADE,ASPHALT,UNSAFE LANE MOVEMENT,SAME DIRECTION SIDESWIPE,PARKSQUAREDRSUNSETDR,NONE
BLOOMINGTON PD,BLOOMINGTON,2/12/2019,7:51 PM,1,0,1,0,0,,,,W 17TH,N COLLEGE AVE,,,,39.17896,-86.53472,LOCAL/CITY ROAD,N,URBAN,N,N,N,,DARK (LIGHTED),CLEAR,WET,,FOUR-WAY INTERSECTION,STRAIGHT/GRADE,ASPHALT,PEDESTRIAN ACTION,OTHER - EXPLAIN IN NARRATIVE,NCOLLEGEAVEW17THST,TRAFFIC CONTROL SIGNAL
MONROE SD,BLOOMINGTON,2/12/2019,6:12 AM,1,0,0,0,0,3800,,,W GIFFORD,,,,,39.15632,-86.58366,LOCAL/CITY ROAD,N,URBAN,N,N,N,,DARK (NOT LIGHTED),RAIN,WET,,NO JUNCTION INVOLVED,STRAIGHT/GRADE,ASPHALT,RAN OFF ROAD RIGHT,RAN OFF ROAD,WGIFFORDRD,NONE
BLOOMINGTON PD,BLOOMINGTON,2/13/2019,9:27 AM,2,0,1,0,0,,,,N WALNUT,SR 45/56,,,,39.186368,-86.5344,LOCAL/CITY ROAD,N,URBAN,N,N,N,,DAYLIGHT,CLEAR,DRY,,FOUR-WAY INTERSECTION,STRAIGHT/LEVEL,ASPHALT,FOLLOWING TOO CLOSELY,REAR END,NWALNUTSTSR46E,TRAFFIC CONTROL SIGNAL
BLOOMINGTON PD,BLOOMINGTON,2/13/2019,8:07 AM,3,0,0,0,0,,,,E 3RD,S GRANT ST,,100,E,39.16464,-86.52937519,LOCAL/CITY ROAD,N,URBAN,N,N,N,,DAYLIGHT,CLEAR,DRY,,NO JUNCTION INVOLVED,STRAIGHT/GRADE,ASPHALT,FOLLOWING TOO CLOSELY,REAR END,3RDSTGRANTST,NONE
INDIANA UNIV BLOOMINGTON PD,BLOOMINGTON,2/13/2019,9:05 AM,2,0,0,0,0,,,,N JORDAN,E LAW LN,,,,39.173552,-86.515488,LOCAL/CITY ROAD,N,URBAN,N,N,N,,DAYLIGHT,CLEAR,DRY,,FOUR-WAY INTERSECTION,STRAIGHT/LEVEL,ASPHALT,FOLLOWING TOO CLOSELY,REAR END,LAWLNNJORDANAVE,NONE
MONROE SD,BLOOMINGTON,2/13/2019,8:38 AM,2,0,0,0,0,,,,SR 46,W ARLINGTON RD,,,,39.209808,-86.582672,STATE ROAD,N,RURAL,N,N,N,,DAYLIGHT,CLOUDY,DRY,,T-INTERSECTION,STRAIGHT/LEVEL,ASPHALT,FOLLOWING TOO CLOSELY,REAR END,ARLINGTONRDSR46W,LANE CONTROL
BLOOMINGTON PD,BLOOMFIELD(GREENE),2/13/2019,8:30 PM,1,0,0,0,1,,,,E SYLVANIA,N DEER LAKE DR,,100,W,39.02649,-86.75197132,LOCAL/CITY ROAD,N,RURAL,N,N,N,,DARK (NOT LIGHTED),CLEAR,DRY,,NO JUNCTION INVOLVED,STRAIGHT/LEVEL,ASPHALT,ANIMAL/OBJECT IN ROADWAY,COLLISION WITH DEER,DEERLAKERDEASTSYLVANIARD,NONE
MONROE SD,BLOOMINGTON,2/13/2019,10:16 PM,1,0,0,0,1,,,,E WHISNAND,W OLD SR 37,,,,39.22258,-86.51713,LOCAL/CITY ROAD,N,RURAL,N,N,N,,DARK (NOT LIGHTED),CLEAR,DRY,,NO JUNCTION INVOLVED,STRAIGHT/GRADE,ASPHALT,ANIMAL/OBJECT IN ROADWAY,COLLISION WITH DEER,OLDSTATERD37RDWHISNANDRD,NONE
MONROE SD,BLOOMINGTON,2/13/2019,11:13 PM,2,0,1,0,0,,,,S HARMONY,W ROSE CREEK DR,,600,N,39.10438368,-86.6383598,LOCAL/CITY ROAD,N,RURAL,N,N,N,,DARK (NOT LIGHTED),CLEAR,WET,,NO JUNCTION INVOLVED,STRAIGHT/HILLCREST,ASPHALT,LEFT OF CENTER,HEAD ON BETWEEN TWO MOTOR VEHICLES,HARMONYRDROSECREEKRD,NONE
BLOOMINGTON PD,BLOOMINGTON,2/13/2019,12:32 PM,2,0,0,0,0,,,,S MITCHELL,E ATWATER AVE,,,,39.163136,-86.514096,LOCAL/CITY ROAD,Y,URBAN,N,N,N,,DAYLIGHT,CLEAR,DRY,,FOUR-WAY INTERSECTION,STRAIGHT/GRADE,ASPHALT,UNSAFE BACKING,BACKING CRASH,ATWATERAVEMITCHELLST,STOP SIGN
BLOOMINGTON PD,BLOOMINGTON,2/13/2019,8:00 AM,2,0,0,0,0,,,,S ROGERS,W COOLIDGE DR,,,,39.14125,-86.53883,LOCAL/CITY ROAD,Y,URBAN,N,N,N,,DAYLIGHT,CLEAR,ICE,,FOUR-WAY INTERSECTION,STRAIGHT/GRADE,ASPHALT,SPEED TOO FAST FOR WEATHER CONDITIONS,RIGHT ANGLE,COOLIDGEDRROGERSST,STOP SIGN
MONROE SD,BLOOMINGTON,2/13/2019,5:14 PM,2,0,0,0,0,,,,SR 45,S BURCH RD,,,,39.08984,-86.666304,STATE ROAD,N,RURAL,N,N,N,,DAYLIGHT,CLEAR,DRY,,FIVE POINT OR MORE,STRAIGHT/LEVEL,ASPHALT,FOLLOWING TOO CLOSELY,REAR END,SBURCHRDSR45W,NONE
MONROE SD,ELLETTSVILLE,2/13/2019,1:10 PM,2,0,0,0,0,,,,SR 46,,,1500,W,39.25962,-86.65742001,STATE ROAD,N,RURAL,N,N,N,,DAYLIGHT,CLEAR,DRY,,NO JUNCTION INVOLVED,CURVE/LEVEL,ASPHALT,FOLLOWING TOO CLOSELY,REAR END,CHAFINCHAPELRDSR46W,NONE
BLOOMINGTON PD,BLOOMINGTON,2/13/2019,6:36 PM,2,0,1,0,0,,,,W 3RD,S MULLER PKWY,,,,39.16442,-86.56292,LOCAL/CITY ROAD,N,URBAN,N,N,N,,DARK (LIGHTED),CLEAR,DRY,,FOUR-WAY INTERSECTION,STRAIGHT/LEVEL,ASPHALT,FAILURE TO YIELD RIGHT OF WAY,HEAD ON BETWEEN TWO MOTOR VEHICLES,SMULLERPKWYW3RDST,LANE CONTROL
INDIANA UNIV BLOOMINGTON PD,BLOOMINGTON,2/14/2019,11:00 AM,2,0,1,0,0,,,,N RANGE,SR 45,,,,0,0,LOCAL/CITY ROAD,N,URBAN,N,N,N,,DAYLIGHT,CLOUDY,DRY,,FOUR-WAY INTERSECTION,STRAIGHT/GRADE,ASPHALT,FOLLOWING TOO CLOSELY,REAR END,RANGERDSR45,TRAFFIC CONTROL SIGNAL
BLOOMINGTON PD,BLOOMINGTON,2/14/2019,3:34 PM,2,0,1,0,0,,,,SR 46,S PARK RIDGE RD,,,,39.16424,-86.476096,LOCAL/CITY ROAD,N,URBAN,N,N,N,,DAYLIGHT,CLEAR,DRY,,T-INTERSECTION,STRAIGHT/LEVEL,ASPHALT,FAILURE TO YIELD RIGHT OF WAY,RIGHT ANGLE,E3RDSTSPARKRIDGERD,NONE
BLOOMINGTON PD,BLOOMINGTON,2/14/2019,7:40 AM,2,0,0,0,0,,,,W COUNTRY CLUB,S ROGERS ST,,,,39.13604,-86.53827,LOCAL/CITY ROAD,N,URBAN,N,N,N,,DAWN/DUSK,CLEAR,DRY,,FOUR-WAY INTERSECTION,STRAIGHT/GRADE,ASPHALT,FOLLOWING TOO CLOSELY,REAR END,COUNTRYCLUBDRROGERSST,TRAFFIC CONTROL SIGNAL
BLOOMINGTON PD,BLOOMINGTON,2/14/2019,2:15 PM,2,0,0,0,0,,,,S SARE,E MOORES PIKE,,,,39.15036,-86.49836,LOCAL/CITY ROAD,N,URBAN,N,N,N,,DAYLIGHT,CLEAR,DRY,,FOUR-WAY INTERSECTION,STRAIGHT/GRADE,ASPHALT,FOLLOWING TOO CLOSELY,REAR END,EMOORESPIKESSARERD,TRAFFIC CONTROL SIGNAL
BLOOMINGTON PD,BLOOMINGTON,2/14/2019,8:40 PM,2,0,0,0,0,,,,E 10TH,N GRANT ST,,,,39.171696,-86.529696,LOCAL/CITY ROAD,Y,URBAN,N,N,N,,DARK (LIGHTED),CLEAR,DRY,,FOUR-WAY INTERSECTION,STRAIGHT/LEVEL,ASPHALT,IMPROPER TURNING,REAR END,E10THSTNGRANTST,NONE
MONROE SD,BLOOMINGTON,2/14/2019,7:09 PM,1,0,0,0,0,,,,I-69 S,,,1000,S,41.15424437,-85.11144414,INTERSTATE,N,RURAL,N,Y,N,,DARK (NOT LIGHTED),CLOUDY,DRY,,NO JUNCTION INVOLVED,CURVE/GRADE,ASPHALT,ANIMAL/OBJECT IN ROADWAY,COLLISION WITH DEER,I69S114.0,NONE
MONROE SD,BLOOMINGTON,2/14/2019,9:00 AM,1,0,0,0,0,,,,N PROFILE,,,2000,S,0,0,COUNTY ROAD,N,URBAN,N,N,N,,DAYLIGHT,CLOUDY,DRY,,NO JUNCTION INVOLVED,STRAIGHT/GRADE,ASPHALT,RAN OFF ROAD RIGHT,RAN OFF ROAD,48HWYPROFILEPKWY,NONE
MONROE SD,BLOOMINGTON,2/14/2019,4:45 PM,3,0,0,0,0,,,,S CURRY,W BEASLEY DR,,,,39.149152,-86.582704,LOCAL/CITY ROAD,N,URBAN,N,N,N,,DAYLIGHT,CLOUDY,DRY,,NO JUNCTION INVOLVED,STRAIGHT/LEVEL,ASPHALT,FOLLOWING TOO CLOSELY,REAR END,SCURRYPIKEWBEASLEYDR,NONE
MONROE SD,BLOOMINGTON,2/14/2019,2:00 PM,1,0,0,0,0,,,,W FLUCK MILL,,,1000,S,38.96639091,-86.5664,COUNTY ROAD,N,RURAL,N,N,N,,DAYLIGHT,CLOUDY,DRY,,NO JUNCTION INVOLVED,CURVE/LEVEL,ASPHALT,RAN OFF ROAD RIGHT,OTHER - EXPLAIN IN NARRATIVE,FLUCKMILLRDMAMIEEADSRD,NONE
INDIANA UNIV BLOOMINGTON PD,BLOOMINGTON,2/15/2019,3:54 PM,2,1,0,0,0,,,,SR 45,SR 45/46,,508,E,39.17161119,-86.50030416,INTERSTATE,N,URBAN,N,N,N,,DAYLIGHT,CLOUDY,DRY,,NO JUNCTION INVOLVED,STRAIGHT/LEVEL,ASPHALT,UNSAFE LANE MOVEMENT,RIGHT TURN,I45EI46E,LANE CONTROL
BLOOMINGTON PD,BLOOMINGTON,2/15/2019,12:45 PM,3,0,0,0,0,,,,W 2ND,S COLLEGE AVE,,,,39.16144,-86.534848,LOCAL/CITY ROAD,N,URBAN,N,N,N,,DAYLIGHT,CLOUDY,DRY,,FOUR-WAY INTERSECTION,STRAIGHT/LEVEL,ASPHALT,FAILURE TO YIELD RIGHT OF WAY,RIGHT ANGLE,SCOLLEGEAVEW2NDST,STOP SIGN
INDIANA UNIV BLOOMINGTON PD,BLOOMINGTON,2/15/2019,4:50 PM,2,0,0,0,0,,,,E 3RD,S JORDAN AVE,,153,W,39.164315,-86.51653676,,Y,URBAN,N,N,N,,DAYLIGHT,CLOUDY,DRY,,T-INTERSECTION,STRAIGHT/LEVEL,ASPHALT,FAILURE TO YIELD RIGHT OF WAY,SAME DIRECTION SIDESWIPE,JORDANAVETHIRDST,LANE CONTROL
MONROE SD,BLOOMINGTON,2/15/2019,5:19 PM,1,0,0,0,1,,,,SR 45,W HINDS RD,,1500,E,39.10243058,-86.64879803,STATE ROAD,N,RURAL,N,N,N,,DAYLIGHT,CLEAR,DRY,,NO JUNCTION INVOLVED,CURVE/GRADE,ASPHALT,ANIMAL/OBJECT IN ROADWAY,COLLISION WITH DEER,HINDSRDSR45W,NONE
BLOOMINGTON PD,BLOOMINGTON,2/15/2019,5:34 PM,2,0,0,0,0,,,,SR 46,E EASTGATE LN,,,,39.17024,-86.501392,STATE ROAD,N,URBAN,N,N,N,,DAYLIGHT,CLEAR,DRY,,FOUR-WAY INTERSECTION,STRAIGHT/LEVEL,ASPHALT,FOLLOWING TOO CLOSELY,REAR END,EEASTGATELNSR46S,NONE
BLOOMINGTON PD,BLOOMINGTON,2/15/2019,7:48 PM,2,0,0,0,0,,,,E HILLSIDE,S OLIVE ST,,,,39.15056,-86.51883,LOCAL/CITY ROAD,Y,URBAN,N,N,N,,DARK (LIGHTED),CLEAR,DRY,,FOUR-WAY INTERSECTION,STRAIGHT/LEVEL,ASPHALT,FOLLOWING TOO CLOSELY,REAR END,EHILLSIDEDRSOLIVEST,NONE
MONROE SD,BLOOMINGTON,2/15/2019,10:45 AM,2,0,0,0,0,,,,S LEONARD SPRINGS,W WOODHAVEN DR,,,,39.128368,-86.58256,COUNTY ROAD,N,RURAL,N,N,N,,DAYLIGHT,CLEAR,DRY,,NO JUNCTION INVOLVED,STRAIGHT/HILLCREST,ASPHALT,FAILURE TO YIELD RIGHT OF WAY,LEFT TURN,SLEONARDSPRINGSRDWOODHAVENDR,NONE
INDIANA UNIV BLOOMINGTON PD,BLOOMINGTON,2/16/2019,9:18 AM,1,0,0,0,0,,,,SR 46,E EASTGATE LN,,,,39.17024,-86.501392,STATE ROAD,N,URBAN,N,N,N,,DAYLIGHT,CLEAR,DRY,,T-INTERSECTION,STRAIGHT/LEVEL,ASPHALT,RAN OFF ROAD RIGHT,RAN OFF ROAD,EEASTGATELNSR46,STOP SIGN
MONROE SD,BLOOMINGTON,2/16/2019,5:57 PM,1,0,0,0,0,,,,E BABY CREEK,N BRUMMETTS CREEK RD,,1500,E,39.2068213,-86.39730854,LOCAL/CITY ROAD,N,RURAL,N,N,N,,DAYLIGHT,CLEAR,DRY,,NO JUNCTION INVOLVED,STRAIGHT/LEVEL,GRAVEL,RAN OFF ROAD RIGHT,RAN OFF ROAD,BABYCREEKRDBRUMMETTSCREEKRD,NONE
INDIANA UNIV BLOOMINGTON PD,BLOOMINGTON,2/16/2019,9:34 AM,2,0,0,0,0,,,,N FEE,N JORDAN AVE,,,,39.18384,-86.5192,LOCAL/CITY ROAD,N,URBAN,N,N,N,,DAYLIGHT,CLEAR,DRY,,FOUR-WAY INTERSECTION,STRAIGHT/LEVEL,ASPHALT,FAILURE TO YIELD RIGHT OF WAY,RIGHT ANGLE,FEELNNJORDANAVE,NONE
MONROE SD,BLOOMINGTON,2/16/2019,2:21 AM,1,0,0,0,0,,,,SR 46,N BRUMMETS CREEK RD,,,,39.15155,-86.38645,STATE ROAD,N,RURAL,N,Y,N,,DARK (NOT LIGHTED),CLEAR,DRY,,T-INTERSECTION,CURVE/LEVEL,ASPHALT,ANIMAL/OBJECT IN ROADWAY,RAN OFF ROAD,NBRUMMETSCREEKRDSR46E,NONE
BLOOMINGTON PD,BLOOMINGTON,2/16/2019,11:53 AM,2,0,0,0,0,,,,W 14TH,N WALNUT ST,,,,39.175952,-86.53344,LOCAL/CITY ROAD,N,URBAN,N,N,N,,DAYLIGHT,CLEAR,DRY,,NO JUNCTION INVOLVED,STRAIGHT/GRADE,ASPHALT,FAILURE TO YIELD RIGHT OF WAY,RIGHT ANGLE,14THSTNORTHWALNUTST,STOP SIGN
BLOOMINGTON PD,BLOOMINGTON,2/16/2019,8:38 PM,2,0,0,0,0,,,,W 3RD,S JOHNSON AVE,,,,39.16464,-86.564992,LOCAL/CITY ROAD,N,URBAN,N,N,N,,DARK (LIGHTED),CLEAR,DRY,,FOUR-WAY INTERSECTION,STRAIGHT/GRADE,ASPHALT,UNSAFE LANE MOVEMENT,SAME DIRECTION SIDESWIPE,SJOHNSONAVEW3RDST,NONE
BLOOMINGTON PD,BLOOMINGTON,2/17/2019,1:40 PM,2,0,0,0,0,,,,SR 46,S COLLEGE MALL RD,,,,39.16424,-86.4984,LOCAL/CITY ROAD,N,URBAN,N,N,N,,DAYLIGHT,CLOUDY,WET,,FOUR-WAY INTERSECTION,STRAIGHT/LEVEL,ASPHALT,FAILURE TO YIELD RIGHT OF WAY,HEAD ON BETWEEN TWO MOTOR VEHICLES,ETHIRDSTSCOLLEGEMALLRD,TRAFFIC CONTROL SIGNAL
INDIANA UNIV BLOOMINGTON PD,BLOOMINGTON,2/17/2019,3:00 PM,2,0,0,0,0,,,,N JORDAN,E 17TH ST,,650,N,39.18063326,-86.511088,LOCAL/CITY ROAD,Y,URBAN,N,N,N,,UNKNOWN,,,,NO JUNCTION INVOLVED,CURVE/GRADE,ASPHALT,,SAME DIRECTION SIDESWIPE,E17THSTNJORDANAVE,NONE
BLOOMINGTON PD,BLOOMINGTON,2/17/2019,11:55 AM,2,0,0,0,0,,,,SR 46,S PARK RIDGE RD,,,,39.16424,-86.476096,LOCAL/CITY ROAD,N,URBAN,N,N,N,,DAYLIGHT,RAIN,WET,,FOUR-WAY INTERSECTION,STRAIGHT/HILLCREST,ASPHALT,FAILURE TO YIELD RIGHT OF WAY,RIGHT ANGLE,E3RDSTSPARKRIDGERD,STOP SIGN