Agency,City,Collision Date,Collision Time,Vehicles Involved,Trailers Involved,Number Injured,Number Dead,Number Deer,House Number,Roadway Interchange,Roadway Ramp,Roadway Id,Intersecting Road,Interchange,Feet From,Direction,Latitude,Longitude,Roadway Class,Hit and Run?,Locality,School Zone?,Rumble Strips?,Construction?,Construction Type,Light Condition,Weather Conditions,Surface Condition,Type of Median,Roadway Junction Type,Road Character,Roadway Surface,Primary Factor,Manner of Collision,Unique Location Id,Traffic Control
INDIANA UNIV BLOOMINGTON PD,BLOOMINGTON,2/17/2019,2:00 AM,2,0,0,0,0,,,,E 3RD,S FACULTY AVE,,227,W,39.164265,-86.52084535,LOCAL/CITY ROAD,Y,URBAN,N,N,N,,DARK (LIGHTED),CLEAR,DRY,,NO JUNCTION INVOLVED,STRAIGHT/LEVEL,ASPHALT,IMPROPER TURNING,SAME DIRECTION SIDESWIPE,FACULTYAVETHIRDST,NONE
ISP BLOOMINGTON 33,BLOOMINGTON,2/17/2019,9:51 AM,1,0,0,0,0,,,,SR 45,N PRAIRIE GREEN CT,,100,W,39.17915,-86.47441135,STATE ROAD,N,RURAL,N,N,N,,DAYLIGHT,SLEET/HAIL/FREEZING RAIN,ICE,,NO JUNCTION INVOLVED,CURVE/LEVEL,ASPHALT,SPEED TOO FAST FOR WEATHER CONDITIONS,RAN OFF ROAD,PRAIRIEGREENCTSR45,LANE CONTROL
ISP BLOOMINGTON 33,BLOOMINGTON,2/17/2019,11:29 AM,2,0,0,0,0,,,,SR 45,S STANFORD RD,,,,39.08984,-86.666304,STATE ROAD,N,RURAL,N,N,N,,DAYLIGHT,RAIN,WET,,FOUR-WAY INTERSECTION,STRAIGHT/GRADE,ASPHALT,FAILURE TO YIELD RIGHT OF WAY,RIGHT ANGLE,SR45STANFORDRD,STOP SIGN
ELLETTSVILLE PD,ELLETTSVILLE,2/17/2019,7:08 PM,2,0,0,0,0,,,,W VINE,N SALE ST,,,,39.234384,-86.624064,LOCAL/CITY ROAD,N,URBAN,N,N,N,,DARK (NOT LIGHTED),CLOUDY,WET,,FOUR-WAY INTERSECTION,STRAIGHT/LEVEL,ASPHALT,DISREGARD SIGNAL/REG SIGN,OTHER - EXPLAIN IN NARRATIVE,NSALESTWVINEST,STOP SIGN
BLOOMINGTON PD,BLOOMINGTON,2/18/2019,2:45 PM,2,0,0,0,0,,,,S COLLEGE,W 3RD ST,,,,39.16464,-86.534816,LOCAL/CITY ROAD,N,URBAN,N,N,N,,DAYLIGHT,CLEAR,DRY,,FOUR-WAY INTERSECTION,STRAIGHT/LEVEL,ASPHALT,IMPROPER LANE USAGE,SAME DIRECTION SIDESWIPE,SCOLLEGEAVEW3RDST,TRAFFIC CONTROL SIGNAL
INDIANA UNIV BLOOMINGTON PD,BLOOMINGTON,2/18/2019,2:15 PM,2,0,0,0,0,1315,,,E 10TH,,,,,39.17157943,-86.51826514,UNKNOWN,N,URBAN,N,N,N,,DAYLIGHT,BLOWING SAND/SOIL/SNOW,DRY,,NO JUNCTION INVOLVED,NON-ROADWAY CRASH,ASPHALT,UNSAFE BACKING,BACKING CRASH,E10THSTREETST,NONE
BLOOMINGTON PD,BLOOMINGTON,2/18/2019,1:15 PM,2,0,0,0,0,,,,E ROGERS,THE STANDS DR,,200,E,39.13631077,-86.50420003,LOCAL/CITY ROAD,N,URBAN,N,N,N,,DAYLIGHT,CLOUDY,DRY,,NO JUNCTION INVOLVED,STRAIGHT/GRADE,ASPHALT,OTHER (DRIVER) - EXPLAIN IN NARRATIVE,OPPOSITE DIRECTION SIDESWIPE,ROGERSRAMPTHESTANDSST,NONE
MONROE SD,BLOOMINGTON,2/18/2019,3:15 PM,2,0,0,0,0,,,,I-69 N,,,200,S,0,0,INTERSTATE,N,RURAL,N,N,Y,X-OVER/LANE SHIFT,DAYLIGHT,CLOUDY,DRY,,NO JUNCTION INVOLVED,STRAIGHT/LEVEL,ASPHALT,IMPROPER LANE USAGE,SAME DIRECTION SIDESWIPE,ECHAMBERSPIKEI69N,LANE CONTROL
INDIANA UNIV BLOOMINGTON PD,BLOOMINGTON,2/18/2019,4:20 PM,2,0,0,0,0,1430,,,N JORDAN,,,460,S,39.13366055,-86.51247,LOCAL/CITY ROAD,Y,URBAN,N,N,N,,DAYLIGHT,CLOUDY,DRY,,NO JUNCTION INVOLVED,CURVE/LEVEL,ASPHALT,UNSAFE BACKING,BACKING CRASH,EBALFOURSTNJORDANAVE,NONE
MONROE SD,BLOOMINGTON,2/18/2019,10:00 AM,1,0,0,0,0,8325,,,S FAIRFAX,,,,,39.04586577,-86.49031427,COUNTY ROAD,Y,RURAL,N,N,N,,DAYLIGHT,CLEAR,ICE,,NO JUNCTION INVOLVED,CURVE/LEVEL,ASPHALT,RAN OFF ROAD RIGHT,RAN OFF ROAD,SFAIRFAXRD,NONE
MONROE SD,BLOOMINGTON,2/18/2019,8:03 AM,1,0,0,0,0,7887,,,S OLD SR 37,,,,,39.056544,-86.541088,LOCAL/CITY ROAD,N,RURAL,N,N,N,,DAWN/DUSK,SLEET/HAIL/FREEZING RAIN,ICE,NONE,NO JUNCTION INVOLVED,STRAIGHT/LEVEL,ASPHALT,ROADWAY SURFACE CONDITION,RAN OFF ROAD,SOLDSR37HWY,NONE
MONROE SD,BLOOMINGTON,2/18/2019,7:06 AM,1,0,0,0,0,,,,S ROCKPORT,S VICTOR PIKE,,,,39.053744,-86.606304,LOCAL/CITY ROAD,N,RURAL,N,N,N,,DAWN/DUSK,CLOUDY,ICE,,T-INTERSECTION,STRAIGHT/GRADE,ASPHALT,SPEED TOO FAST FOR WEATHER CONDITIONS,RAN OFF ROAD,SROCKPORTRDSVICTORPIKE,NONE
MONROE SD,BLOOMINGTON,2/18/2019,8:20 PM,2,0,0,0,0,,,,S WICKENS,W LEIGHTON LN,,50,W,39.12527,-86.55093567,COUNTY ROAD,N,RURAL,N,N,N,,DARK (NOT LIGHTED),CLEAR,DRY,,T-INTERSECTION,STRAIGHT/LEVEL,ASPHALT,IMPROPER LANE USAGE,SAME DIRECTION SIDESWIPE,SWICKENSSTWLEIGHTONLN,NONE
MONROE SD,BLOOMINGTON,2/18/2019,9:09 PM,1,0,0,0,0,,,,W ELWREN,S GREENE COUNTY LINE RD,,2500,,39.087845,-86.66646999,LOCAL/CITY ROAD,Y,RURAL,N,N,N,,DARK (NOT LIGHTED),CLOUDY,DRY,,NO JUNCTION INVOLVED,STRAIGHT/GRADE,ASPHALT,RAN OFF ROAD RIGHT,RAN OFF ROAD,ELWRENRDGREENECOUNTYLINERD,NONE
MONROE SD,BLOOMINGTON,2/18/2019,4:50 AM,2,0,0,0,0,,,,W GORDON,S ROGERS ST,,,,39.121648,-86.539088,LOCAL/CITY ROAD,N,URBAN,Y,N,N,,DAYLIGHT,CLOUDY,DRY,,FOUR-WAY INTERSECTION,STRAIGHT/LEVEL,ASPHALT,OTHER (DRIVER) - EXPLAIN IN NARRATIVE,REAR END,SROGERSSTWGORDONPIKE,STOP SIGN
BLOOMINGTON PD,BLOOMINGTON,2/19/2019,10:40 AM,2,0,0,0,0,,,,S COLLEGE,W 3RD ST,,,,39.16464,-86.534816,LOCAL/CITY ROAD,N,URBAN,N,N,N,,DAYLIGHT,CLEAR,DRY,,FOUR-WAY INTERSECTION,STRAIGHT/LEVEL,ASPHALT,FOLLOWING TOO CLOSELY,REAR END,SOUTHCOLLEGEAVEW3RDST,TRAFFIC CONTROL SIGNAL
INDIANA UNIV BLOOMINGTON PD,BLOOMINGTON,2/19/2019,6:50 PM,2,0,0,0,0,,,,N WOODLAWN,E 10TH ST,,,,39.171515,-86.52351,LOCAL/CITY ROAD,N,URBAN,N,N,N,,DARK (LIGHTED),CLEAR,DRY,,FOUR-WAY INTERSECTION,STRAIGHT/LEVEL,ASPHALT,FOLLOWING TOO CLOSELY,REAR END,TENTHSTWOODLAWNAVE,TRAFFIC CONTROL SIGNAL
BLOOMINGTON PD,BLOOMINGTON,2/19/2019,12:47 PM,2,0,0,0,0,,,,N GATES,N JACOB DR,,,,39.16562,-86.576,LOCAL/CITY ROAD,Y,URBAN,N,N,N,,DAYLIGHT,CLOUDY,DRY,,T-INTERSECTION,STRAIGHT/LEVEL,ASPHALT,FAILURE TO YIELD RIGHT OF WAY,RIGHT ANGLE,SGATESDRWJACOBDR,STOP SIGN
BLOOMINGTON PD,BLOOMINGTON,2/19/2019,7:44 AM,2,0,2,0,0,,,,E HILLSIDE,S MAXWELL ST,,,,39.150576,-86.515088,LOCAL/CITY ROAD,N,URBAN,N,N,N,,DAWN/DUSK,CLEAR,DRY,,T-INTERSECTION,STRAIGHT/LEVEL,ASPHALT,FAILURE TO YIELD RIGHT OF WAY,LEFT TURN,EHILLSIDEDRSMAXWELLST,LANE CONTROL
MONROE SD,BLOOMINGTON,2/19/2019,4:56 PM,1,0,0,0,0,,,,E SCHACHT,S HARRELL RD,,2500,W,39.10689,-86.52357369,COUNTY ROAD,N,RURAL,N,N,N,,DAYLIGHT,CLOUDY,DRY,,NO JUNCTION INVOLVED,STRAIGHT/LEVEL,ASPHALT,RAN OFF ROAD RIGHT,RAN OFF ROAD,HARRELRDSCHACHTRD,NONE
MONROE SD,BLOOMINGTON,2/19/2019,7:56 AM,2,1,0,0,0,,,,S CURRY,W FARMER AVE,,,,39.15059,-86.58262,COUNTY ROAD,N,URBAN,N,N,N,,DAYLIGHT,CLEAR,DRY,,NO JUNCTION INVOLVED,STRAIGHT/LEVEL,ASPHALT,IMPROPER TURNING,RIGHT TURN,CURRYPIKEFARMERAVE,NONE
BLOOMINGTON PD,BLOOMINGTON,2/19/2019,1:30 PM,2,0,1,0,0,,,,S HENDERSON,E SOUTHERN DR,,,,39.1495,-86.52693,LOCAL/CITY ROAD,N,URBAN,N,N,N,,DAYLIGHT,CLEAR,DRY,,T-INTERSECTION,STRAIGHT/GRADE,ASPHALT,FAILURE TO YIELD RIGHT OF WAY,RIGHT ANGLE,ESOUTHERNDRSHENDERSONST,STOP SIGN
MONROE SD,BLOOMINGTON,2/19/2019,8:46 AM,2,0,0,0,0,,,,W POPCORN,S THIRD ST,,300,W,0,0,LOCAL/CITY ROAD,N,RURAL,N,N,N,,DAYLIGHT,CLEAR,DRY,,NO JUNCTION INVOLVED,STRAIGHT/LEVEL,ASPHALT,OTHER (DRIVER) - EXPLAIN IN NARRATIVE,OPPOSITE DIRECTION SIDESWIPE,STHIRDSTWPOPCORNRD,NONE
BLOOMINGTON PD,BLOOMINGTON,2/20/2019,8:19 AM,3,0,0,0,0,,,,S WALNUT,E 3RD ST,,200,S,39.16409069,-86.5336,LOCAL/CITY ROAD,N,URBAN,N,N,N,,DAYLIGHT,RAIN,WET,,NO JUNCTION INVOLVED,STRAIGHT/LEVEL,ASPHALT,BRAKE FAILURE OR DEFECTIVE,REAR END,3RDSTWALNUTST,NONE
BLOOMINGTON PD,BLOOMINGTON,2/20/2019,1:30 PM,2,0,0,0,0,,,,W 3RD,S WALNUT ST,,,,39.16464,-86.5336,LOCAL/CITY ROAD,N,URBAN,N,N,N,,DAYLIGHT,RAIN,WET,,FOUR-WAY INTERSECTION,STRAIGHT/GRADE,ASPHALT,DISREGARD SIGNAL/REG SIGN,RIGHT ANGLE,SWALNUTSTW3RDST,TRAFFIC CONTROL SIGNAL
BLOOMINGTON PD,BLOOMINGTON,2/20/2019,4:05 PM,1,0,1,0,0,,,,W 7TH,N WALNUT ST,,,,39.16855,-86.53359,LOCAL/CITY ROAD,N,URBAN,N,N,N,,DAYLIGHT,CLOUDY,DRY,,FOUR-WAY INTERSECTION,STRAIGHT/LEVEL,ASPHALT,FAILURE TO YIELD RIGHT OF WAY,LEFT TURN,NORTHWALNUTSTWEST7THST,TRAFFIC CONTROL SIGNAL
ISP BLOOMINGTON 33,BLOOMINGTON,2/20/2019,3:55 PM,2,0,2,0,0,,,,N CURRY,W VERNAL PIKE,,1200,S,39.05220955,-86.58309,COUNTY ROAD,N,RURAL,N,N,N,,DAYLIGHT,CLOUDY,WET,,NO JUNCTION INVOLVED,STRAIGHT/LEVEL,ASPHALT,UNSAFE SPEED,REAR END,CURRYPIKEVERNALPIKE,LANE CONTROL
MONROE SD,BLOOMINGTON,2/20/2019,9:30 PM,2,0,0,0,0,,,,SR 45/46,I-69 S,Y,,,39.16108761,-86.41134094,STATE ROAD,N,RURAL,N,N,N,,DARK (NOT LIGHTED),CLEAR,DRY,,NO JUNCTION INVOLVED,STRAIGHT/LEVEL,CONCRETE,IMPROPER LANE USAGE,SAME DIRECTION SIDESWIPE,I69SR46W,TRAFFIC CONTROL SIGNAL
INDIANA UNIV BLOOMINGTON PD,BLOOMINGTON,2/20/2019,5:30 AM,1,0,0,0,0,,,,SR 45/46,N MILO B SAMPSON LN,,450,S,39.13860874,-86.52215,STATE ROAD,N,URBAN,N,N,N,,DARK (NOT LIGHTED),RAIN,SNOW/SLUSH,,NO JUNCTION INVOLVED,CURVE/GRADE,ASPHALT,UNSAFE BACKING,RAN OFF ROAD,NMILOBSAMPSONLNSR46,NONE
INDIANA UNIV BLOOMINGTON PD,BLOOMINGTON,2/20/2019,2:36 PM,2,0,0,0,0,,,,E 10TH,N CAMPBELL DR,,,,0,0,LOCAL/CITY ROAD,N,URBAN,N,N,N,,DAYLIGHT,RAIN,WET,,NO JUNCTION INVOLVED,STRAIGHT/LEVEL,ASPHALT,SPEED TOO FAST FOR WEATHER CONDITIONS,REAR END,10THSTCAMPBELLDR,NONE
BLOOMINGTON PD,BLOOMINGTON,2/20/2019,5:40 PM,2,0,0,0,0,,,,E HILLSIDE,S NANCY ST,,,,39.150544,-86.511088,LOCAL/CITY ROAD,N,URBAN,N,N,N,,DAWN/DUSK,RAIN,WET,,T-INTERSECTION,STRAIGHT/GRADE,ASPHALT,FOLLOWING TOO CLOSELY,REAR END,EASTHILLSIDEDRSOUTHNANCYST,NONE
BLOOMINGTON PD,BLOOMINGTON,2/20/2019,12:46 PM,2,0,0,0,0,,,,N GRANT,E 7TH ST,,,,39.16864,-86.529696,LOCAL/CITY ROAD,N,URBAN,N,N,N,,DAYLIGHT,RAIN,WET,,FOUR-WAY INTERSECTION,STRAIGHT/LEVEL,ASPHALT,FAILURE TO YIELD RIGHT OF WAY,RIGHT ANGLE,7THSTGRANTST,STOP SIGN
MONROE SD,ELLETTSVILLE,2/20/2019,5:43 AM,1,0,0,0,0,,,,N STINESVILLE,W HEDRICK RD,,3000,S,39.281744,-86.662992,LOCAL/CITY ROAD,N,RURAL,N,N,N,,DARK (NOT LIGHTED),RAIN,SNOW/SLUSH,,NO JUNCTION INVOLVED,STRAIGHT/LEVEL,ASPHALT,SPEED TOO FAST FOR WEATHER CONDITIONS,RAN OFF ROAD,HEDRICKRDNSTINESVILLERD,NONE
MONROE SD,BLOOMINGTON,2/20/2019,10:07 PM,1,0,0,0,0,,,,S BREEDEN,W TOM PHILLIPS RD,,500,S,39.076048,-86.674496,LOCAL/CITY ROAD,N,RURAL,N,N,N,,DARK (NOT LIGHTED),CLOUDY,WET,,NO JUNCTION INVOLVED,CURVE/LEVEL,ASPHALT,RAN OFF ROAD RIGHT,RAN OFF ROAD,SBREEDENRDWTOMPHILLIPSRD,NONE
MONROE SD,BLOOMINGTON,2/20/2019,7:30 AM,1,0,0,0,0,,,,W MAY,S LEONARD SPRINGS RD,,450,W,39.09344,-86.59337807,LOCAL/CITY ROAD,N,RURAL,N,N,N,,DAWN/DUSK,CLOUDY,SNOW/SLUSH,,NO JUNCTION INVOLVED,STRAIGHT/GRADE,ASPHALT,RAN OFF ROAD RIGHT,RAN OFF ROAD,MAYRDSLEONARDSPRINGSRD,NONE
BLOOMINGTON PD,BLOOMINGTON,2/21/2019,10:39 AM,3,0,2,0,0,,,,S LIBERTY,SR 45,,,,39.14502,-86.57777,STATE ROAD,N,URBAN,N,N,N,,DAYLIGHT,CLEAR,DRY,,FOUR-WAY INTERSECTION,STRAIGHT/LEVEL,ASPHALT,FAILURE TO YIELD RIGHT OF WAY,RIGHT ANGLE,LIBERTYDRSR45W,TRAFFIC CONTROL SIGNAL
BLOOMINGTON PD,BLOOMINGTON,2/21/2019,9:27 AM,2,0,2,0,0,,,,N COLLEGE,W 11TH ST,,100,S,39.173232,-86.534752,LOCAL/CITY ROAD,N,URBAN,N,N,N,,DAYLIGHT,CLEAR,DRY,,NO JUNCTION INVOLVED,STRAIGHT/GRADE,ASPHALT,IMPROPER LANE USAGE,REAR END,11THSTNCOLLEGEAVE,NONE
BLOOMINGTON PD,BLOOMINGTON,2/21/2019,8:00 PM,1,0,0,0,0,,,,N CURRY,W PROFILE PKWY,,,,39.17181,-86.58299,LOCAL/CITY ROAD,N,URBAN,N,N,N,,DARK (NOT LIGHTED),CLEAR,DRY,,T-INTERSECTION,STRAIGHT/LEVEL,ASPHALT,RAN OFF ROAD RIGHT,RAN OFF ROAD,NORTHCURRYPIKEPROFILEPKWY,TRAFFIC CONTROL SIGNAL
BLOOMINGTON PD,BLOOMINGTON,2/21/2019,8:34 AM,2,0,2,0,0,,,,E 16TH,N GRANT ST,,,,39.177776,-86.5296,LOCAL/CITY ROAD,N,URBAN,N,N,N,,DAYLIGHT,CLEAR,DRY,,FOUR-WAY INTERSECTION,STRAIGHT/GRADE,ASPHALT,FAILURE TO YIELD RIGHT OF WAY,RIGHT ANGLE,16THSTGRANTST,STOP SIGN
MONROE SD,BLOOMINGTON,2/21/2019,8:46 AM,2,0,0,0,0,,,,N PROFILE,W ZENITH DR,,120,N,0,0,LOCAL/CITY ROAD,N,URBAN,N,N,N,,DAYLIGHT,CLEAR,ICE,,T-INTERSECTION,CURVE/LEVEL,ASPHALT,ROADWAY SURFACE CONDITION,OTHER - EXPLAIN IN NARRATIVE,PROFILEPKWYZENITHRD,NONE
MONROE SD,BLOOMINGTON,2/21/2019,6:47 AM,1,0,1,0,0,,,,S FAIRFAX,S MCCORMICK LN,,1500,N,39.23391642,-86.50779,COUNTY ROAD,N,RURAL,N,N,N,,DARK (NOT LIGHTED),CLEAR,ICE,,NO JUNCTION INVOLVED,CURVE/GRADE,ASPHALT,RAN OFF ROAD RIGHT,RAN OFF ROAD,SOUTHFARFAXRDSOUTHMCCORMICKLN,NONE
MONROE SD,BLOOMINGTON,2/21/2019,7:35 AM,1,0,1,0,0,,,,S ISON,,,1000,N,39.104944,-86.61032,LOCAL/CITY ROAD,N,RURAL,N,N,N,,DAWN/DUSK,CLEAR,ICE,,NO JUNCTION INVOLVED,CURVE/GRADE,ASPHALT,SPEED TOO FAST FOR WEATHER CONDITIONS,RAN OFF ROAD,SISONRDTOWERRD,NONE
MONROE SD,BLOOMINGTON,2/21/2019,7:29 AM,2,0,0,0,0,,,,S KENNEDY,E RHORER RD,,,,39.121488,-86.528304,LOCAL/CITY ROAD,N,RURAL,N,N,N,,DAWN/DUSK,CLEAR,DRY,,T-INTERSECTION,STRAIGHT/HILLCREST,ASPHALT,FAILURE TO YIELD RIGHT OF WAY,RIGHT TURN,KENNEDYDRRHORERRD,STOP SIGN
ISP BLOOMINGTON 33,BLOOMINGTON,2/21/2019,8:12 AM,1,0,0,0,0,,,,SR 46,N GETTYS CREEK RD,,2500,W,39.16359293,-86.42313136,STATE ROAD,N,RURAL,N,N,N,,DAYLIGHT,CLEAR,ICE,,NO JUNCTION INVOLVED,CURVE/GRADE,ASPHALT,SPEED TOO FAST FOR WEATHER CONDITIONS,RAN OFF ROAD,GETTYSCREEKRDSR46,LANE CONTROL
MONROE SD,BLOOMINGTON,2/21/2019,8:31 AM,1,0,0,0,0,,,,W OLD SR 37,,,600,S,39.18976956,-86.50078,LOCAL/CITY ROAD,N,RURAL,N,N,N,,DAYLIGHT,CLEAR,ICE,,NO JUNCTION INVOLVED,CURVE/LEVEL,ASPHALT,SPEED TOO FAST FOR WEATHER CONDITIONS,RAN OFF ROAD,OLDSTATEROAD37HWYSAMPLERD,NONE
MONROE SD,BLOOMINGTON,2/21/2019,7:23 AM,1,0,0,0,0,,,,W REEVES,COUNTY LINE RD 450 E,,1200,E,39.08604,-86.68240401,LOCAL/CITY ROAD,N,RURAL,N,N,N,,DAWN/DUSK,CLEAR,ICE,,NO JUNCTION INVOLVED,CURVE/GRADE,ASPHALT,ROADWAY SURFACE CONDITION,RAN OFF ROAD,NCOUNTYLINERDREEVESRD,NONE
MONROE SD,BLOOMINGTON,2/22/2019,7:47 AM,4,0,0,0,0,,,,N CURRY,W VERNAL PIKE,,2500,N,39.179248,-86.5832,LOCAL/CITY ROAD,N,URBAN,N,N,N,,DAYLIGHT,CLEAR,DRY,,NO JUNCTION INVOLVED,CURVE/LEVEL,ASPHALT,FOLLOWING TOO CLOSELY,REAR END,NCURRYPIKEVERNALPIKE,NONE
BLOOMINGTON PD,BLOOMINGTON,2/22/2019,11:10 AM,2,0,,0,0,,,,S WALNUT,W COUNTRY CLUB DR,,,,39.1361,-86.531055,LOCAL/CITY ROAD,Y,URBAN,N,N,N,,DAYLIGHT,CLEAR,DRY,,FOUR-WAY INTERSECTION,STRAIGHT/GRADE,ASPHALT,FOLLOWING TOO CLOSELY,REAR END,EWINSLOWRDSWALNUTST,TRAFFIC CONTROL SIGNAL
MONROE SD,BLOOMINGTON,2/22/2019,4:17 AM,1,0,0,0,0,,,,SR 45,E MARTIN DR,,100,E,39.20513511,-86.46341552,STATE ROAD,N,URBAN,N,N,N,,DAYLIGHT,CLOUDY,LOOSE MATERIAL ON ROAD,,NO JUNCTION INVOLVED,CURVE/GRADE,ASPHALT,ROADWAY SURFACE CONDITION,RAN OFF ROAD,EMARTINDRSR45E,NONE
BLOOMINGTON PD,BLOOMINGTON,2/22/2019,11:36 AM,2,0,0,0,0,,,,E 6TH,N GRANT ST,,100,E,39.1677158,-86.52934321,LOCAL/CITY ROAD,Y,URBAN,N,N,N,,UNKNOWN,,,,NO JUNCTION INVOLVED,STRAIGHT/LEVEL,ASPHALT,IMPROPER TURNING,SAME DIRECTION SIDESWIPE,6THSTGRANTST,NONE
BLOOMINGTON PD,BLOOMINGTON,2/22/2019,12:51 PM,2,0,0,0,0,,,,E HILLSIDE,S HENDERSON ST,,,,39.15064,-86.52696,LOCAL/CITY ROAD,N,URBAN,N,N,N,,DAYLIGHT,CLOUDY,DRY,,FOUR-WAY INTERSECTION,STRAIGHT/GRADE,ASPHALT,UNSAFE BACKING,BACKING CRASH,HENDERSONSTHILLSIDEDR,TRAFFIC CONTROL SIGNAL
BLOOMINGTON PD,BLOOMINGTON,2/22/2019,10:00 AM,2,0,0,0,0,,,,N DUNN,E 14TH,,,,39.17616,-86.528224,LOCAL/CITY ROAD,N,URBAN,N,N,N,,DAYLIGHT,CLOUDY,DRY,,NO JUNCTION INVOLVED,STRAIGHT/LEVEL,ASPHALT,FAILURE TO YIELD RIGHT OF WAY,RIGHT ANGLE,14THSTDUNNST,NONE
INDIANA UNIV BLOOMINGTON PD,BLOOMINGTON,2/22/2019,11:35 AM,2,0,0,0,0,160,,,N INDIANA,ALLEY,,,,39.16477757,-86.4985986,UNKNOWN,N,URBAN,N,N,N,,DAYLIGHT,CLOUDY,DRY,,T-INTERSECTION,STRAIGHT/LEVEL,ASPHALT,IMPROPER TURNING,LEFT TURN,INDIANAAVE,NONE
BLOOMINGTON PD,BLOOMINGTON,2/22/2019,9:13 PM,2,0,1,0,0,,,,S ROGERS,W 1ST ST,,,,39.17664,-86.538496,LOCAL/CITY ROAD,N,URBAN,N,Y,N,,DARK (NOT LIGHTED),CLEAR,DRY,,FIVE POINT OR MORE,STRAIGHT/LEVEL,ASPHALT,DISREGARD SIGNAL/REG SIGN,OTHER - EXPLAIN IN NARRATIVE,SROGERSSTW1STST,STOP SIGN
BLOOMINGTON PD,BLOOMINGTON,2/23/2019,2:05 PM,2,0,0,0,0,,,,W 3RD,I-69,,,,39.164752,-86.573104,LOCAL/CITY ROAD,N,URBAN,N,N,N,,DAYLIGHT,RAIN,WET,,FOUR-WAY INTERSECTION,STRAIGHT/LEVEL,ASPHALT,FOLLOWING TOO CLOSELY,REAR END,SSTATEROAD37RDW3RDST,TRAFFIC CONTROL SIGNAL
INDIANA UNIV BLOOMINGTON PD,BLOOMINGTON,2/23/2019,7:50 PM,2,0,0,0,0,,,,E 3RD,S SWAIN AVE,,,,39.16425,-86.51526,LOCAL/CITY ROAD,N,URBAN,N,N,N,,DARK (NOT LIGHTED),CLOUDY,WET,,T-INTERSECTION,STRAIGHT/LEVEL,ASPHALT,UNSAFE LANE MOVEMENT,LEFT TURN,SWAINAVETHIRDST,LANE CONTROL
BLOOMINGTON PD,BLOOMINGTON,2/23/2019,1:03 PM,2,0,0,0,0,,,,W 2ND,S ROGERS ST,,,,39.16139,-86.5387,LOCAL/CITY ROAD,Y,URBAN,N,N,N,,DAYLIGHT,RAIN,WET,,FOUR-WAY INTERSECTION,STRAIGHT/LEVEL,ASPHALT,FOLLOWING TOO CLOSELY,REAR END,SROGERSSTW2NDST,TRAFFIC CONTROL SIGNAL
INDIANA UNIV BLOOMINGTON PD,BLOOMINGTON,2/23/2019,6:30 PM,1,0,1,0,0,,,,E 10TH,N SUNRISE DR,,,,39.17158,-86.51248,LOCAL/CITY ROAD,Y,URBAN,N,Y,N,,DAYLIGHT,CLOUDY,WET,,FOUR-WAY INTERSECTION,STRAIGHT/LEVEL,ASPHALT,FAILURE TO YIELD RIGHT OF WAY,RIGHT TURN,E10THSTNSUNRISEDR,TRAFFIC CONTROL SIGNAL
MONROE SD,ELLETTSVILLE,2/23/2019,8:03 PM,1,0,1,0,0,,,,W REEVES,W GILMORE RD,,,,39.231648,-86.671296,LOCAL/CITY ROAD,N,RURAL,N,N,N,,DARK (NOT LIGHTED),CLOUDY,WET,,T-INTERSECTION,CURVE/GRADE,ASPHALT,RAN OFF ROAD RIGHT,RAN OFF ROAD,WESTGILMORERDWESTREEVESRD,NONE
BLOOMINGTON PD,BLOOMINGTON,2/24/2019,1:33 AM,2,0,0,0,0,,,,W 3RD,S PATTERSON DR,,,,39.16424,-86.551785,LOCAL/CITY ROAD,Y,URBAN,N,N,N,,DARK (LIGHTED),RAIN,WET,,INTERCHANGE,CURVE/GRADE,ASPHALT,SPEED TOO FAST FOR WEATHER CONDITIONS,REAR END,3RDSTPATTERSONST,TRAFFIC CONTROL SIGNAL
MONROE SD,BLOOMINGTON,2/24/2019,9:00 AM,1,0,0,0,0,,,,S ROCKPORT,W POPCORN RD,,2000,N,39.21340507,-86.58986,COUNTY ROAD,N,RURAL,N,N,N,,DAYLIGHT,CLEAR,DRY,,NO JUNCTION INVOLVED,CURVE/LEVEL,ASPHALT,OVERCORRECTING/OVERSTEERING,OTHER - EXPLAIN IN NARRATIVE,POPCORNRDROCKPORTRD,NONE
BLOOMINGTON PD,BLOOMINGTON,2/24/2019,9:04 AM,1,0,0,0,0,250,,,S WASHINGTON,,,,,39.16513371,-86.5324,LOCAL/CITY ROAD,N,URBAN,N,N,N,,DAYLIGHT,CLOUDY,DRY,,NO JUNCTION INVOLVED,STRAIGHT/GRADE,ASPHALT,RAN OFF ROAD RIGHT,OTHER - EXPLAIN IN NARRATIVE,WASHINGTONST,NONE
BLOOMINGTON PD,BLOOMINGTON,2/25/2019,7:20 PM,1,0,1,0,0,,,,S PATTERSON,W 2ND ST,,,,39.1606,-86.548355,LOCAL/CITY ROAD,N,URBAN,N,N,N,,DARK (LIGHTED),CLEAR,DRY,,FOUR-WAY INTERSECTION,STRAIGHT/LEVEL,ASPHALT,PEDESTRIAN ACTION,OTHER - EXPLAIN IN NARRATIVE,SPATTERSONDRW2NDST,TRAFFIC CONTROL SIGNAL