Agency,City,Collision Date,Collision Time,Vehicles Involved,Trailers Involved,Number Injured,Number Dead,Number Deer,House Number,Roadway Interchange,Roadway Ramp,Roadway Id,Intersecting Road,Interchange,Feet From,Direction,Latitude,Longitude,Roadway Class,Hit and Run?,Locality,School Zone?,Rumble Strips?,Construction?,Construction Type,Light Condition,Weather Conditions,Surface Condition,Type of Median,Roadway Junction Type,Road Character,Roadway Surface,Primary Factor,Manner of Collision,Unique Location Id,Traffic Control
BLOOMINGTON PD,BLOOMINGTON,2/25/2019,3:45 PM,2,0,0,0,0,,,,W COUNTRY CLUB,S WALNUT ST,,,,39.1361,-86.531055,LOCAL/CITY ROAD,N,URBAN,N,N,N,,DAYLIGHT,CLEAR,DRY,,FOUR-WAY INTERSECTION,STRAIGHT/GRADE,ASPHALT,FOLLOWING TOO CLOSELY,REAR END,SWALNUTSTWCOUNTRYCLUBDR,TRAFFIC CONTROL SIGNAL
BLOOMINGTON PD,BLOOMINGTON,2/25/2019,2:43 PM,2,0,0,0,0,,,,E COVENANTER,S COLLEGE MALL RD,,,,39.155152,-86.497888,LOCAL/CITY ROAD,N,URBAN,N,N,N,,DAYLIGHT,CLEAR,DRY,,T-INTERSECTION,STRAIGHT/LEVEL,ASPHALT,FOLLOWING TOO CLOSELY,REAR END,EASTCOVENANTERBLVDSOUTHCOLLEGEMALLRD,NONE
MONROE SD,BLOOMINGTON,2/25/2019,1:43 PM,2,0,0,0,0,,,,S CURRY,W CONSTITUTION AVE,,,,39.15123,-86.58278,LOCAL/CITY ROAD,N,URBAN,N,N,N,,DAYLIGHT,CLEAR,DRY,,T-INTERSECTION,STRAIGHT/LEVEL,ASPHALT,UNSAFE LANE MOVEMENT,SAME DIRECTION SIDESWIPE,CONSTITUTIONAVESCURRYPIKE,NONE
BLOOMINGTON PD,BLOOMINGTON,2/25/2019,7:39 AM,2,0,0,0,0,,,,S ADAMS,W BLOOMFIELD RD,,,,39.160544,-86.5508,LOCAL/CITY ROAD,N,URBAN,N,N,N,,DAYLIGHT,CLEAR,DRY,,FOUR-WAY INTERSECTION,CURVE/GRADE,ASPHALT,DISREGARD SIGNAL/REG SIGN,LEFT TURN,BLOOMFIELDRDSADAMSST,TRAFFIC CONTROL SIGNAL
MONROE SD,BLOOMINGTON,2/25/2019,6:02 AM,1,0,0,0,1,,,,SR 45,W ELLER RD,,250,W,39.12180244,-86.61507935,STATE ROAD,N,RURAL,N,N,N,,DARK (NOT LIGHTED),CLEAR,DRY,,NO JUNCTION INVOLVED,STRAIGHT/LEVEL,ASPHALT,ANIMAL/OBJECT IN ROADWAY,COLLISION WITH DEER,ELLERRDSR45E,NONE
INDIANA UNIV BLOOMINGTON PD,BLOOMINGTON,2/26/2019,12:45 PM,2,0,0,0,0,,,,E 10TH,N WOODLAWN AVE,,,,39.171515,-86.52351,LOCAL/CITY ROAD,N,URBAN,N,N,N,,DAYLIGHT,CLEAR,DRY,,FOUR-WAY INTERSECTION,STRAIGHT/LEVEL,ASPHALT,UNSAFE BACKING,BACKING CRASH,TENTHSTWOODLAWNAVE,TRAFFIC CONTROL SIGNAL
BLOOMINGTON PD,BLOOMINGTON,2/26/2019,12:34 PM,2,0,0,0,0,,,,S WALNUT,E SMITH AVE,,100,S,39.15227603,-86.53375,LOCAL/CITY ROAD,N,URBAN,N,N,N,,DAYLIGHT,CLEAR,DRY,,NO JUNCTION INVOLVED,STRAIGHT/LEVEL,ASPHALT,FAILURE TO YIELD RIGHT OF WAY,SAME DIRECTION SIDESWIPE,SWALNUTSTSMITHAVE,NONE
INDIANA UNIV BLOOMINGTON PD,BLOOMINGTON,2/26/2019,7:58 PM,1,0,1,0,0,,,,E 17TH,N WOODLAWN AVE,,327,W,39.17899975,-86.52465789,LOCAL/CITY ROAD,N,URBAN,N,N,N,,DARK (LIGHTED),CLEAR,DRY,,NO JUNCTION INVOLVED,STRAIGHT/HILLCREST,ASPHALT,FAILURE TO YIELD RIGHT OF WAY,RIGHT ANGLE,EAST17THSTWOODLAWNAVE,OTHER REGULATORY SIGN/MARKING
BLOOMINGTON PD,BLOOMINGTON,2/26/2019,4:10 PM,2,0,4,0,0,,,,E WINSLOW,S BURBERRY LN,,,,39.13599,-86.52313,LOCAL/CITY ROAD,N,URBAN,N,N,N,,DAYLIGHT,CLEAR,DRY,,T-INTERSECTION,STRAIGHT/LEVEL,ASPHALT,FAILURE TO YIELD RIGHT OF WAY,LEFT/RIGHT TURN,EWINSLOWRDSBURBERRYLN,NONE
BLOOMINGTON PD,BLOOMINGTON,2/26/2019,4:43 PM,2,0,2,0,0,,,,S FESS,E 1ST ST,,,,0,0,LOCAL/CITY ROAD,N,URBAN,N,N,N,,DAYLIGHT,CLEAR,DRY,,FOUR-WAY INTERSECTION,STRAIGHT/GRADE,ASPHALT,FAILURE TO YIELD RIGHT OF WAY,RIGHT ANGLE,1STSTFESSAVE,STOP SIGN
MONROE SD,BLOOMINGTON,2/26/2019,3:00 PM,1,0,0,0,0,,,,S SMITH,E ST REMY DR,,600,N,39.20558032,-86.48038,LOCAL/CITY ROAD,Y,RURAL,N,N,N,,DAYLIGHT,CLEAR,DRY,,NO JUNCTION INVOLVED,STRAIGHT/LEVEL,ASPHALT,RAN OFF ROAD RIGHT,RAN OFF ROAD,ESTREMYDRSSMITHRD,NONE
BLOOMINGTON PD,BLOOMINGTON,2/27/2019,3:33 PM,3,0,0,0,0,,,,SR 45/46,N COLLEGE AVE,,,,39.186352,-86.534704,STATE ROAD,N,URBAN,N,N,N,,DAYLIGHT,CLOUDY,DRY,,FOUR-WAY INTERSECTION,STRAIGHT/LEVEL,ASPHALT,FOLLOWING TOO CLOSELY,REAR END,NCOLLEGEAVESR45E,TRAFFIC CONTROL SIGNAL
ISP BLOOMINGTON 33,BLOOMINGTON,2/27/2019,11:00 AM,2,0,0,0,0,,,,SR 48,S CURRY PIKE,,50,W,39.16464,-86.58282067,STATE ROAD,N,URBAN,N,N,N,,DAYLIGHT,CLOUDY,DRY,,NO JUNCTION INVOLVED,STRAIGHT/LEVEL,ASPHALT,FAILURE TO YIELD RIGHT OF WAY,RIGHT ANGLE,CURRYPIKESR48,LANE CONTROL
BLOOMINGTON PD,BLOOMINGTON,2/27/2019,9:54 PM,2,0,0,0,0,,,,S WALNUT ST PIKE,E WINSLOW RD,,,,39.13599,-86.52881,LOCAL/CITY ROAD,N,URBAN,N,N,N,,DAYLIGHT,CLEAR,DRY,,FOUR-WAY INTERSECTION,STRAIGHT/LEVEL,ASPHALT,DISREGARD SIGNAL/REG SIGN,RIGHT ANGLE,EWINSLOWRDSWALNUTSTREETPIKE,STOP SIGN
MONROE SD,BLOOMINGTON,2/27/2019,6:02 PM,2,0,0,0,0,,,,S WALNUT,W CHURCH LN,,,,39.107248,-86.531392,COUNTY ROAD,N,RURAL,N,N,N,,DAWN/DUSK,CLEAR,DRY,,FOUR-WAY INTERSECTION,STRAIGHT/LEVEL,ASPHALT,FOLLOWING TOO CLOSELY,REAR END,SOLDSTATE37RDWCHURCHLN,TRAFFIC CONTROL SIGNAL
BLOOMINGTON PD,BLOOMINGTON,2/27/2019,11:45 PM,2,0,0,0,0,,,,E ROCK CREEK,E ROCK CREEK CT,,100,W,39.14264,-86.4996,LOCAL/CITY ROAD,Y,URBAN,N,N,N,,DARK (LIGHTED),CLOUDY,DRY,,NO JUNCTION INVOLVED,CURVE/LEVEL,ASPHALT,,REAR END,EASTROCKCREEKCTEASTROCKCREEKDR,NONE
ISP BLOOMINGTON 33,BLOOMINGTON,2/27/2019,12:50 PM,1,0,0,0,0,,117,F,I-69 N,,Y,0,N,0,0,INTERSTATE,N,URBAN,N,N,N,,DAYLIGHT,CLOUDY,DRY,,RAMP,CURVE/LEVEL,ASPHALT,RAN OFF ROAD RIGHT,RAN OFF ROAD,I69,LANE CONTROL
MONROE SD,BLOOMINGTON,2/27/2019,5:32 AM,2,0,0,0,0,,,,INDUSTRIAL,S YOST DR,,,,39.143744,-86.580736,LOCAL/CITY ROAD,N,URBAN,N,N,N,,DAYLIGHT,CLEAR,DRY,,NO JUNCTION INVOLVED,STRAIGHT/LEVEL,ASPHALT,FAILURE TO YIELD RIGHT OF WAY,LEFT/RIGHT TURN,INDUSTRIALDRYOSTAVE,NONE
BLOOMINGTON PD,BLOOMINGTON,2/27/2019,1:39 AM,1,0,0,0,0,,,,N KINSER,W CLUBHOUSE DR,,,,39.20082,-86.54286,LOCAL/CITY ROAD,N,URBAN,N,N,N,,DARK (NOT LIGHTED),CLEAR,DRY,,T-INTERSECTION,CURVE/LEVEL,ASPHALT,RAN OFF ROAD RIGHT,RAN OFF ROAD,CLUBHOUSEDRNKINSERPIKE,NONE
MONROE SD,BLOOMINGTON,2/27/2019,7:56 AM,1,0,0,0,1,,,,S FAIRFAX,E SANDERS SECOND AVE,,200,N,39.10320433,-86.5158,LOCAL/CITY ROAD,N,RURAL,N,N,N,,DAYLIGHT,CLEAR,DRY,,NO JUNCTION INVOLVED,STRAIGHT/GRADE,ASPHALT,ANIMAL/OBJECT IN ROADWAY,COLLISION WITH DEER,ESANDERSSECONDAVESFAIRFAXXRD,LANE CONTROL
BLOOMINGTON PD,BLOOMINGTON,2/27/2019,3:42 PM,2,0,0,0,0,,,,S LEONARD SPRINGS,W BARGE LN,,350,S,39.09816728,-86.582605,LOCAL/CITY ROAD,N,URBAN,N,N,N,,DAYLIGHT,CLEAR,DRY,,NO JUNCTION INVOLVED,STRAIGHT/LEVEL,ASPHALT,FOLLOWING TOO CLOSELY,REAR END,BARGELNLEONARDSPRINGSRD,NONE
INDIANA UNIV BLOOMINGTON PD,BLOOMINGTON,2/28/2019,6:20 PM,2,0,0,0,0,,,,E 3RD,S SWAIN AVE,,,,39.16425,-86.51526,LOCAL/CITY ROAD,N,URBAN,N,N,N,,DAYLIGHT,CLEAR,DRY,,T-INTERSECTION,STRAIGHT/LEVEL,ASPHALT,IMPROPER TURNING,LEFT TURN,SWAINAVETHIRDST,LANE CONTROL
BLOOMINGTON PD,BLOOMINGTON,2/28/2019,5:03 PM,2,0,0,0,0,,,,N COLLEGE,W 10TH ST,,,,39.171744,-86.534768,LOCAL/CITY ROAD,N,URBAN,N,N,N,,DAYLIGHT,CLOUDY,WET,,FOUR-WAY INTERSECTION,STRAIGHT/LEVEL,ASPHALT,UNSAFE LANE MOVEMENT,SAME DIRECTION SIDESWIPE,NCOLLEGEAVEW10THST,TRAFFIC CONTROL SIGNAL
BLOOMINGTON PD,BLOOMINGTON,2/28/2019,6:40 PM,2,0,0,0,0,,,,E 6TH,N GRANT ST,,100,E,39.167712,-86.529696,LOCAL/CITY ROAD,Y,URBAN,N,N,N,,DARK (LIGHTED),SNOW,WET,,FOUR-WAY INTERSECTION,STRAIGHT/LEVEL,ASPHALT,UNSAFE LANE MOVEMENT,SAME DIRECTION SIDESWIPE,E6THSTNGRANTST,NONE
BLOOMINGTON PD,BLOOMINGTON,2/28/2019,3:46 PM,2,0,0,0,0,,,,S CURRY,W BROADWAY AVE,,,,39.165525,-86.582985,LOCAL/CITY ROAD,N,URBAN,N,N,N,,DAYLIGHT,BLOWING SAND/SOIL/SNOW,WET,,T-INTERSECTION,STRAIGHT/GRADE,ASPHALT,UNSAFE LANE MOVEMENT,SAME DIRECTION SIDESWIPE,SCURRYPIKEWBROADWAYAVE,NONE
MONROE SD,BLOOMINGTON,2/28/2019,5:33 PM,2,0,0,0,0,,,,S ROGERS,S OLD SR 37,,,,39.099408,-86.537904,COUNTY ROAD,N,RURAL,N,N,N,,DAYLIGHT,SNOW,WET,,T-INTERSECTION,STRAIGHT/LEVEL,ASPHALT,FOLLOWING TOO CLOSELY,REAR END,SOLDSTATERD37RDSROGERSST,STOP SIGN
MONROE SD,BLOOMINGTON,2/28/2019,11:26 PM,1,0,0,0,1,,,,SR 45,S DARRELL DR,,100,E,39.11500753,-86.627328,STATE ROAD,N,RURAL,N,N,N,,DARK (NOT LIGHTED),CLEAR,DRY,,NO JUNCTION INVOLVED,CURVE/LEVEL,ASPHALT,ANIMAL/OBJECT IN ROADWAY,COLLISION WITH DEER,DARRELLDRSR45W,NONE
BLOOMINGTON PD,BLOOMINGTON,2/28/2019,12:35 PM,2,0,0,0,0,,,,W COUNTRY CLUB,S ROCKPORT RD,,200,E,39.13635,-86.5487673,LOCAL/CITY ROAD,N,URBAN,N,N,N,,DAYLIGHT,RAIN,WET,,NO JUNCTION INVOLVED,STRAIGHT/GRADE,ASPHALT,FOLLOWING TOO CLOSELY,REAR END,SROCKPORTRDWCOUNTRYCLUBDR,LANE CONTROL
BLOOMINGTON PD,BLOOMINGTON,3/1/2019,9:27 AM,2,0,0,0,0,,,,W BLOOMFIELD,I-69,Y,,,0,0,LOCAL/CITY ROAD,N,URBAN,N,N,N,,DAYLIGHT,CLOUDY,DRY,,T-INTERSECTION,STRAIGHT/GRADE,ASPHALT,FOLLOWING TOO CLOSELY,REAR END,I69JCTWBLOOMFIELDRD,TRAFFIC CONTROL SIGNAL
INDIANA UNIV BLOOMINGTON PD,BLOOMINGTON,3/1/2019,3:41 PM,2,0,0,0,0,,,,S SWAIN,E 3RD ST,,,,39.16425,-86.51526,LOCAL/CITY ROAD,N,URBAN,N,N,N,,DAYLIGHT,CLOUDY,DRY,,T-INTERSECTION,STRAIGHT/LEVEL,ASPHALT,UNSAFE LANE MOVEMENT,LEFT TURN,SWAINAVETHIRDST,LANE CONTROL
BLOOMINGTON PD,BLOOMINGTON,3/1/2019,1:47 PM,3,0,0,0,0,,,,E 3RD,S OVERHILL DR,,,,39.16424,-86.4984,LOCAL/CITY ROAD,N,URBAN,N,N,N,,DAYLIGHT,CLEAR,DRY,,NO JUNCTION INVOLVED,STRAIGHT/GRADE,ASPHALT,FOLLOWING TOO CLOSELY,REAR END,E3RDSTSCOLLEGEMALLRD,NONE
BLOOMINGTON PD,BLOOMINGTON,3/1/2019,4:03 PM,2,0,0,0,0,,,,SR 45/46,I-69 S,Y,,,39.187344,-86.5552,STATE ROAD,N,URBAN,N,N,N,,DAYLIGHT,CLEAR,DRY,,RAMP,STRAIGHT/LEVEL,ASPHALT,FOLLOWING TOO CLOSELY,REAR END,SR37NSR45W,NONE
BLOOMINGTON PD,BLOOMINGTON,3/1/2019,10:23 PM,2,0,0,0,0,,,,S COLLEGE MALL,E COVENANTER DR,,,,39.15516,-86.49793,LOCAL/CITY ROAD,N,URBAN,N,N,N,,DARK (LIGHTED),CLEAR,DRY,,FOUR-WAY INTERSECTION,STRAIGHT/LEVEL,ASPHALT,FAILURE TO YIELD RIGHT OF WAY,HEAD ON BETWEEN TWO MOTOR VEHICLES,ECOVENANTERDRSCOLLEGEMALLRDRD,TRAFFIC CONTROL SIGNAL
INDIANA UNIV BLOOMINGTON PD,BLOOMINGTON,3/1/2019,10:20 AM,2,0,0,0,0,,,,E 3RD,S WOODLAWN AVE,,122,W,39.16436491,-86.52302211,LOCAL/CITY ROAD,N,URBAN,Y,N,N,,DAYLIGHT,CLOUDY,DRY,,NO JUNCTION INVOLVED,STRAIGHT/LEVEL,ASPHALT,OTHER (DRIVER) - EXPLAIN IN NARRATIVE,SAME DIRECTION SIDESWIPE,3RDSTWOODLAWNAVE,LANE CONTROL
MONROE SD,BLOOMINGTON,3/1/2019,8:15 AM,2,0,0,0,0,,,,N NORWAY,N SMITH PIKE,,,,39.20175,-86.58313,LOCAL/CITY ROAD,N,URBAN,N,N,N,,DAYLIGHT,CLEAR,DRY,,T-INTERSECTION,STRAIGHT/LEVEL,ASPHALT,FOLLOWING TOO CLOSELY,REAR END,NSMITHPIKENORWAYDR,STOP SIGN
BLOOMINGTON PD,BLOOMINGTON,3/1/2019,7:40 AM,2,0,1,0,0,,,,S WALNUT,E SOUTH DR,,,,39.142048,-86.531088,LOCAL/CITY ROAD,N,URBAN,Y,N,N,,DAYLIGHT,CLOUDY,DRY,,FOUR-WAY INTERSECTION,STRAIGHT/LEVEL,ASPHALT,DISREGARD SIGNAL/REG SIGN,RIGHT ANGLE,SOUTHDRWALNUTST,TRAFFIC CONTROL SIGNAL
ISP BLOOMINGTON 33,BLOOMINGTON,3/1/2019,8:20 AM,1,0,0,0,0,,,,W OLD SR 37,E WHISNAND RD,,1056,N,39.3329974,-86.5175,COUNTY ROAD,Y,RURAL,N,N,N,,DAYLIGHT,CLOUDY,DRY,,NO JUNCTION INVOLVED,CURVE/GRADE,ASPHALT,RAN OFF ROAD RIGHT,RAN OFF ROAD,OLD37HWYWHISNANDRDS,LANE CONTROL
BLOOMINGTON PD,BLOOMINGTON,3/2/2019,4:36 PM,2,0,0,0,0,,,,N COLLEGE,W 10TH ST,,,,39.171744,-86.534768,LOCAL/CITY ROAD,Y,URBAN,N,N,N,,DAYLIGHT,CLOUDY,DRY,,INTERCHANGE,STRAIGHT/LEVEL,ASPHALT,UNSAFE BACKING,BACKING CRASH,NCOLLEGEAVEW10THST,NONE
ELLETTSVILLE PD,ELLETTSVILLE,3/2/2019,8:50 PM,1,0,0,0,1,,,,SR 46,N CAPITOL AVE,,300,E,39.22281255,-86.60841255,STATE ROAD,N,URBAN,N,N,N,,DARK (NOT LIGHTED),CLEAR,DRY,,NO JUNCTION INVOLVED,STRAIGHT/LEVEL,ASPHALT,ANIMAL/OBJECT IN ROADWAY,COLLISION WITH DEER,NLAKEVIEWDRSR46W,LANE CONTROL
MONROE SD,BLOOMINGTON,3/2/2019,6:05 PM,2,0,0,0,0,,,,SR 46,N CURRY PIKE,,,,39.19444812,-86.57177928,STATE ROAD,N,URBAN,N,N,N,,DAYLIGHT,CLEAR,DRY,,FOUR-WAY INTERSECTION,STRAIGHT/LEVEL,ASPHALT,DISREGARD SIGNAL/REG SIGN,HEAD ON BETWEEN TWO MOTOR VEHICLES,NCURRYPIKESR46W,TRAFFIC CONTROL SIGNAL
BLOOMINGTON PD,BLOOMINGTON,3/2/2019,5:30 PM,2,0,0,0,0,,,,S WALNUT,W SMITH AVE,,,,39.16285,-86.53375,LOCAL/CITY ROAD,N,URBAN,N,N,N,,DAYLIGHT,CLEAR,DRY,,FOUR-WAY INTERSECTION,STRAIGHT/LEVEL,ASPHALT,IMPROPER TURNING,SAME DIRECTION SIDESWIPE,SWALNUTSTSMITHAVE,TRAFFIC CONTROL SIGNAL
ELLETTSVILLE PD,ELLETTSVILLE,3/2/2019,10:07 AM,2,0,0,0,0,,,,SR 46,S SALE ST,,,,39.23384,-86.624704,STATE ROAD,Y,,N,N,N,,DAYLIGHT,CLEAR,DRY,,FOUR-WAY INTERSECTION,STRAIGHT/LEVEL,ASPHALT,FOLLOWING TOO CLOSELY,REAR END,SALESTSR46W,TRAFFIC CONTROL SIGNAL
BLOOMINGTON PD,BLOOMINGTON,3/2/2019,8:15 PM,3,0,0,0,0,,,,N FAIRVIEW,W KIRKWOOD AVE,,,,39.16669127,-86.54001045,UNKNOWN,N,URBAN,N,N,N,,DARK (LIGHTED),CLEAR,DRY,,NO JUNCTION INVOLVED,CURVE/LEVEL,ASPHALT,RAN OFF ROAD RIGHT,REAR TO REAR,WKIRKWOODAVE,NONE
BLOOMINGTON PD,BLOOMINGTON,3/2/2019,2:40 PM,2,0,0,0,0,,,,N ROGERS,W 6TH ST,,,,39.16768,-86.538592,LOCAL/CITY ROAD,N,URBAN,N,N,N,,DAYLIGHT,CLEAR,DRY,,FOUR-WAY INTERSECTION,STRAIGHT/LEVEL,ASPHALT,DISREGARD SIGNAL/REG SIGN,RIGHT ANGLE,6THSTROGERSST,STOP SIGN
MONROE SD,BLOOMINGTON,3/2/2019,8:17 AM,1,0,0,0,0,7145,,,N THOMPSON RIDGE,,,,,39.69117806,-86.28272014,LOCAL/CITY ROAD,Y,RURAL,N,N,N,,DARK (NOT LIGHTED),CLEAR,DRY,,NO JUNCTION INVOLVED,STRAIGHT/LEVEL,ASPHALT,RAN OFF ROAD RIGHT,RAN OFF ROAD,THOMPSONRIDGERD,NONE
BLOOMINGTON PD,BLOOMINGTON,3/2/2019,8:15 PM,2,0,0,0,0,,,,W KIRKWOOD,N FAIRVIEW ST,,70,E,39.166688,-86.539808,LOCAL/CITY ROAD,N,URBAN,N,N,N,,DARK (LIGHTED),CLEAR,DRY,,NO JUNCTION INVOLVED,STRAIGHT/LEVEL,ASPHALT,UNSAFE LANE MOVEMENT,SAME DIRECTION SIDESWIPE,NJACKSONSTWKIRKWOODAVE,NONE
BLOOMINGTON PD,BLOOMINGTON,3/2/2019,8:13 PM,2,0,0,0,0,,,,W KIRKWOOD,N FAIRVIEW ST,,100,E,39.166704,-86.5408,UNKNOWN,N,URBAN,N,N,N,,DARK (LIGHTED),CLEAR,DRY,,FOUR-WAY INTERSECTION,STRAIGHT/LEVEL,ASPHALT,UNSAFE LANE MOVEMENT,SAME DIRECTION SIDESWIPE,SFAIRVIEWSTWKIRKWOODAVE,NONE
INDIANA UNIV BLOOMINGTON PD,BLOOMINGTON,3/3/2019,2:25 PM,2,0,0,0,0,,,,E 17TH,N INDIANA AVE,,,,,,LOCAL/CITY ROAD,N,URBAN,N,N,N,,DAYLIGHT,BLOWING SAND/SOIL/SNOW,WET,,T-INTERSECTION,STRAIGHT/LEVEL,ASPHALT,IMPROPER TURNING,LEFT TURN,EAST17THSTINDIANAAVE,NONE
MONROE SD,BLOOMINGTON,3/3/2019,12:28 PM,2,0,0,0,0,,,,W 4TH,S HARRODSBURG RD,,,,39.013456,-86.544992,LOCAL/CITY ROAD,N,RURAL,N,N,N,,DAYLIGHT,SNOW,SNOW/SLUSH,NONE,FOUR-WAY INTERSECTION,STRAIGHT/GRADE,ASPHALT,FAILURE TO YIELD RIGHT OF WAY,RIGHT ANGLE,SHARRODSBURGRDWFOURTHST,NONE
BLOOMINGTON PD,BLOOMINGTON,3/4/2019,5:04 AM,2,0,0,0,0,,,,S HENDERSON,E ATWATER AVE,,60,N,39.1693194,-86.52727,LOCAL/CITY ROAD,N,URBAN,N,N,N,,DARK (LIGHTED),CLEAR,DRY,,NO JUNCTION INVOLVED,STRAIGHT/GRADE,ASPHALT,UNSAFE BACKING,BACKING CRASH,ATWATERAVEHENDERSONST,LANE CONTROL
BLOOMINGTON PD,BLOOMINGTON,3/4/2019,9:48 AM,2,0,1,0,0,,,,E 17TH,N DUNN ST,,,,39.17904,-86.5284,LOCAL/CITY ROAD,N,URBAN,N,N,N,,DAYLIGHT,CLEAR,DRY,,FOUR-WAY INTERSECTION,STRAIGHT/GRADE,ASPHALT,FAILURE TO YIELD RIGHT OF WAY,HEAD ON BETWEEN TWO MOTOR VEHICLES,17THSTDUNNST,TRAFFIC CONTROL SIGNAL
ISP BLOOMINGTON 33,BLOOMINGTON,3/4/2019,2:36 PM,2,1,0,0,0,,,,I-69 N,,,150,S,0,0,INTERSTATE,N,RURAL,N,Y,N,,DAYLIGHT,CLEAR,DRY,,NO JUNCTION INVOLVED,STRAIGHT/LEVEL,ASPHALT,UNSAFE LANE MOVEMENT,SAME DIRECTION SIDESWIPE,I69124.0,LANE CONTROL
MONROE SD,BLOOMINGTON,3/4/2019,3:15 PM,1,0,0,0,1,,,,I-69 S,,,100,N,0,0,STATE ROAD,N,URBAN,N,Y,N,,DAYLIGHT,CLEAR,DRY,,NO JUNCTION INVOLVED,STRAIGHT/LEVEL,CONCRETE,ANIMAL/OBJECT IN ROADWAY,COLLISION WITH DEER,SR69S105,NONE
ISP BLOOMINGTON 33,BLOOMINGTON,3/4/2019,8:30 PM,2,0,0,0,0,,,,SR 45,W ELWREN RD,,1500,S,39.10437172,-86.64690207,STATE ROAD,N,RURAL,N,N,N,,DARK (NOT LIGHTED),CLEAR,DRY,,NO JUNCTION INVOLVED,CURVE/LEVEL,ASPHALT,UNSAFE SPEED,REAR END,ELWRENRDSR45,LANE CONTROL
BLOOMINGTON PD,BLOOMINGTON,3/5/2019,8:59 AM,2,0,0,0,0,3000,,,W 3RD,I-69,,,,,,LOCAL/CITY ROAD,Y,URBAN,N,N,N,,DAYLIGHT,CLEAR,DRY,,NO JUNCTION INVOLVED,STRAIGHT/LEVEL,ASPHALT,IMPROPER TURNING,LEFT/RIGHT TURN,3000WEST3RDSTSOUTHSTATEROAD37,TRAFFIC CONTROL SIGNAL
BLOOMINGTON PD,BLOOMINGTON,3/5/2019,1:35 PM,2,0,0,0,0,,,,N WALNUT,E 6TH ST,,,,39.167648,-86.533584,LOCAL/CITY ROAD,N,URBAN,N,N,N,,DAYLIGHT,CLEAR,DRY,,FOUR-WAY INTERSECTION,STRAIGHT/LEVEL,ASPHALT,FAILURE TO YIELD RIGHT OF WAY,OPPOSITE DIRECTION SIDESWIPE,E6THSTNWALNUTST,TRAFFIC CONTROL SIGNAL
INDIANA UNIV BLOOMINGTON PD,BLOOMINGTON,3/5/2019,1:00 PM,2,0,0,0,0,,,,S BALLANTINE,E 3RD ST,,,,39.16427,-86.51913,UNKNOWN,N,URBAN,N,N,N,,DAYLIGHT,CLOUDY,DRY,,FOUR-WAY INTERSECTION,STRAIGHT/LEVEL,ASPHALT,IMPROPER TURNING,RIGHT ANGLE,BALLANTINERDTHIRDST,NONE
MONROE SD,BLOOMINGTON,3/5/2019,7:15 PM,1,0,0,0,1,,,,S FAIRFAX,S WISLEY LN,,1800,S,38.86483445,-86.49835,LOCAL/CITY ROAD,N,RURAL,N,N,N,,DARK (NOT LIGHTED),CLEAR,DRY,,NO JUNCTION INVOLVED,STRAIGHT/LEVEL,ASPHALT,ANIMAL/OBJECT IN ROADWAY,COLLISION WITH DEER,SFAIRFAXRDSWISLEYLN,NO PASSING ZONE
BLOOMINGTON PD,BLOOMINGTON,3/5/2019,8:55 AM,2,0,0,0,0,,,,S ROGERS,S ROCKPORT RD,,,,39.146448,-86.5388,LOCAL/CITY ROAD,N,URBAN,N,N,N,,DAYLIGHT,CLEAR,DRY,,FOUR-WAY INTERSECTION,STRAIGHT/LEVEL,ASPHALT,FAILURE TO YIELD RIGHT OF WAY,LEFT TURN,ROCKPORTRDROGERSST,TRAFFIC CONTROL SIGNAL
BLOOMINGTON PD,BLOOMINGTON,3/5/2019,8:33 PM,2,0,1,0,0,,,,S ROGERS,W DRISCOLL ST,,,,39.15264,-86.538592,LOCAL/CITY ROAD,Y,URBAN,N,N,N,,DARK (LIGHTED),CLEAR,DRY,,NO JUNCTION INVOLVED,STRAIGHT/GRADE,ASPHALT,FOLLOWING TOO CLOSELY,REAR END,SROGERSSTWDRISCOLLST,NONE
BLOOMINGTON PD,BLOOMINGTON,3/5/2019,8:37 PM,1,0,0,0,0,2108,,,S ROGERS,,,,,39.165696,-86.538592,LOCAL/CITY ROAD,Y,URBAN,N,N,N,,DARK (NOT LIGHTED),CLEAR,DRY,,NO JUNCTION INVOLVED,STRAIGHT/GRADE,ASPHALT,RAN OFF ROAD RIGHT,RAN OFF ROAD,SROGERSST,NONE
MONROE SD,BLOOMINGTON,3/5/2019,9:28 AM,1,0,0,0,1,,,,S WEIMER,W SUDBURRY DR,,500,S,39.09651835,-86.56408,LOCAL/CITY ROAD,N,URBAN,N,N,N,,DAYLIGHT,CLEAR,DRY,,NO JUNCTION INVOLVED,STRAIGHT/LEVEL,ASPHALT,ANIMAL/OBJECT IN ROADWAY,COLLISION WITH DEER,SWEIMERRDWSUDBURRYDR,NONE
MONROE SD,BLOOMINGTON,3/5/2019,10:10 AM,2,0,0,0,0,,,,W DILLMAN,S WALNUT ST,,,,39.083605,-86.541325,LOCAL/CITY ROAD,N,URBAN,N,N,N,,DAYLIGHT,CLEAR,DRY,,FOUR-WAY INTERSECTION,CURVE/HILLCREST,ASPHALT,FAILURE TO YIELD RIGHT OF WAY,RIGHT ANGLE,SDILLMANRDSOLDSTRD37HWY,NONE