Agency,City,Collision Date,Collision Time,Vehicles Involved,Trailers Involved,Number Injured,Number Dead,Number Deer,House Number,Roadway Interchange,Roadway Ramp,Roadway Id,Intersecting Road,Interchange,Feet From,Direction,Latitude,Longitude,Roadway Class,Hit and Run?,Locality,School Zone?,Rumble Strips?,Construction?,Construction Type,Light Condition,Weather Conditions,Surface Condition,Type of Median,Roadway Junction Type,Road Character,Roadway Surface,Primary Factor,Manner of Collision,Unique Location Id,Traffic Control
BLOOMINGTON PD,BLOOMINGTON,3/5/2019,12:19 PM,1,0,0,0,0,,,,W ROSEWOOD,N IRONWOOD CT,,,,39.20544,-86.54676,LOCAL/CITY ROAD,N,URBAN,N,N,N,,DAYLIGHT,CLEAR,DRY,,FOUR-WAY INTERSECTION,STRAIGHT/LEVEL,ASPHALT,DRIVER DISTRACTED - EXPLAIN IN NARRATIVE,OTHER - EXPLAIN IN NARRATIVE,NIRONWOODCTWROSEWOODDR,NONE
MONROE SD,BLOOMINGTON,3/6/2019,7:51 PM,1,0,0,0,1,,,,SR 46,N LOWER BIRDIE GALYAN RD,,500,E,39.16269,-86.4133932,STATE ROAD,N,RURAL,N,N,N,,DARK (NOT LIGHTED),CLEAR,DRY,,NO JUNCTION INVOLVED,STRAIGHT/LEVEL,ASPHALT,ANIMAL/OBJECT IN ROADWAY,COLLISION WITH DEER,NLOWERBIRDIEGALYANRDSR46E,NO PASSING ZONE
BLOOMINGTON PD,BLOOMINGTON,3/6/2019,8:41 AM,2,0,0,0,0,,,,W 2ND,S WALKER ST,,,,39.16143,-86.54614,LOCAL/CITY ROAD,N,URBAN,N,N,N,,DAYLIGHT,CLEAR,DRY,,FOUR-WAY INTERSECTION,CURVE/LEVEL,ASPHALT,FOLLOWING TOO CLOSELY,REAR END,SWALKERSTW2NDST,TRAFFIC CONTROL SIGNAL
BLOOMINGTON PD,BLOOMINGTON,3/6/2019,5:05 PM,2,0,0,0,0,,,,W BLOOMFIELD,S OAKDALE DR,,,,39.14967,-86.568795,LOCAL/CITY ROAD,N,URBAN,N,N,N,,DAYLIGHT,CLEAR,DRY,,INTERCHANGE,STRAIGHT/GRADE,ASPHALT,FAILURE TO YIELD RIGHT OF WAY,LEFT TURN,SOAKDALESQWBLOOMFIELDRD,TRAFFIC CONTROL SIGNAL
BLOOMINGTON PD,BLOOMINGTON,3/6/2019,2:00 PM,1,0,0,0,0,,,,S SARE,E MOORES PIKE,,500,S,39.150448,-86.4992,LOCAL/CITY ROAD,Y,URBAN,N,N,N,,UNKNOWN,CLEAR,DRY,,NO JUNCTION INVOLVED,CURVE/LEVEL,ASPHALT,RAN OFF ROAD RIGHT,RAN OFF ROAD,EMOORESPIKESOUTHSARERD,NONE
INDIANA UNIV BLOOMINGTON PD,BLOOMINGTON,3/6/2019,2:47 PM,1,0,1,0,0,,,,E 7TH,N JORDAN AVE,,804,W,,,LOCAL/CITY ROAD,N,URBAN,N,N,N,,DAYLIGHT,CLEAR,DRY,,T-INTERSECTION,STRAIGHT/GRADE,ASPHALT,FAILURE TO YIELD RIGHT OF WAY,RIGHT ANGLE,E7THSTJORDANAVE,NONE
MONROE SD,BLOOMINGTON,3/6/2019,7:12 PM,2,0,0,0,0,,125,A,I-69 N,,,,,0,0,INTERSTATE,N,RURAL,N,N,N,,DARK (LIGHTED),CLEAR,DRY,,TRAFFIC CIRCLE/ROUNDABOUT,STRAIGHT/LEVEL,ASPHALT,FAILURE TO YIELD RIGHT OF WAY,RIGHT ANGLE,I69N,ROUNDABOUT INTERSECTION
BLOOMINGTON PD,BLOOMINGTON,3/6/2019,4:17 PM,2,0,2,0,0,,,,N WALNUT,W 8TH ST,,,,39.169552,-86.533552,LOCAL/CITY ROAD,N,URBAN,N,N,N,,DAYLIGHT,CLEAR,DRY,,FOUR-WAY INTERSECTION,STRAIGHT/GRADE,ASPHALT,FAILURE TO YIELD RIGHT OF WAY,RIGHT ANGLE,NWALNUTSTW8THST,STOP SIGN
MONROE SD,BLOOMINGTON,3/6/2019,3:43 PM,2,0,0,0,0,,,,S ROGERS,S SOMMERSBE PL,,,,39.125975,-86.538905,LOCAL/CITY ROAD,N,RURAL,N,N,N,,DAYLIGHT,CLEAR,DRY,,NO JUNCTION INVOLVED,STRAIGHT/LEVEL,ASPHALT,FOLLOWING TOO CLOSELY,REAR END,SROGERSRDWSOMMERSBEPL,NONE
BLOOMINGTON PD,BLOOMINGTON,3/7/2019,1:56 PM,2,0,0,0,0,,,,W 3RD,I-69,Y,,,39.164752,-86.573104,LOCAL/CITY ROAD,N,URBAN,N,N,N,,DAYLIGHT,CLOUDY,WET,,FOUR-WAY INTERSECTION,STRAIGHT/GRADE,ASPHALT,UNSAFE LANE MOVEMENT,SAME DIRECTION SIDESWIPE,SR37NW3RDST,TRAFFIC CONTROL SIGNAL
BLOOMINGTON PD,BLOOMINGTON,3/7/2019,4:00 PM,3,0,0,0,0,,,,SR 48,S GATES DR,,,,39.164785,-86.576035,LOCAL/CITY ROAD,N,URBAN,N,N,N,,DAYLIGHT,SNOW,WET,,FOUR-WAY INTERSECTION,STRAIGHT/LEVEL,ASPHALT,FOLLOWING TOO CLOSELY,REAR END,SGATESDRW3RDST,TRAFFIC CONTROL SIGNAL
MONROE SD,BLOOMINGTON,3/7/2019,7:16 AM,2,0,0,0,0,,,,SR 45,W AIRPORT RD,,,,39.136848,-86.593792,STATE ROAD,N,RURAL,N,N,N,,DAYLIGHT,CLEAR,DRY,,NO JUNCTION INVOLVED,STRAIGHT/GRADE,ASPHALT,FOLLOWING TOO CLOSELY,REAR END,SR45WWAIRPORTRD,TRAFFIC CONTROL SIGNAL
INDIANA UNIV BLOOMINGTON PD,BLOOMINGTON,3/7/2019,4:10 PM,2,0,0,0,0,,,,SR 46,E EASTGATE LN,,115,N,39.17094413,-86.50174406,STATE ROAD,N,URBAN,N,N,N,,DAYLIGHT,SNOW,WET,,RAILROAD CROSSINGS,STRAIGHT/LEVEL,ASPHALT,FOLLOWING TOO CLOSELY,REAR END,10THSTSR46E,OTHER REGULATORY SIGN/MARKING
MONROE SD,BLOOMINGTON,3/7/2019,5:45 AM,1,0,0,0,1,,,,SR 48,W VERNAL PIKE,,200,W,39.16855603,-86.66179589,STATE ROAD,N,RURAL,N,N,N,,DARK (NOT LIGHTED),CLEAR,DRY,,NO JUNCTION INVOLVED,STRAIGHT/LEVEL,ASPHALT,ANIMAL/OBJECT IN ROADWAY,COLLISION WITH DEER,SR48WVERNALPIKE,NONE
ELLETTSVILLE PD,ELLETTSVILLE,3/7/2019,2:55 PM,2,0,0,0,0,,,,S SALE,SR 46,,,,39.23384,-86.624704,LOCAL/CITY ROAD,N,URBAN,N,N,N,,DAYLIGHT,SNOW,WET,,NO JUNCTION INVOLVED,STRAIGHT/GRADE,ASPHALT,FOLLOWING TOO CLOSELY,REAR END,SALESTTEMPERANCEST,LANE CONTROL
MONROE SD,BLOOMINGTON,3/7/2019,7:33 PM,1,0,0,0,0,,,,E BETHEL,N BAUGH RD,,400,E,39.212944,-86.486896,LOCAL/CITY ROAD,N,RURAL,N,N,N,,DARK (NOT LIGHTED),SNOW,SNOW/SLUSH,,T-INTERSECTION,CURVE/LEVEL,ASPHALT,RAN OFF ROAD RIGHT,RAN OFF ROAD,EBETHELLNNBAUGHRD,NO PASSING ZONE
MONROE SD,BLOOMINGTON,3/7/2019,5:12 PM,2,0,0,0,0,,,,N HARTSTRAIT,,,2600,S,38.90655799,-86.60982752,LOCAL/CITY ROAD,N,RURAL,N,N,N,,DAYLIGHT,SNOW,WET,,NO JUNCTION INVOLVED,STRAIGHT/GRADE,ASPHALT,FOLLOWING TOO CLOSELY,REAR END,NHARTSTRAIGHTRDWMAJESTICWOODSDR,NO PASSING ZONE
ELLETTSVILLE PD,ELLETTSVILLE,3/7/2019,7:00 PM,1,0,0,0,0,,,,N UNION VALLEY,W MCNEELY ST,,,,39.2375,-86.59278,LOCAL/CITY ROAD,N,RURAL,N,N,N,,DARK (NOT LIGHTED),SNOW,SNOW/SLUSH,,T-INTERSECTION,STRAIGHT/GRADE,ASPHALT,SPEED TOO FAST FOR WEATHER CONDITIONS,RAN OFF ROAD,NORTHUNIONVALLEYRDWESTMCNEELYST,STOP SIGN
MONROE SD,BLOOMINGTON,3/7/2019,7:51 PM,1,0,0,0,1,,,,SR 45,S DARRELL DR,,300,E,39.11503859,-86.62662399,STATE ROAD,N,RURAL,N,N,N,,DARK (NOT LIGHTED),SNOW,SNOW/SLUSH,,NO JUNCTION INVOLVED,STRAIGHT/LEVEL,ASPHALT,ANIMAL/OBJECT IN ROADWAY,COLLISION WITH DEER,DARRELLDRSR45W,LANE CONTROL
ELLETTSVILLE PD,ELLETTSVILLE,3/7/2019,2:36 PM,3,0,0,0,0,,,,W VINE,N MATTHEWS DR,,,,39.235504,-86.625712,LOCAL/CITY ROAD,N,URBAN,N,N,N,,DAYLIGHT,SNOW,WET,,FOUR-WAY INTERSECTION,STRAIGHT/GRADE,ASPHALT,FAILURE TO YIELD RIGHT OF WAY,RIGHT TURN,NORTHMATTHEWSDRWESTVINEST,STOP SIGN
BLOOMINGTON PD,BLOOMINGTON,3/7/2019,9:03 AM,2,0,0,0,0,,,,WOODBRIDGE,SR 45,,,,39.17167675,-86.4917323,LOCAL/CITY ROAD,N,URBAN,N,N,N,,DAYLIGHT,CLOUDY,DRY,,FOUR-WAY INTERSECTION,STRAIGHT/LEVEL,ASPHALT,FAILURE TO YIELD RIGHT OF WAY,REAR END,E10THSTWOODBRIDGEDR,STOP SIGN
INDIANA UNIV BLOOMINGTON PD,BLOOMINGTON,3/8/2019,9:20 AM,2,0,0,0,0,,,,N UNION,E 10TH ST,,,,,,LOCAL/CITY ROAD,N,URBAN,N,N,N,,DAYLIGHT,SNOW,SNOW/SLUSH,,NO JUNCTION INVOLVED,CURVE/GRADE,ASPHALT,FAILURE TO YIELD RIGHT OF WAY,LEFT/RIGHT TURN,10THSTNUNIONST,TRAFFIC CONTROL SIGNAL
BLOOMINGTON PD,BLOOMINGTON,3/8/2019,11:00 AM,2,0,0,0,0,,,,N WALNUT,E 7TH ST,,50,S,39.16864,-86.533568,LOCAL/CITY ROAD,Y,URBAN,N,N,N,,DAYLIGHT,CLEAR,DRY,,NO JUNCTION INVOLVED,STRAIGHT/GRADE,ASPHALT,,,E7THSTNWALNUTST,NONE
BLOOMINGTON PD,BLOOMINGTON,3/8/2019,10:27 PM,2,0,0,0,0,,,,N WALNUT,E 7TH ST,,20,N,39.16864,-86.533568,LOCAL/CITY ROAD,N,URBAN,N,N,N,,DARK (LIGHTED),CLEAR,LOOSE MATERIAL ON ROAD,,NO JUNCTION INVOLVED,STRAIGHT/LEVEL,ASPHALT,FAILURE TO YIELD RIGHT OF WAY,SAME DIRECTION SIDESWIPE,E7THSTSTNWALNUTSTST,TRAFFIC CONTROL SIGNAL
INDIANA UNIV BLOOMINGTON PD,BLOOMINGTON,3/8/2019,5:50 AM,2,0,1,0,0,,,,E 10TH,N JORDAN AVE,,100,W,39.171385,-86.51567134,LOCAL/CITY ROAD,N,URBAN,N,N,N,,DARK (LIGHTED),SNOW,SNOW/SLUSH,,NO JUNCTION INVOLVED,CURVE/LEVEL,ASPHALT,FOLLOWING TOO CLOSELY,REAR END,JORDANAVETENTHST,NONE
ISP BLOOMINGTON 33,BLOOMINGTON,3/8/2019,11:40 AM,2,0,0,0,0,,,,SR 37,S WALNUT ST,,,,39.16464,-86.5336,STATE ROAD,N,RURAL,N,N,N,,DAYLIGHT,CLOUDY,WET,,FOUR-WAY INTERSECTION,STRAIGHT/LEVEL,ASPHALT,FOLLOWING TOO CLOSELY,REAR END,SR37WALNUTST,TRAFFIC CONTROL SIGNAL
MONROE SD,BLOOMINGTON,3/8/2019,9:50 AM,2,1,0,0,0,,,,SR 45,W AIRPORT RD,,1500,E,39.13639,-86.59452989,STATE ROAD,N,RURAL,N,N,N,,DAYLIGHT,CLOUDY,DRY,,NO JUNCTION INVOLVED,STRAIGHT/GRADE,ASPHALT,FAILURE TO YIELD RIGHT OF WAY,REAR END,AIRPORTRDSR45W,NONE
BLOOMINGTON PD,BLOOMINGTON,3/8/2019,1:22 PM,2,0,2,0,0,,,,S WALNUT,E HILLSIDE DR,,,,39.150544,-86.5336,LOCAL/CITY ROAD,N,URBAN,N,N,N,,DAYLIGHT,CLOUDY,WET,,FOUR-WAY INTERSECTION,STRAIGHT/LEVEL,ASPHALT,DISREGARD SIGNAL/REG SIGN,RIGHT ANGLE,EHILLSIDEDRSWALNUTST,TRAFFIC CONTROL SIGNAL
MONROE SD,BLOOMINGTON,3/8/2019,3:36 AM,1,0,0,0,0,,,,DANIELS,W ZENITH DR,,50,N,0,0,LOCAL/CITY ROAD,N,URBAN,N,N,N,,DARK (NOT LIGHTED),SNOW,ICE,,NO JUNCTION INVOLVED,STRAIGHT/LEVEL,ASPHALT,ROADWAY SURFACE CONDITION,RAN OFF ROAD,DANIELSWAYZEANETHDR,TRAFFIC CONTROL SIGNAL
INDIANA UNIV BLOOMINGTON PD,BLOOMINGTON,3/8/2019,3:03 AM,2,0,0,0,0,,,,E 3RD,S UNION ST,,,,0,0,LOCAL/CITY ROAD,N,URBAN,N,N,N,,DARK (LIGHTED),SNOW,WET,,T-INTERSECTION,STRAIGHT/HILLCREST,ASPHALT,SPEED TOO FAST FOR WEATHER CONDITIONS,REAR END,THIRDSTUNIONST,STOP SIGN
MONROE SD,BLOOMINGTON,3/8/2019,8:00 AM,1,0,0,0,0,,,,E WHISNAND,N SR 37 BUSINESS,,500,E,39.22466,-86.53981326,LOCAL/CITY ROAD,N,RURAL,N,N,N,,DAWN/DUSK,SNOW,SNOW/SLUSH,,NO JUNCTION INVOLVED,CURVE/LEVEL,ASPHALT,RAN OFF ROAD RIGHT,RAN OFF ROAD,EWHISNANDRDNBUSINESS37RD,NONE
MONROE SD,BLOOMINGTON,3/8/2019,8:00 AM,1,0,0,0,0,,,,E WHISNAND,N SR 37 BUSINESS,,500,E,39.22466,-86.53981326,LOCAL/CITY ROAD,N,RURAL,N,N,N,,DAWN/DUSK,SNOW,SNOW/SLUSH,,NO JUNCTION INVOLVED,CURVE/LEVEL,ASPHALT,RAN OFF ROAD RIGHT,RAN OFF ROAD,EWHISNANDRDNBUSINESS37RD,NONE
MONROE SD,BLOOMINGTON,3/8/2019,5:30 AM,1,0,0,0,0,,,,N SHELBURNE,W WINTERBERRY CT,,,,39.20939,-86.573445,LOCAL/CITY ROAD,N,URBAN,N,N,N,,DARK (NOT LIGHTED),SNOW,SNOW/SLUSH,,T-INTERSECTION,STRAIGHT/GRADE,ASPHALT,SPEED TOO FAST FOR WEATHER CONDITIONS,RAN OFF ROAD,NSHELBURNEDRWWINTERBERRYCT,NONE
BLOOMINGTON PD,BLOOMINGTON,3/8/2019,10:39 AM,2,0,2,0,0,,,,W 2ND,S MORTON ST,,,,39.16139,-86.53631,LOCAL/CITY ROAD,N,URBAN,N,N,N,,DAYLIGHT,CLOUDY,WET,,FOUR-WAY INTERSECTION,STRAIGHT/GRADE,ASPHALT,FOLLOWING TOO CLOSELY,REAR END,SMORTONSTW2NDST,OTHER
ISP BLOOMINGTON 33,BLOOMINGTON,3/8/2019,12:08 M,2,,0,0,0,2863,,,W 3RD,S WYNNDALE DR,,53,W,39.16451367,-86.57032897,LOCAL/CITY ROAD,N,URBAN,N,N,N,,DAYLIGHT,CLOUDY,WET,,FOUR-WAY INTERSECTION,,ASPHALT,UNSAFE SPEED,REAR END,,
MONROE SD,BLOOMINGTON,3/8/2019,8:25 AM,2,0,0,0,0,,,,W ZENITH,DANIELS WAY,,,,39.17015,-86.5983,COUNTY ROAD,N,RURAL,N,N,N,,DAYLIGHT,CLEAR,SNOW/SLUSH,,NO JUNCTION INVOLVED,STRAIGHT/GRADE,ASPHALT,ROADWAY SURFACE CONDITION,REAR END,NDANIELSWAYWZENITHDR,STOP SIGN
BLOOMINGTON PD,BLOOMINGTON,3/9/2019,11:57 AM,2,0,0,0,0,,3RD,1,I-69 N,W 3RD ST,Y,,,0,0,STATE ROAD,N,URBAN,N,N,N,,DAYLIGHT,CLOUDY,DRY,,RAMP,CURVE/GRADE,ASPHALT,DRIVER DISTRACTED - EXPLAIN IN NARRATIVE,SAME DIRECTION SIDESWIPE,SR69N,YIELD SIGN
BLOOMINGTON PD,BLOOMINGTON,3/9/2019,10:09 AM,2,0,0,0,0,,,,SR 45/46,N WALNUT ST,,250,E,39.186368,-86.5344,STATE ROAD,N,URBAN,N,N,N,,DAYLIGHT,CLOUDY,DRY,,NO JUNCTION INVOLVED,STRAIGHT/LEVEL,ASPHALT,CELL PHONE USAGE,REAR END,NWALNUTSTSR4546E,LANE CONTROL
BLOOMINGTON PD,BLOOMINGTON,3/9/2019,2:55 PM,2,0,0,0,0,,,,S GATES,SR 48,,,,0,0,LOCAL/CITY ROAD,N,URBAN,N,N,N,,DAYLIGHT,RAIN,WET,,FOUR-WAY INTERSECTION,STRAIGHT/LEVEL,ASPHALT,FOLLOWING TOO CLOSELY,REAR END,E3RDSTNGATESDR,YIELD SIGN
BLOOMINGTON PD,BLOOMINGTON,3/9/2019,11:05 AM,2,0,0,0,0,,,,N COLLEGE,W 11TH ST,,,,39.173232,-86.534752,LOCAL/CITY ROAD,N,URBAN,N,N,N,,DAYLIGHT,CLOUDY,DRY,,FOUR-WAY INTERSECTION,STRAIGHT/GRADE,ASPHALT,DISREGARD SIGNAL/REG SIGN,RIGHT ANGLE,11THSTCOLLEGEAVE,TRAFFIC CONTROL SIGNAL
ISP BLOOMINGTON 33,BLOOMINGTON,3/9/2019,11:20 PM,1,0,0,0,0,,,,SR 46,E TRAILWAY DR,,1700,E,39.16358938,-86.42342395,STATE ROAD,N,RURAL,N,N,N,,DARK (NOT LIGHTED),SEVERE CROSS WIND,DRY,,NO JUNCTION INVOLVED,CURVE/GRADE,ASPHALT,ANIMAL/OBJECT IN ROADWAY,COLLISION WITH OBJECT IN ROAD,SR46TRAILWAYDR,LANE CONTROL
ELLETTSVILLE PD,ELLETTSVILLE,3/9/2019,8:05 PM,2,0,0,0,0,,,,SR 46,N FOREST PARK DR,,,,39.212048,-86.5872,STATE ROAD,N,URBAN,N,N,N,,DARK (LIGHTED),CLOUDY,WET,,T-INTERSECTION,STRAIGHT/LEVEL,ASPHALT,FAILURE TO YIELD RIGHT OF WAY,RIGHT ANGLE,FORESTPARKDRSR46W,STOP SIGN
ELLETTSVILLE PD,ELLETTSVILLE,3/10/2019,5:42 PM,2,0,0,0,0,,,,SR 46,N MATTHEWS DR,,50,E,39.236096,-86.625168,LOCAL/CITY ROAD,N,URBAN,N,N,N,,DAYLIGHT,CLOUDY,DRY,,NO JUNCTION INVOLVED,STRAIGHT/LEVEL,ASPHALT,OTHER (DRIVER) - EXPLAIN IN NARRATIVE,SAME DIRECTION SIDESWIPE,NMATTHEWSDRWMAINST,LANE CONTROL
MONROE SD,BLOOMINGTON,3/10/2019,4:47 PM,2,0,1,0,0,,,,W SIMS,S PLAZA DR,,100,W,39.12664,-86.579392,COUNTY ROAD,N,RURAL,N,N,N,,DAYLIGHT,CLEAR,DRY,,T-INTERSECTION,STRAIGHT/LEVEL,ASPHALT,UNSAFE SPEED,LEFT TURN,SPLAZADRWSIMSLN,NONE
ISP BLOOMINGTON 33,BLOOMINGTON,3/11/2019,2:20 PM,2,0,0,0,0,,,,N SMITH,W WOODYARD RD,,1056,N,0,0,LOCAL/CITY ROAD,N,RURAL,N,N,N,,DAYLIGHT,CLEAR,DRY,,NO JUNCTION INVOLVED,STRAIGHT/LEVEL,ASPHALT,FOLLOWING TOO CLOSELY,REAR END,SMITHPIKEWOODYARDRD,LANE CONTROL
MONROE SD,BLOOMINGTON,3/11/2019,11:29 PM,1,0,0,0,0,,,,SR 46,W CHAFIN CHAPEL RD,,600,W,0,0,STATE ROAD,N,RURAL,N,N,B,,DARK (NOT LIGHTED),CLEAR,DRY,,NO JUNCTION INVOLVED,CURVE/LEVEL,ASPHALT,RAN OFF ROAD RIGHT,RAN OFF ROAD,SR46WWCHAFFINCHAPPELRD,NO PASSING ZONE
BLOOMINGTON PD,BLOOMINGTON,3/11/2019,5:00 AM,2,0,0,0,0,,,,E VERMILYA,S WALNUT ST,,50,E,39.14892,-86.53324432,LOCAL/CITY ROAD,N,URBAN,N,N,N,,DARK (NOT LIGHTED),CLEAR,DRY,,T-INTERSECTION,STRAIGHT/LEVEL,ASPHALT,IMPROPER LANE USAGE,SAME DIRECTION SIDESWIPE,SWALNUTSTVERMILYAAVE,NONE
BLOOMINGTON PD,BLOOMINGTON,3/11/2019,6:43 PM,2,0,0,0,0,,,,E WINSLOW,S WESTMINSTER WAY,,,,39.13602,-86.52195,LOCAL/CITY ROAD,Y,URBAN,N,N,N,,DAYLIGHT,CLEAR,DRY,,T-INTERSECTION,STRAIGHT/GRADE,ASPHALT,IMPROPER PASSING,SAME DIRECTION SIDESWIPE,EWINSLOWRDSWESTMISTERWAY,NONE
BLOOMINGTON PD,BLOOMINGTON,3/11/2019,3:15 PM,2,0,0,0,0,,,,S CLARIZZ,WILMINGTON CT,,,,39.16424,-86.4908,LOCAL/CITY ROAD,Y,URBAN,N,N,N,,DAYLIGHT,CLEAR,DRY,,NO JUNCTION INVOLVED,STRAIGHT/GRADE,ASPHALT,UNSAFE BACKING,LEFT/RIGHT TURN,E3RDSTSCLARIZZBLVD,NONE
BLOOMINGTON PD,BLOOMINGTON,3/12/2019,9:10 AM,2,0,2,0,0,,,,SR 45,N RANGE RD,,,,39.171504,-86.495312,STATE ROAD,N,URBAN,N,N,N,,DAYLIGHT,CLEAR,DRY,,FOUR-WAY INTERSECTION,STRAIGHT/LEVEL,ASPHALT,FOLLOWING TOO CLOSELY,REAR END,PETEELLISDRSR45E,TRAFFIC CONTROL SIGNAL
ELLETTSVILLE PD,ELLETTSVILLE,3/12/2019,3:35 PM,2,0,2,0,0,,,,SR 46,N UNION VALLEY RD,,,,39.215152,-86.5928,STATE ROAD,N,URBAN,N,N,N,,DAYLIGHT,CLEAR,DRY,,FOUR-WAY INTERSECTION,STRAIGHT/LEVEL,ASPHALT,DISREGARD SIGNAL/REG SIGN,OTHER - EXPLAIN IN NARRATIVE,NORTHUNIONVALLEYRDSR46W,TRAFFIC CONTROL SIGNAL
ISP BLOOMINGTON 33,BLOOMINGTON,3/12/2019,1:31 PM,2,0,0,0,0,,,,W FULLERTON,I-69,115A,,,0,0,LOCAL/CITY ROAD,N,RURAL,N,N,N,,DAYLIGHT,CLEAR,DRY,,TRAFFIC CIRCLE/ROUNDABOUT,CURVE/LEVEL,ASPHALT,FAILURE TO YIELD RIGHT OF WAY,RIGHT TURN,FULERTONPIKEI69EXIT115ARAMP,ROUNDABOUT INTERSECTION
MONROE SD,BLOOMINGTON,3/12/2019,5:09 PM,3,0,0,0,0,,,,E DILLMAN,S EMPIRE RD,,,,39.092928,-86.54176,COUNTY ROAD,N,RURAL,N,N,N,,DAYLIGHT,CLEAR,DRY,,FOUR-WAY INTERSECTION,STRAIGHT/HILLCREST,ASPHALT,UNSAFE SPEED,REAR END,EDILLMANRDSEMPIRERD,NONE
BLOOMINGTON PD,BLOOMINGTON,3/12/2019,4:11 PM,2,0,0,0,0,,,,W BLOOMFIELD,S SHADELAND DR,,,,39.15559,-86.561945,LOCAL/CITY ROAD,Y,URBAN,N,N,N,,DAYLIGHT,CLEAR,DRY,,FOUR-WAY INTERSECTION,STRAIGHT/LEVEL,ASPHALT,UNSAFE BACKING,BACKING CRASH,SOUTHSHADELANDDRWESTBLOOMFIELDRD,TRAFFIC CONTROL SIGNAL
BLOOMINGTON PD,BLOOMINGTON,3/13/2019,8:06 PM,2,0,4,0,0,,,,SR 45,S CURRY PIKE,,,,39.14209202,-86.58241581,STATE ROAD,N,URBAN,N,N,N,,DARK (LIGHTED),CLOUDY,DRY,,FOUR-WAY INTERSECTION,STRAIGHT/LEVEL,ASPHALT,FAILURE TO YIELD RIGHT OF WAY,RIGHT ANGLE,CURRYPIKESR45W,TRAFFIC CONTROL SIGNAL
BLOOMINGTON PD,BLOOMINGTON,3/13/2019,3:08 PM,2,0,0,0,0,,,,S COLLEGE,W 1ST ST,,,,39.17688,-86.534736,LOCAL/CITY ROAD,Y,URBAN,N,N,N,,DAYLIGHT,CLEAR,DRY,,FOUR-WAY INTERSECTION,STRAIGHT/LEVEL,ASPHALT,FOLLOWING TOO CLOSELY,REAR END,SCOLLEGEAVEW1STST,NONE
MONROE SD,BLOOMINGTON,3/13/2019,7:55 AM,2,0,0,0,0,,,,SR 37,S WALNUT ST,,,,39.085632,-86.542304,STATE ROAD,N,RURAL,N,N,N,,DAWN/DUSK,RAIN,WET,,FOUR-WAY INTERSECTION,STRAIGHT/LEVEL,ASPHALT,FOLLOWING TOO CLOSELY,REAR END,OLDSTATEROAD37HWYSR37S,TRAFFIC CONTROL SIGNAL
BLOOMINGTON PD,BLOOMINGTON,3/13/2019,1:50 PM,2,0,0,0,0,,,,E 3RD,N JORDAN AVE,,,,39.16424,-86.5164,LOCAL/CITY ROAD,N,URBAN,N,N,N,,DAYLIGHT,CLOUDY,DRY,,NO JUNCTION INVOLVED,STRAIGHT/GRADE,ASPHALT,UNSAFE LANE MOVEMENT,SAME DIRECTION SIDESWIPE,E3RDSTJORDANAVE,NONE
BLOOMINGTON PD,BLOOMINGTON,3/13/2019,3:28 PM,2,0,0,0,0,1825,,,N KINSER,W PARRISH RD,,,,39.188144,-86.5376,UNKNOWN,Y,URBAN,N,N,N,,DAYLIGHT,CLOUDY,DRY,,T-INTERSECTION,STRAIGHT/LEVEL,ASPHALT,FOLLOWING TOO CLOSELY,REAR END,NKINSERPIKEWPARRISHRD,STOP SIGN
BLOOMINGTON PD,BLOOMINGTON,3/14/2019,2:40 PM,2,0,0,0,0,,,,SR 45,S HICKORY LEAF DR,,,,0,0,LOCAL/CITY ROAD,N,URBAN,N,N,N,,DAYLIGHT,CLEAR,WET,,FOUR-WAY INTERSECTION,STRAIGHT/LEVEL,ASPHALT,FAILURE TO YIELD RIGHT OF WAY,OPPOSITE DIRECTION SIDESWIPE,SLIBERTYDRWBLOOMFIELDRD,TRAFFIC CONTROL SIGNAL
MONROE SD,BLOOMINGTON,3/14/2019,5:00 AM,1,0,0,0,0,,,,MAIN FOREST,SERVICE RD,,2910,S,0,0,LOCAL/CITY ROAD,N,RURAL,N,N,N,,DARK (NOT LIGHTED),CLEAR,WET,,NO JUNCTION INVOLVED,STRAIGHT/LEVEL,ASPHALT,OTHER (DRIVER) - EXPLAIN IN NARRATIVE,OTHER - EXPLAIN IN NARRATIVE,CHERRYLAKELNMAINFORESTRD,NONE
BLOOMINGTON PD,BLOOMINGTON,3/14/2019,7:03 AM,1,0,1,0,0,,,,N GATES,W JONATHAN DR,,600,S,39.10530661,-86.57642,LOCAL/CITY ROAD,N,URBAN,N,N,N,,DARK (LIGHTED),CLOUDY,WET,,NO JUNCTION INVOLVED,CURVE/LEVEL,ASPHALT,DRIVER ASLEEP OR FATIGUED,RAN OFF ROAD,JONATHANDRNORTHGATESDR,NONE
INDIANA UNIV BLOOMINGTON PD,BLOOMINGTON,3/15/2019,7:20 PM,2,0,0,0,0,,,,S HENDERSON,E ATWATER AVE,,,,39.162975,-86.52727,LOCAL/CITY ROAD,N,URBAN,N,N,N,,DAYLIGHT,CLEAR,DRY,,FOUR-WAY INTERSECTION,STRAIGHT/LEVEL,ASPHALT,DISREGARD SIGNAL/REG SIGN,HEAD ON BETWEEN TWO MOTOR VEHICLES,ATWATERAVEHENDERSONST,TRAFFIC CONTROL SIGNAL