Agency,City,Collision Date,Collision Time,Vehicles Involved,Trailers Involved,Number Injured,Number Dead,Number Deer,House Number,Roadway Interchange,Roadway Ramp,Roadway Id,Intersecting Road,Interchange,Feet From,Direction,Latitude,Longitude,Roadway Class,Hit and Run?,Locality,School Zone?,Rumble Strips?,Construction?,Construction Type,Light Condition,Weather Conditions,Surface Condition,Type of Median,Roadway Junction Type,Road Character,Roadway Surface,Primary Factor,Manner of Collision,Unique Location Id,Traffic Control
MONROE SD,BLOOMINGTON,3/15/2019,7:49 AM,1,0,0,0,1,,,,SR 46,W HEDRICK RD,,,,39.16320489,-86.41557352,STATE ROAD,N,RURAL,N,N,N,,DAWN/DUSK,CLOUDY,DRY,,FOUR-WAY INTERSECTION,STRAIGHT/LEVEL,ASPHALT,ANIMAL/OBJECT IN ROADWAY,COLLISION WITH DEER,SR46WWHEDRICKRD,NONE
MONROE SD,BLOOMINGTON,3/15/2019,2:44 PM,1,0,0,0,0,,,,W CLEAR CREEK,S MADISON ST,,,,39.11112,-86.53735,LOCAL/CITY ROAD,N,URBAN,Y,N,N,,DAYLIGHT,CLEAR,DRY,,T-INTERSECTION,STRAIGHT/LEVEL,ASPHALT,FAILURE TO YIELD RIGHT OF WAY,OTHER - EXPLAIN IN NARRATIVE,MADISONSTWCLEARCREEKDR,NONE
MONROE SD,BLOOMINGTON,3/16/2019,2:46 PM,2,0,0,0,0,,,,S WALNUT,S ORCHARD LN,,600,S,39.11584,-86.5312,LOCAL/CITY ROAD,N,RURAL,N,N,N,,DAYLIGHT,CLEAR,DRY,,NO JUNCTION INVOLVED,STRAIGHT/GRADE,ASPHALT,FOLLOWING TOO CLOSELY,REAR END,OLDSR37RDORCHARDLN,NONE
MONROE SD,BLOOMINGTON,3/16/2019,4:13 PM,2,0,0,0,0,,,,SR 37,S WALNUT ST,,,,38.92317,-86.5256,STATE ROAD,N,URBAN,N,N,N,,DAYLIGHT,CLEAR,DRY,,FOUR-WAY INTERSECTION,STRAIGHT/LEVEL,ASPHALT,FOLLOWING TOO CLOSELY,REAR END,OLDSTRD37RDSR37S,TRAFFIC CONTROL SIGNAL
MONROE SD,STINESVILLE,3/16/2019,11:41 AM,2,0,0,0,0,,,,SR 46,W HEDRICK RD,,500,E,0,0,STATE ROAD,N,RURAL,N,N,N,,DAYLIGHT,CLEAR,DRY,,NO JUNCTION INVOLVED,STRAIGHT/GRADE,ASPHALT,BRAKE FAILURE OR DEFECTIVE,REAR END,SR46WWHEDRICKRD,LANE CONTROL
MONROE SD,BLOOMINGTON,3/16/2019,12:15 PM,2,0,0,0,0,,,,SR 37,E MONROE DAM RD,,1000,N,39.02275305,-86.53550942,STATE ROAD,N,RURAL,N,N,N,,DAYLIGHT,CLEAR,DRY,,NO JUNCTION INVOLVED,STRAIGHT/LEVEL,ASPHALT,UNSAFE LANE MOVEMENT,SAME DIRECTION SIDESWIPE,MONROEDAMRDSR37S,NONE
BLOOMINGTON PD,BLOOMINGTON,3/16/2019,7:51 PM,2,0,1,0,0,,,,S WALNUT,E SOUTH DR,,100,N,39.142048,-86.531088,LOCAL/CITY ROAD,N,URBAN,N,N,N,,DARK (NOT LIGHTED),CLEAR,DRY,,T-INTERSECTION,STRAIGHT/LEVEL,ASPHALT,FAILURE TO YIELD RIGHT OF WAY,LEFT TURN,ESOUTHDRSWALNUTST,NONE
INDIANA UNIV BLOOMINGTON PD,BLOOMINGTON,3/17/2019,3:04 PM,2,0,0,0,0,,,,E ATWATER,S HENDERSON ST,,60,W,39.162975,-86.5272648,LOCAL/CITY ROAD,N,URBAN,N,N,N,,DAYLIGHT,CLEAR,DRY,,NO JUNCTION INVOLVED,CURVE/LEVEL,ASPHALT,UNSAFE LANE MOVEMENT,SAME DIRECTION SIDESWIPE,ATWATERAVEHENDERSONST,NONE
MONROE SD,BLOOMINGTON,3/17/2019,7:15 PM,3,0,0,0,0,,,,SR 45,S HARMONY RD,,,,39.111024,-86.638304,STATE ROAD,Y,RURAL,N,N,N,,DAYLIGHT,CLEAR,DRY,,FOUR-WAY INTERSECTION,STRAIGHT/LEVEL,ASPHALT,FAILURE TO YIELD RIGHT OF WAY,RIGHT ANGLE,SHARMONYRDSR45W,STOP SIGN
BLOOMINGTON PD,BLOOMINGTON,3/17/2019,5:16 PM,2,0,1,0,0,,,,W 7TH,N MORTON ST,,,,39.168672,-86.536,LOCAL/CITY ROAD,N,URBAN,N,N,N,,DAYLIGHT,CLEAR,DRY,,FOUR-WAY INTERSECTION,STRAIGHT/GRADE,ASPHALT,FAILURE TO YIELD RIGHT OF WAY,RIGHT ANGLE,NMORTONSTW7THST,STOP SIGN
BLOOMINGTON PD,BLOOMINGTON,3/18/2019,1:01 PM,2,0,1,0,0,,,,S COLLEGE MALL,E 3RD ST,,50,S,39.16410464,-86.49837029,LOCAL/CITY ROAD,N,URBAN,N,N,N,,DAYLIGHT,CLEAR,DRY,,NO JUNCTION INVOLVED,STRAIGHT/LEVEL,ASPHALT,FOLLOWING TOO CLOSELY,REAR END,3RDSTCOLLEGEMALLRD,NONE
BLOOMINGTON PD,BLOOMINGTON,3/18/2019,3:51 PM,2,0,0,0,0,,,,SR 48,S CURRY PIKE,,200,W,39.16464,-86.58280768,LOCAL/CITY ROAD,N,URBAN,N,N,N,,DAYLIGHT,CLEAR,DRY,,T-INTERSECTION,STRAIGHT/LEVEL,ASPHALT,IMPROPER TURNING,LEFT TURN,SOUTHCURRYPIKEWEST3RDST,NONE
BLOOMINGTON PD,BLOOMINGTON,3/18/2019,11:53 AM,2,0,0,0,0,,,,SR 45/46,E 17TH ST,,,,38.86028746,-86.46925492,LOCAL/CITY ROAD,N,URBAN,N,N,N,,DAYLIGHT,CLEAR,DRY,,T-INTERSECTION,CURVE/LEVEL,ASPHALT,FOLLOWING TOO CLOSELY,REAR END,17THST4645BYP,TRAFFIC CONTROL SIGNAL
BLOOMINGTON PD,BLOOMINGTON,3/18/2019,4:34 PM,2,0,0,0,0,,,,E SR 45,E ETTER RD,,,,39.176304,-86.479152,LOCAL/CITY ROAD,N,URBAN,N,N,N,,DAYLIGHT,CLEAR,DRY,,T-INTERSECTION,STRAIGHT/GRADE,ASPHALT,LEFT OF CENTER,OPPOSITE DIRECTION SIDESWIPE,EETTERDRESTATEROAD45HWY,NONE
MONROE SD,BLOOMINGTON,3/18/2019,4:00 PM,2,0,0,0,0,,,,N HARTSTRAIT,W RATLIFF RD,,,,39.17365997,-86.61117611,LOCAL/CITY ROAD,N,RURAL,N,N,N,,DAYLIGHT,CLEAR,DRY,,T-INTERSECTION,STRAIGHT/GRADE,ASPHALT,UNSAFE SPEED,REAR END,NHARTSTRAITRDWRATLIFFRD,NONE
BLOOMINGTON PD,BLOOMINGTON,3/18/2019,2:45 PM,2,0,1,0,0,,,,N WASHINGTON,E 9TH ST,,,,39.170544,-86.5324,LOCAL/CITY ROAD,N,URBAN,N,N,N,,DAYLIGHT,CLEAR,DRY,,FOUR-WAY INTERSECTION,STRAIGHT/GRADE,ASPHALT,FAILURE TO YIELD RIGHT OF WAY,RIGHT ANGLE,E9THSTNWASHINGTONST,STOP SIGN
MONROE SD,BLOOMINGTON,3/18/2019,12:00 PM,2,0,0,0,0,,,,S VICTOR,W OLD CAPITOL PIKE,,,,0,0,COUNTY ROAD,N,RURAL,N,N,N,,DAYLIGHT,CLEAR,DRY,,T-INTERSECTION,CURVE/LEVEL,ASPHALT,FAILURE TO YIELD RIGHT OF WAY,HEAD ON BETWEEN TWO MOTOR VEHICLES,SOUTHOLDCAPITALPIKESOUTHVICTORPIKE,NONE
BLOOMINGTON PD,BLOOMINGTON,3/18/2019,4:15 PM,3,0,0,0,0,,,,S WALNUT,E 2ND ST,,,,39.16144,-86.5336,LOCAL/CITY ROAD,Y,URBAN,N,N,N,,DAYLIGHT,CLEAR,DRY,,FOUR-WAY INTERSECTION,STRAIGHT/LEVEL,ASPHALT,DISREGARD SIGNAL/REG SIGN,SAME DIRECTION SIDESWIPE,E2NDSTSWALNUTST,TRAFFIC CONTROL SIGNAL
MONROE SD,BLOOMINGTON,3/18/2019,12:57 AM,1,0,0,0,1,,,,SR 48,N OARD RD,,,,39.164848,-86.62,STATE ROAD,N,RURAL,N,N,N,,DARK (NOT LIGHTED),CLEAR,DRY,,T-INTERSECTION,CURVE/LEVEL,ASPHALT,ANIMAL/OBJECT IN ROADWAY,COLLISION WITH DEER,NORTHOARDRDSR48W,NONE
MONROE SD,BLOOMINGTON,3/19/2019,4:47 PM,2,0,0,0,0,,,,W TAPP,I-69,Y,,,0,0,LOCAL/CITY ROAD,N,RURAL,N,N,N,,DAYLIGHT,CLEAR,DRY,,RAMP,STRAIGHT/GRADE,ASPHALT,FAILURE TO YIELD RIGHT OF WAY,SAME DIRECTION SIDESWIPE,I69HWYTAPPRD,NONE
INDIANA UNIV BLOOMINGTON PD,BLOOMINGTON,3/19/2019,5:19 PM,1,0,1,0,0,400,,,E 6TH,N GRANT ST,,,,39.16749617,-86.52961263,UNKNOWN,N,URBAN,N,N,N,,DAYLIGHT,CLEAR,DRY,,T-INTERSECTION,STRAIGHT/LEVEL,ASPHALT,DRIVER DISTRACTED - EXPLAIN IN NARRATIVE,COLLISION WITH OBJECT IN ROAD,E7THSTST,NONE
MONROE SD,BLOOMINGTON,3/20/2019,10:24 PM,2,0,1,0,0,,,,S WALNUT,W CHURCH LN,,,,39.107248,-86.531392,LOCAL/CITY ROAD,N,URBAN,N,N,N,,DARK (LIGHTED),RAIN,WET,,FOUR-WAY INTERSECTION,STRAIGHT/LEVEL,ASPHALT,DISREGARD SIGNAL/REG SIGN,RIGHT ANGLE,SOLDSTATEROAD37RDWCHURCHLN,TRAFFIC CONTROL SIGNAL
INDIANA UNIV BLOOMINGTON PD,BLOOMINGTON,3/20/2019,3:20 PM,2,0,0,0,0,,,,SR 45/46,N FEE LN,,,,39.1863,-86.53177,STATE ROAD,N,URBAN,N,N,N,,DAYLIGHT,RAIN,WET,,FOUR-WAY INTERSECTION,STRAIGHT/LEVEL,ASPHALT,FOLLOWING TOO CLOSELY,REAR END,MATLOCKRDSR46,LANE CONTROL
MONROE SD,ELLETTSVILLE,3/20/2019,7:37 PM,1,0,0,0,0,,,,W ARLINGTON,SR 46,,,,39.20824,-86.580208,LOCAL/CITY ROAD,N,RURAL,N,N,N,,DAWN/DUSK,RAIN,WET,,FOUR-WAY INTERSECTION,STRAIGHT/HILLCREST,ASPHALT,RAN OFF ROAD RIGHT,RAN OFF ROAD,ARLINGTONRDARLINGTONRD,NONE
MONROE SD,BLOOMINGTON,3/20/2019,12:13 PM,3,0,0,0,0,,,,S WALNUT,E RHORER RD,,50,S,39.121552,-86.531296,LOCAL/CITY ROAD,N,RURAL,N,N,N,,DAYLIGHT,CLOUDY,DRY,NONE,FOUR-WAY INTERSECTION,STRAIGHT/LEVEL,ASPHALT,DRIVER DISTRACTED - EXPLAIN IN NARRATIVE,REAR END,SOLDSR37HWYWRHORERRD,TRAFFIC CONTROL SIGNAL
BLOOMINGTON PD,BLOOMINGTON,3/20/2019,8:42 PM,2,0,0,0,0,,,,E 10TH,N GRANT ST,,,,39.171696,-86.529696,LOCAL/CITY ROAD,N,URBAN,N,N,N,,DARK (LIGHTED),RAIN,WET,,FOUR-WAY INTERSECTION,STRAIGHT/LEVEL,ASPHALT,FAILURE TO YIELD RIGHT OF WAY,RIGHT ANGLE,E10THSTNGRANTST,STOP SIGN
INDIANA UNIV BLOOMINGTON PD,BLOOMINGTON,3/20/2019,6:30 PM,2,0,0,0,0,,,,E LAW,N UNION ST,,100,W,0,0,LOCAL/CITY ROAD,N,URBAN,N,N,N,,DARK (LIGHTED),RAIN,WET,,NO JUNCTION INVOLVED,STRAIGHT/GRADE,ASPHALT,SPEED TOO FAST FOR WEATHER CONDITIONS,REAR END,ELAWLNUNIONST,NONE
BLOOMINGTON PD,BLOOMINGTON,3/20/2019,12:15 PM,2,0,1,0,0,,,,S ROGERS,W 4TH ST,,,,39.16563,-86.53872,LOCAL/CITY ROAD,N,URBAN,N,N,N,,DAYLIGHT,CLOUDY,DRY,,FOUR-WAY INTERSECTION,STRAIGHT/LEVEL,ASPHALT,FAILURE TO YIELD RIGHT OF WAY,LEFT TURN,SROGERSSTW4THST,STOP SIGN
BLOOMINGTON PD,BLOOMINGTON,3/20/2019,11:00 PM,2,0,0,0,0,,,,W 17TH,N COLLEGE AVE,,,,39.17896,-86.53472,LOCAL/CITY ROAD,Y,URBAN,N,N,N,,DARK (LIGHTED),RAIN,WET,,FOUR-WAY INTERSECTION,STRAIGHT/LEVEL,ASPHALT,FAILURE TO YIELD RIGHT OF WAY,LEFT TURN,NCOLLEGEAVEW17THST,TRAFFIC CONTROL SIGNAL
MONROE SD,BLOOMINGTON,3/20/2019,7:55 AM,1,0,0,0,1,,,,W CHURCH,S ROGERS ST,,150,W,39.107456,-86.540064,LOCAL/CITY ROAD,N,RURAL,N,N,N,,DAWN/DUSK,CLEAR,DRY,,NO JUNCTION INVOLVED,CURVE/GRADE,ASPHALT,ANIMAL/OBJECT IN ROADWAY,COLLISION WITH DEER,CHURCHLNSROGERSST,NONE
INDIANA UNIV BLOOMINGTON PD,BLOOMINGTON,3/21/2019,9:55 AM,2,0,0,0,0,,,,E 3RD,S INDIANA AVE,,,,39.164475,-86.52691,LOCAL/CITY ROAD,N,URBAN,N,N,N,,DAYLIGHT,CLOUDY,DRY,,NO JUNCTION INVOLVED,STRAIGHT/LEVEL,ASPHALT,FAILURE TO YIELD RIGHT OF WAY,SAME DIRECTION SIDESWIPE,INDIANAAVETHIRDST,LANE CONTROL
MONROE SD,BLOOMINGTON,3/21/2019,7:49 AM,2,0,0,0,0,,,,S WALNUT ST PIKE,E RHORER RD,,,,39.12144,-86.526496,COUNTY ROAD,N,URBAN,N,N,Y,X-OVER/LANE SHIFT,DAYLIGHT,CLOUDY,WET,,FOUR-WAY INTERSECTION,STRAIGHT/GRADE,ASPHALT,FAILURE TO YIELD RIGHT OF WAY,LEFT TURN,EASTRHORERRDSOUTHWALNUTSTREETPIKE,STOP SIGN
INDIANA UNIV BLOOMINGTON PD,BLOOMINGTON,3/21/2019,4:00 PM,2,0,1,0,0,,,,E 10TH,N WALNUT GROVE ST,,,,39.1716,-86.520896,LOCAL/CITY ROAD,N,URBAN,N,N,N,,DAYLIGHT,CLOUDY,DRY,,T-INTERSECTION,STRAIGHT/LEVEL,ASPHALT,IMPROPER PASSING,LEFT TURN,10THSTWALNUTGROVEST,STOP SIGN
BLOOMINGTON PD,BLOOMINGTON,3/21/2019,3:31 AM,1,0,0,0,0,,,,N WALNUT,W OLD SR 37,,70,S,,,LOCAL/CITY ROAD,N,URBAN,N,N,N,,DARK (LIGHTED),CLOUDY,DRY,,NO JUNCTION INVOLVED,STRAIGHT/LEVEL,ASPHALT,RAN OFF ROAD RIGHT,RAN OFF ROAD,OLDSTRD37RDWALNUTST,LANE CONTROL
INDIANA UNIV BLOOMINGTON PD,BLOOMINGTON,3/21/2019,7:54 AM,2,0,0,0,0,,,,E ATWATER,S WOODLAWN AVE,,100,W,39.16425,-86.52819135,LOCAL/CITY ROAD,N,URBAN,N,N,N,,DAYLIGHT,CLOUDY,DRY,,NO JUNCTION INVOLVED,STRAIGHT/LEVEL,ASPHALT,FAILURE TO YIELD RIGHT OF WAY,SAME DIRECTION SIDESWIPE,EATWATERAVESWOODLAWNAVE,LANE CONTROL
BLOOMINGTON PD,BLOOMINGTON,3/21/2019,3:42 PM,2,0,0,0,0,,,,E BUICK CADILLAC,S AUTO MALL RD,,,,39.15836,-86.495965,LOCAL/CITY ROAD,N,URBAN,N,N,N,,DARK (LIGHTED),RAIN,WET,,NO JUNCTION INVOLVED,STRAIGHT/LEVEL,ASPHALT,DRIVER DISTRACTED - EXPLAIN IN NARRATIVE,REAR END,AUTOMALLRDBUICKCADILLACBLVD,NONE
BLOOMINGTON PD,BLOOMINGTON,3/21/2019,7:37 AM,2,0,1,0,0,,,,W 17TH,N WOODBURN AVE,,400,W,39.178976,-86.536032,LOCAL/CITY ROAD,N,URBAN,N,N,N,,DAYLIGHT,CLOUDY,WET,,NO JUNCTION INVOLVED,STRAIGHT/GRADE,ASPHALT,FOLLOWING TOO CLOSELY,REAR END,NORTHWOODBURNAVEWEST17THST,NONE
BLOOMINGTON PD,BLOOMINGTON,3/21/2019,2:17 AM,1,0,1,0,0,,,,W ALLEN,S STRONG DR,,700,W,39.15566,-86.54425941,LOCAL/CITY ROAD,Y,URBAN,N,N,N,,DARK (LIGHTED),CLOUDY,WET,,NO JUNCTION INVOLVED,STRAIGHT/GRADE,ASPHALT,RAN OFF ROAD RIGHT,RAN OFF ROAD,SSTRONGDRWALLENST,NONE
MONROE SD,BLOOMINGTON,3/21/2019,4:48 PM,2,0,0,0,0,,,,W MAPLE GROVE,N UNION VALLEY RD,,500,E,39.244752,-86.5928,COUNTY ROAD,N,RURAL,N,N,N,,DAYLIGHT,CLEAR,DRY,,NO JUNCTION INVOLVED,STRAIGHT/HILLCREST,ASPHALT,VIEW OBSTRUCTED,RIGHT ANGLE,UNIONVALLEYRDWESTMAPLEGROVERD,NONE
BLOOMINGTON PD,BLOOMINGTON,3/22/2019,5:49 PM,3,0,2,0,0,,,,W 2ND,S COLLEGE AVE,,,,0,0,LOCAL/CITY ROAD,N,URBAN,N,N,N,,DAYLIGHT,CLEAR,DRY,,FOUR-WAY INTERSECTION,STRAIGHT/LEVEL,ASPHALT,FOLLOWING TOO CLOSELY,REAR END,SCOLLEGEAVEW2NDST,TRAFFIC CONTROL SIGNAL
BLOOMINGTON PD,BLOOMINGTON,3/22/2019,7:00 PM,2,0,1,0,0,,,,E 3RD,S OVERHILL DR,,,,39.164272,-86.501488,LOCAL/CITY ROAD,N,URBAN,N,N,N,,DAYLIGHT,CLEAR,DRY,,FOUR-WAY INTERSECTION,STRAIGHT/LEVEL,ASPHALT,FOLLOWING TOO CLOSELY,REAR END,E3RDSTSOVERHILLDR,NONE
MONROE SD,BLOOMINGTON,3/22/2019,3:27 PM,2,0,0,0,0,,,,N SMITH,W WOODYARD RD,,750,N,,,LOCAL/CITY ROAD,N,RURAL,N,N,N,,DAYLIGHT,CLEAR,DRY,,NO JUNCTION INVOLVED,STRAIGHT/GRADE,ASPHALT,FAILURE TO YIELD RIGHT OF WAY,RIGHT ANGLE,SMITHPIKEWOODYARDRD,NONE
ISP BLOOMINGTON 33,BLOOMINGTON,3/22/2019,8:30 AM,2,0,0,0,0,,,,S OLD SR 37,SR 37,,,,,,COUNTY ROAD,N,RURAL,N,N,N,,DAYLIGHT,CLEAR,DRY,,FOUR-WAY INTERSECTION,CURVE/LEVEL,ASPHALT,FAILURE TO YIELD RIGHT OF WAY,REAR END,OLDSR37HWYSR37,TRAFFIC CONTROL SIGNAL
BLOOMINGTON PD,BLOOMINGTON,3/22/2019,8:57 AM,1,0,0,0,0,,,,ALLEY,N ROGERS ST,,500,N,39.175152,-86.538512,UNKNOWN,N,URBAN,N,N,N,,DAYLIGHT,CLEAR,DRY,,NO JUNCTION INVOLVED,STRAIGHT/GRADE,ASPHALT,RAN OFF ROAD RIGHT,RAN OFF ROAD,NORTHROGERSSTWEST13THST,NONE
BLOOMINGTON PD,BLOOMINGTON,3/22/2019,3:01 AM,1,0,0,0,0,,,,E 13TH,N DUNN ST,,30,E,39.175552,-86.528192,LOCAL/CITY ROAD,Y,URBAN,N,N,N,,DARK (LIGHTED),CLEAR,DRY,,NO JUNCTION INVOLVED,CURVE/GRADE,ASPHALT,RAN OFF ROAD RIGHT,RAN OFF ROAD,E13THSTNDUNNST,LANE CONTROL
MONROE SD,BLOOMINGTON,3/22/2019,6:53 AM,1,0,0,0,1,,,,E WINSLOW,E WYLIE FARM RD,,50,E,0,0,LOCAL/CITY ROAD,N,URBAN,N,N,N,,DAWN/DUSK,CLEAR,ICE,,T-INTERSECTION,STRAIGHT/GRADE,ASPHALT,ANIMAL/OBJECT IN ROADWAY,COLLISION WITH DEER,EWINSLOWRDSWYLIEFARMRD,NONE
ISP BLOOMINGTON 33,BLOOMINGTON,3/22/2019,12:21 AM,1,1,0,0,1,,,,I-69 N,,,100,S,,,INTERSTATE,N,RURAL,N,N,N,,DARK (NOT LIGHTED),CLEAR,DRY,,NO JUNCTION INVOLVED,STRAIGHT/LEVEL,ASPHALT,ANIMAL/OBJECT IN ROADWAY,COLLISION WITH DEER,I69123.5,LANE CONTROL
MONROE SD,BLOOMINGTON,3/22/2019,7:46 PM,2,0,0,0,0,,,,S BREEDEN,W CRUM RD,,,,39.047296,-86.666976,LOCAL/CITY ROAD,N,RURAL,N,N,N,,DAWN/DUSK,CLOUDY,DRY,,T-INTERSECTION,STRAIGHT/GRADE,ASPHALT,LEFT OF CENTER,OPPOSITE DIRECTION SIDESWIPE,BREEDENRDCRUMRD,NONE
MONROE SD,BLOOMINGTON,3/22/2019,4:20 PM,1,0,0,0,1,,,,S OLD SR 37,S GORE RD,,900,N,39.032544,-86.541696,LOCAL/CITY ROAD,N,RURAL,N,N,N,,DARK (NOT LIGHTED),CLEAR,DRY,,NO JUNCTION INVOLVED,STRAIGHT/LEVEL,ASPHALT,ANIMAL/OBJECT IN ROADWAY,COLLISION WITH DEER,SGORERDSOLDSR37RD,NO PASSING ZONE
BLOOMINGTON PD,BLOOMINGTON,3/22/2019,8:20 AM,2,0,0,0,0,,,,S PATTERSON,W ALLEN ST,,,,0,0,LOCAL/CITY ROAD,N,URBAN,N,N,N,,DARK (LIGHTED),CLEAR,DRY,,FOUR-WAY INTERSECTION,CURVE/GRADE,ASPHALT,FOLLOWING TOO CLOSELY,REAR END,SPATTERSONDRWALLENST,TRAFFIC CONTROL SIGNAL
INDIANA UNIV BLOOMINGTON PD,BLOOMINGTON,3/22/2019,6:54 AM,2,0,0,0,0,,,,SR 45/46,N HEADLEY RD,,,,0,0,STATE ROAD,N,URBAN,N,N,N,,DARK (LIGHTED),CLEAR,DRY,,T-INTERSECTION,CURVE/LEVEL,ASPHALT,FAILURE TO YIELD RIGHT OF WAY,RIGHT ANGLE,EBALFOURSTSR46,STOP SIGN
MONROE SD,BLOOMINGTON,3/22/2019,7:23 AM,1,0,1,0,0,,,,W VERNAL,INDUSTRIAL PARK,,,,0,0,LOCAL/CITY ROAD,N,URBAN,N,N,N,,DAWN/DUSK,CLEAR,DRY,,T-INTERSECTION,STRAIGHT/GRADE,ASPHALT,OTHER (DRIVER) - EXPLAIN IN NARRATIVE,OTHER - EXPLAIN IN NARRATIVE,WINDUSTRIALPARKDRWVERNALPIKE,NONE
BLOOMINGTON PD,BLOOMINGTON,3/23/2019,12:48 AM,2,0,0,0,0,,,,N COLLEGE,W 10TH ST,,,,39.171744,-86.534768,LOCAL/CITY ROAD,N,URBAN,N,N,N,,DARK (LIGHTED),CLOUDY,DRY,,NO JUNCTION INVOLVED,STRAIGHT/GRADE,ASPHALT,FAILURE TO YIELD RIGHT OF WAY,SAME DIRECTION SIDESWIPE,10THSTCOLLEGEAVE,LANE CONTROL
MONROE SD,BLOOMINGTON,3/23/2019,5:09 PM,4,0,0,0,0,,,,S WALNUT,S ORCHARD LN,,425,S,0,0,STATE ROAD,N,RURAL,N,N,N,,DAYLIGHT,CLEAR,DRY,,NO JUNCTION INVOLVED,STRAIGHT/GRADE,CONCRETE,FOLLOWING TOO CLOSELY,REAR END,SORCHARDLNSR37S,NONE
INDIANA UNIV BLOOMINGTON PD,BLOOMINGTON,3/23/2019,11:09 AM,2,0,1,0,0,,,,SR 45/46,N MILO B SAMPSON LN,,,,0,0,STATE ROAD,N,URBAN,N,N,N,,DAYLIGHT,CLEAR,DRY,,T-INTERSECTION,STRAIGHT/LEVEL,ASPHALT,FOLLOWING TOO CLOSELY,REAR END,NMILOBSAMPSONLNSR46,NONE
MONROE SD,BLOOMINGTON,3/23/2019,3:34 AM,1,0,0,0,1,,,,I-69 S,,,50,N,0,0,INTERSTATE,N,RURAL,N,Y,N,,DARK (NOT LIGHTED),CLEAR,DRY,,NO JUNCTION INVOLVED,STRAIGHT/LEVEL,ASPHALT,ANIMAL/OBJECT IN ROADWAY,COLLISION WITH DEER,I111S111.5,NONE
MONROE SD,BLOOMINGTON,3/23/2019,1:40 PM,1,0,0,0,0,7599,,,SR 446,,,,,39.148464,-86.471256,STATE ROAD,N,RURAL,N,N,N,,DAYLIGHT,CLEAR,DRY,,NO JUNCTION INVOLVED,CURVE/GRADE,ASPHALT,RAN OFF ROAD RIGHT,RAN OFF ROAD,SR446S,NONE
MONROE SD,BLOOMINGTON,3/23/2019,12:57 PM,2,0,0,0,0,,,,SR 46,E KENT RD,,,,39.152448,-86.400288,STATE ROAD,N,RURAL,N,N,N,,DAYLIGHT,CLOUDY,DRY,,NO JUNCTION INVOLVED,STRAIGHT/LEVEL,ASPHALT,FOLLOWING TOO CLOSELY,REAR END,KENTRDSR46E,NONE
INDIANA UNIV BLOOMINGTON PD,BLOOMINGTON,3/24/2019,11:50 AM,2,0,0,0,0,,,,SR 46,E 10TH ST,,,,39.171648,-86.502096,STATE ROAD,N,URBAN,N,N,N,,DAYLIGHT,RAIN,WET,,FOUR-WAY INTERSECTION,STRAIGHT/GRADE,ASPHALT,UNSAFE LANE MOVEMENT,SAME DIRECTION SIDESWIPE,EASTGATELNSR46,TRAFFIC CONTROL SIGNAL
INDIANA UNIV BLOOMINGTON PD,BLOOMINGTON,3/24/2019,7:25 PM,1,0,1,0,0,,,,N UNION,E 10TH ST,,150,S,0,0,LOCAL/CITY ROAD,N,URBAN,N,N,N,,DAWN/DUSK,CLOUDY,DRY,,NO JUNCTION INVOLVED,STRAIGHT/GRADE,ASPHALT,DRIVER DISTRACTED - EXPLAIN IN NARRATIVE,OTHER - EXPLAIN IN NARRATIVE,TENTHSTUNIONST,NONE
BLOOMINGTON PD,BLOOMINGTON,3/24/2019,1:30 PM,2,0,0,0,0,,,,W GRIMES,S WALNUT ST,,,,39.15344,-86.5336,LOCAL/CITY ROAD,N,URBAN,N,N,N,,DAYLIGHT,RAIN,WET,,FOUR-WAY INTERSECTION,STRAIGHT/GRADE,ASPHALT,FOLLOWING TOO CLOSELY,REAR END,SWALNUTSTWGRIMESLN,TRAFFIC CONTROL SIGNAL
MONROE SD,ELLETTSVILLE,3/24/2019,12:30 AM,3,0,2,0,0,,,,SR 46,N SMITH PIKE,,,,39.210144,-86.5832,STATE ROAD,N,URBAN,N,N,N,,DAYLIGHT,RAIN,WET,,FOUR-WAY INTERSECTION,STRAIGHT/LEVEL,ASPHALT,SPEED TOO FAST FOR WEATHER CONDITIONS,REAR END,NORTHSMITHPIKESR46W,TRAFFIC CONTROL SIGNAL
BLOOMINGTON PD,BLOOMINGTON,3/24/2019,5:39 PM,2,0,2,0,0,,,,W BLOOMFIELD,S OAKDALE DR,,,,39.148544,-86.571504,LOCAL/CITY ROAD,N,URBAN,N,N,N,,DAYLIGHT,CLOUDY,WET,,FOUR-WAY INTERSECTION,STRAIGHT/GRADE,ASPHALT,IMPROPER LANE USAGE,SAME DIRECTION SIDESWIPE,SOAKDALEDRWBLOOMFIELDRD,TRAFFIC CONTROL SIGNAL
BLOOMINGTON PD,BLOOMINGTON,3/24/2019,3:17 AM,1,0,0,0,0,,,,E 15TH,N INDIANA AVE,,,,39.177152,-86.527152,LOCAL/CITY ROAD,N,URBAN,N,N,N,,DARK (NOT LIGHTED),CLEAR,DRY,,NO JUNCTION INVOLVED,STRAIGHT/GRADE,ASPHALT,ENGINE FAILURE OR DEFECTIVE,NON-COLLISION,15THSTINDIANAST,NONE
INDIANA UNIV BLOOMINGTON PD,BLOOMINGTON,3/24/2019,4:55 PM,2,0,0,0,0,,,,N JORDAN AVE,E LAW LN,,,,39.173552,-86.515488,LOCAL/CITY ROAD,N,URBAN,N,N,N,,DAYLIGHT,CLOUDY,WET,,FOUR-WAY INTERSECTION,STRAIGHT/LEVEL,ASPHALT,DRIVER DISTRACTED - EXPLAIN IN NARRATIVE,REAR END,ELAWLNJORDANAVE,TRAFFIC CONTROL SIGNAL