Agency,City,Collision Date,Collision Time,Vehicles Involved,Trailers Involved,Number Injured,Number Dead,Number Deer,House Number,Roadway Interchange,Roadway Ramp,Roadway Id,Intersecting Road,Interchange,Feet From,Direction,Latitude,Longitude,Roadway Class,Hit and Run?,Locality,School Zone?,Rumble Strips?,Construction?,Construction Type,Light Condition,Weather Conditions,Surface Condition,Type of Median,Roadway Junction Type,Road Character,Roadway Surface,Primary Factor,Manner of Collision,Unique Location Id,Traffic Control
BLOOMINGTON PD,BLOOMINGTON,3/24/2019,1:00 PM,2,0,0,0,0,,,,S COLLEGE,W 4TH ST,,,,0,0,LOCAL/CITY ROAD,N,URBAN,N,N,Y,WORK ON SHOULDER,DAYLIGHT,RAIN,WET,,FOUR-WAY INTERSECTION,STRAIGHT/LEVEL,ASPHALT,UNSAFE LANE MOVEMENT,SAME DIRECTION SIDESWIPE,SCOLLEGEAVEW4THST,TRAFFIC CONTROL SIGNAL
INDIANA UNIV BLOOMINGTON PD,BLOOMINGTON,3/24/2019,2:50 PM,2,0,0,0,0,,,,S ROSE,E JONES AVE,,,,0,0,UNKNOWN,N,URBAN,N,N,N,,DAYLIGHT,RAIN,WET,,NO JUNCTION INVOLVED,CURVE/LEVEL,ASPHALT,FOLLOWING TOO CLOSELY,REAR END,EJONESAVESROSEAVE,NONE
BLOOMINGTON PD,BLOOMINGTON,3/25/2019,11:59 AM,2,0,0,0,0,,,,I-69 S,SR 45,Y,,,0,0,LOCAL/CITY ROAD,N,URBAN,N,N,N,,DAYLIGHT,CLOUDY,WET,,FOUR-WAY INTERSECTION,STRAIGHT/LEVEL,ASPHALT,FOLLOWING TOO CLOSELY,REAR END,S37RTEWBLOOMFIELDRD,TRAFFIC CONTROL SIGNAL
BLOOMINGTON PD,BLOOMINGTON,3/25/2019,12:47 PM,2,0,0,0,0,,,,SR 46,E 10TH ST,,,,39.171648,-86.502096,LOCAL/CITY ROAD,N,URBAN,Y,N,N,,DAYLIGHT,CLOUDY,WET,,FOUR-WAY INTERSECTION,STRAIGHT/GRADE,ASPHALT,FOLLOWING TOO CLOSELY,REAR END,E10THSTS46RTE,LANE CONTROL
BLOOMINGTON PD,BLOOMINGTON,3/25/2019,11:15 AM,3,0,0,0,0,,,,S PATTERSON,W 2ND ST,,,,,,LOCAL/CITY ROAD,N,URBAN,N,N,N,,DAYLIGHT,RAIN,WET,,FOUR-WAY INTERSECTION,STRAIGHT/GRADE,ASPHALT,DRIVER DISTRACTED - EXPLAIN IN NARRATIVE,REAR END,2NDSTPATTERSONDR,TRAFFIC CONTROL SIGNAL
BLOOMINGTON PD,BLOOMINGTON,3/25/2019,2:54 PM,2,0,0,0,0,,,,E 2ND,S COLLEGE MALL RD,,,,0,0,LOCAL/CITY ROAD,N,URBAN,N,Y,N,,DAYLIGHT,CLEAR,DRY,,FOUR-WAY INTERSECTION,STRAIGHT/LEVEL,ASPHALT,FAILURE TO YIELD RIGHT OF WAY,LEFT TURN,E2NDSTSCOLLEGEMALLRD,TRAFFIC CONTROL SIGNAL
MONROE SD,BLOOMINGTON,3/25/2019,12:45 PM,1,0,0,0,0,,,,E ANDERSON,N OLD SR 37,,3000,E,39.266,-86.501696,LOCAL/CITY ROAD,N,RURAL,N,N,N,,DAYLIGHT,RAIN,WET,,NO JUNCTION INVOLVED,CURVE/LEVEL,ASPHALT,RAN OFF ROAD RIGHT,RAN OFF ROAD,EANDERSONRDNOLDSTATEROAD37RD,LANE CONTROL
BLOOMINGTON PD,BLOOMINGTON,3/25/2019,1:45 PM,2,0,0,0,0,,,,N KINSER,W SKYLINE DR,,150,N,39.190544,-86.537712,LOCAL/CITY ROAD,N,URBAN,N,N,N,,DAYLIGHT,CLOUDY,DRY,,T-INTERSECTION,CURVE/GRADE,ASPHALT,IMPROPER PASSING,REAR END,NKINSERPIKEWSKYLINEDR,NONE
MONROE SD,BLOOMINGTON,3/25/2019,4:48 PM,1,0,0,0,0,,,,W CLEAR CREEK,S COLLEGE AVE,,100,W,39.111152,-86.5348,LOCAL/CITY ROAD,N,URBAN,N,N,N,,DAYLIGHT,CLOUDY,DRY,,T-INTERSECTION,STRAIGHT/LEVEL,ASPHALT,RAN OFF ROAD RIGHT,RAN OFF ROAD,SCOLLEGEDRWCLEARCREEKDR,NONE
MONROE SD,BLOOMINGTON,3/26/2019,5:42 AM,1,0,0,0,0,,,,I-69 S,,,300,N,41.16101667,-85.10786235,INTERSTATE,Y,RURAL,N,Y,N,,DARK (LIGHTED),CLEAR,DRY,,Y-INTERSECTION,STRAIGHT/LEVEL,ASPHALT,RAN OFF ROAD RIGHT,RAN OFF ROAD,I69S114.5,NONE
MONROE SD,BLOOMINGTON,3/26/2019,3:43 PM,2,0,0,0,0,,,,N THOMAS,W VERNAL PIKE,,,,39.18904,-86.630096,LOCAL/CITY ROAD,N,RURAL,N,N,N,,DAYLIGHT,CLEAR,DRY,,T-INTERSECTION,CURVE/LEVEL,ASPHALT,FAILURE TO YIELD RIGHT OF WAY,RIGHT ANGLE,NTHOMASRDWVERNALPIKE,STOP SIGN
MONROE SD,BLOOMINGTON,3/26/2019,8:23 AM,2,0,0,0,0,,,,S CURRY,W FARMER AVE,,50,S,39.148128,-86.58264,LOCAL/CITY ROAD,N,RURAL,N,N,N,,DAYLIGHT,CLEAR,DRY,,T-INTERSECTION,STRAIGHT/GRADE,ASPHALT,UNSAFE LANE MOVEMENT,SAME DIRECTION SIDESWIPE,FARMERSAVESCURRYPIKE,LANE CONTROL
MONROE SD,BLOOMINGTON,3/26/2019,7:48 AM,2,0,1,0,0,,,,SR 45,E CHAPEL RD,,,,0,0,STATE ROAD,N,RURAL,N,N,N,,DAWN/DUSK,CLEAR,DRY,NONE,T-INTERSECTION,STRAIGHT/LEVEL,ASPHALT,FOLLOWING TOO CLOSELY,REAR END,SGREENECOUNTYLINERDSR45W,NONE
ISP BLOOMINGTON 33,BLOOMINGTON,3/27/2019,3:05 PM,2,0,0,0,0,,,,S LIBERTY,SR 45,,,,39.14502,-86.57777,STATE ROAD,N,URBAN,N,N,N,,DAYLIGHT,CLEAR,DRY,,FOUR-WAY INTERSECTION,STRAIGHT/LEVEL,ASPHALT,DISREGARD SIGNAL/REG SIGN,RIGHT ANGLE,LIBERTYDRSR45,TRAFFIC CONTROL SIGNAL
ISP BLOOMINGTON 33,BLOOMINGTON,3/27/2019,3:40 PM,2,0,0,0,0,,,,N CURRY,W JONATHAN DR,,100,N,39.17893546,-86.58295,LOCAL/CITY ROAD,N,URBAN,N,N,N,,DAYLIGHT,CLEAR,DRY,,NO JUNCTION INVOLVED,STRAIGHT/LEVEL,ASPHALT,UNSAFE LANE MOVEMENT,SAME DIRECTION SIDESWIPE,CURRYPIKEJONATHANDR,LANE CONTROL
INDIANA UNIV BLOOMINGTON PD,BLOOMINGTON,3/27/2019,10:29 AM,2,0,0,0,0,,,,S HENDERSON,E ATWATER AVE,,,,,,LOCAL/CITY ROAD,N,URBAN,N,N,N,,DAYLIGHT,CLEAR,DRY,,FOUR-WAY INTERSECTION,CURVE/LEVEL,ASPHALT,OTHER (DRIVER) - EXPLAIN IN NARRATIVE,RIGHT ANGLE,ATWATERAVEHENDERSONST,TRAFFIC CONTROL SIGNAL
BLOOMINGTON PD,BLOOMINGTON,3/27/2019,4:15 PM,2,0,0,0,0,,,,SR 45,INDUSTRIAL BLVD,,,,39.143552,-86.580528,STATE ROAD,Y,RURAL,N,N,N,,DAYLIGHT,CLEAR,DRY,,NO JUNCTION INVOLVED,CURVE/LEVEL,ASPHALT,UNSAFE LANE MOVEMENT,SAME DIRECTION SIDESWIPE,INDUSTRIALBLVDSR45W,TRAFFIC CONTROL SIGNAL
BLOOMINGTON PD,BLOOMINGTON,3/27/2019,8:11 AM,2,0,0,0,0,,,,W KIRKWOOD,S ROGERS ST,,50,W,39.166672,-86.538608,LOCAL/CITY ROAD,N,URBAN,N,N,N,,DAYLIGHT,CLEAR,DRY,,T-INTERSECTION,STRAIGHT/LEVEL,ASPHALT,FOLLOWING TOO CLOSELY,REAR END,NROGERSSTWKIRKWOODAVE,LANE CONTROL
BLOOMINGTON PD,BLOOMINGTON,3/27/2019,5:13 PM,2,0,0,0,0,,,,S LEONARD SPRINGS,W BARGE LN,,200,S,0,0,LOCAL/CITY ROAD,N,URBAN,N,N,N,,DAYLIGHT,CLEAR,DRY,,T-INTERSECTION,STRAIGHT/LEVEL,ASPHALT,FOLLOWING TOO CLOSELY,REAR END,SLEONARDSPRINGSRDWBARGELN,NONE
MONROE SD,BLOOMINGTON,3/27/2019,1:50 AM,1,0,0,0,0,,,,SR 46,,,500,E,,,STATE ROAD,N,RURAL,N,N,N,,DARK (NOT LIGHTED),CLEAR,DRY,,NO JUNCTION INVOLVED,STRAIGHT/LEVEL,ASPHALT,RAN OFF ROAD RIGHT,RAN OFF ROAD,HEDRICKRDSR46W,NONE
INDIANA UNIV BLOOMINGTON PD,BLOOMINGTON,3/28/2019,1:00 PM,2,0,0,0,0,,,,E 3RD,S INDIANA AVE,,,,39.164448,-86.5268,LOCAL/CITY ROAD,N,URBAN,N,N,N,,DAYLIGHT,CLOUDY,DRY,,FOUR-WAY INTERSECTION,STRAIGHT/LEVEL,ASPHALT,UNSAFE LANE MOVEMENT,SAME DIRECTION SIDESWIPE,E3RDSTINDIANAAVE,TRAFFIC CONTROL SIGNAL
MONROE SD,BLOOMINGTON,3/28/2019,10:24 AM,1,0,1,0,0,,,,SR 45,W HINDS RD,,1000,W,39.08985667,-86.66623333,STATE ROAD,N,RURAL,N,N,N,,DAYLIGHT,CLEAR,DRY,,NO JUNCTION INVOLVED,CURVE/LEVEL,ASPHALT,RAN OFF ROAD RIGHT,RAN OFF ROAD,HINESRDSR45W,NONE
BLOOMINGTON PD,BLOOMINGTON,3/28/2019,1:50 PM,2,0,0,0,0,,,,W BLOOMFIELD,S OAKDALE DR,,,,39.14967,-86.568795,LOCAL/CITY ROAD,Y,URBAN,N,N,N,,DAYLIGHT,CLEAR,DRY,,FOUR-WAY INTERSECTION,STRAIGHT/LEVEL,ASPHALT,FOLLOWING TOO CLOSELY,REAR END,SOUTHOAKDALEDRWESTBLOOMFIELDRD,TRAFFIC CONTROL SIGNAL
BLOOMINGTON PD,BLOOMINGTON,3/28/2019,11:13 AM,2,0,1,0,0,,,,E 10TH,N LINCOLN ST,,,,39.171712,-86.530992,LOCAL/CITY ROAD,N,URBAN,N,N,N,,DAYLIGHT,CLEAR,DRY,,FOUR-WAY INTERSECTION,STRAIGHT/GRADE,ASPHALT,FAILURE TO YIELD RIGHT OF WAY,RIGHT ANGLE,E10THSTNLINCOLNST,STOP SIGN
INDIANA UNIV BLOOMINGTON PD,BLOOMINGTON,3/28/2019,4:30 PM,2,0,0,0,0,,,,E 11TH,N FEE LN,,,,39.171584,-86.518688,UNKNOWN,Y,URBAN,N,N,N,,DAYLIGHT,CLEAR,DRY,,NO JUNCTION INVOLVED,STRAIGHT/LEVEL,CONCRETE,OTHER (VEHICLE) - EXPLAIN IN NARRATIVE,OTHER - EXPLAIN IN NARRATIVE,E11THSTFEELN,NONE
BLOOMINGTON PD,BLOOMINGTON,3/28/2019,3:13 PM,2,0,0,0,0,,,,E HILLSIDE,S WALNUT ST,,,,39.150544,-86.5336,LOCAL/CITY ROAD,N,URBAN,N,N,N,,DAYLIGHT,CLEAR,DRY,,FOUR-WAY INTERSECTION,STRAIGHT/LEVEL,ASPHALT,DISREGARD SIGNAL/REG SIGN,RIGHT ANGLE,EHILLSIDEDRSWALNUTST,TRAFFIC CONTROL SIGNAL
MONROE SD,BLOOMINGTON,3/28/2019,6:38 AM,1,0,0,0,0,,,,SR 446,E RUSH RIDGE RD,,100,S,39.08445075,-86.42061844,COUNTY ROAD,N,RURAL,N,N,N,,DARK (NOT LIGHTED),CLEAR,DRY,,NO JUNCTION INVOLVED,CURVE/GRADE,ASPHALT,RAN OFF ROAD RIGHT,RAN OFF ROAD,EASTRUSHRIDGERDSOUTHSTRD446RD,NONE
BLOOMINGTON PD,BLOOMINGTON,3/29/2019,8:50 PM,2,0,2,0,0,,,,W 3RD,I-69,,,,0,0,LOCAL/CITY ROAD,N,URBAN,N,N,N,,DARK (NOT LIGHTED),RAIN,WET,,NO JUNCTION INVOLVED,STRAIGHT/LEVEL,ASPHALT,UNSAFE LANE MOVEMENT,OTHER - EXPLAIN IN NARRATIVE,I69SR37OVERPASSHWYWTHIRDST,TRAFFIC CONTROL SIGNAL
BLOOMINGTON PD,BLOOMINGTON,3/29/2019,7:40 AM,2,0,2,0,0,,,,SR 45,I-69 S,Y,,,0,0,STATE ROAD,N,URBAN,N,N,N,,DAYLIGHT,RAIN,WET,,FOUR-WAY INTERSECTION,STRAIGHT/LEVEL,ASPHALT,FOLLOWING TOO CLOSELY,REAR END,SSTATE69RDSR45W,TRAFFIC CONTROL SIGNAL
INDIANA UNIV BLOOMINGTON PD,BLOOMINGTON,3/29/2019,5:45 PM,2,0,0,0,0,,,,N UNION,E 10TH ST,,,,39.171472,-86.509376,LOCAL/CITY ROAD,N,URBAN,N,N,N,,DAYLIGHT,CLOUDY,DRY,,FOUR-WAY INTERSECTION,STRAIGHT/LEVEL,ASPHALT,FOLLOWING TOO CLOSELY,REAR END,10THSTUNIONST,TRAFFIC CONTROL SIGNAL
BLOOMINGTON PD,BLOOMINGTON,3/29/2019,5:35 PM,3,0,1,0,0,,,,E 3RD,S WOODSCREST DR,,300,W,39.16427,-86.50238405,LOCAL/CITY ROAD,N,URBAN,Y,N,N,,DAYLIGHT,CLOUDY,DRY,,NO JUNCTION INVOLVED,STRAIGHT/GRADE,ASPHALT,DRIVER DISTRACTED - EXPLAIN IN NARRATIVE,REAR END,E3RDSTSWOODSCRESTDR,NONE
BLOOMINGTON PD,BLOOMINGTON,3/29/2019,8:10 PM,2,0,0,0,0,,,,S COLLEGE MALL,E COVENANTER DR,,,,39.155152,-86.497888,LOCAL/CITY ROAD,N,URBAN,N,N,N,,DARK (LIGHTED),RAIN,WET,,FOUR-WAY INTERSECTION,STRAIGHT/LEVEL,CONCRETE,DISREGARD SIGNAL/REG SIGN,RIGHT ANGLE,ECOVENANTERDRSCOLLEGEMALLRD,TRAFFIC CONTROL SIGNAL
BLOOMINGTON PD,BLOOMINGTON,3/29/2019,6:59 AM,2,0,0,0,0,,,,E 3RD,S BRYAN AVE,,,,39.16427,-86.508025,LOCAL/CITY ROAD,N,URBAN,N,N,N,,DARK (LIGHTED),CLOUDY,WET,,T-INTERSECTION,STRAIGHT/GRADE,ASPHALT,DISREGARD SIGNAL/REG SIGN,RIGHT ANGLE,3RDSTBRYANST,TRAFFIC CONTROL SIGNAL
MONROE SD,BLOOMINGTON,3/29/2019,8:18 PM,1,0,0,0,1,,,,E MONROE DAM,S FOGGY MORNING RD,,400,E,39.02117,-86.53157461,LOCAL/CITY ROAD,N,RURAL,N,N,N,,DARK (LIGHTED),RAIN,WET,,NO JUNCTION INVOLVED,STRAIGHT/LEVEL,ASPHALT,ANIMAL/OBJECT IN ROADWAY,COLLISION WITH DEER,FOGGYMORNINGRDMONROEDAMRD,NONE
ISP BLOOMINGTON 33,BLOOMINGTON,3/29/2019,7:05 AM,2,1,0,0,0,,,,I-69 S,,,1000,S,0,0,INTERSTATE,N,URBAN,N,N,N,,DAWN/DUSK,CLOUDY,WET,,NO JUNCTION INVOLVED,STRAIGHT/GRADE,ASPHALT,UNSAFE LANE MOVEMENT,SAME DIRECTION SIDESWIPE,I69SB115MMHWYI69S,LANE CONTROL
BLOOMINGTON PD,BLOOMINGTON,3/29/2019,2:38 PM,2,0,0,0,0,,,,SR 446,S HASTINGS RD,,,,0,0,STATE ROAD,N,URBAN,N,N,N,,DAYLIGHT,CLEAR,DRY,,T-INTERSECTION,STRAIGHT/GRADE,ASPHALT,FAILURE TO YIELD RIGHT OF WAY,RIGHT ANGLE,SHASTINGSDRSR446S,STOP SIGN
BLOOMINGTON PD,BLOOMINGTON,3/29/2019,12:12 PM,2,0,0,0,0,,,,W 2ND,S MORTON ST,,50,W,39.161472,-86.53624,LOCAL/CITY ROAD,N,URBAN,N,N,N,,DAYLIGHT,CLOUDY,DRY,,NO JUNCTION INVOLVED,STRAIGHT/LEVEL,ASPHALT,FOLLOWING TOO CLOSELY,REAR END,MORTONSTW2NDST,NONE
MONROE SD,BLOOMINGTON,3/29/2019,5:04 AM,1,0,0,0,0,,,,W LOST MANS,N TRUESDEL DR,,,,39.22313,-86.59155,COUNTY ROAD,Y,RURAL,N,N,N,,DARK (NOT LIGHTED),RAIN,WET,,NO JUNCTION INVOLVED,CURVE/GRADE,ASPHALT,OTHER (VEHICLE) - EXPLAIN IN NARRATIVE,OTHER - EXPLAIN IN NARRATIVE,LOSTMANSLNTRUESDELDR,NONE
BLOOMINGTON PD,BLOOMINGTON,3/30/2019,7:39 PM,1,0,1,0,0,,,,I-69 N,SR 45,,300,S,0,0,INTERSTATE,N,URBAN,N,N,N,,DARK (NOT LIGHTED),BLOWING SAND/SOIL/SNOW,SNOW/SLUSH,,NO JUNCTION INVOLVED,STRAIGHT/LEVEL,ASPHALT,SPEED TOO FAST FOR WEATHER CONDITIONS,OTHER - EXPLAIN IN NARRATIVE,I69NWBLOOMFIELDRD,NONE
BLOOMINGTON PD,BLOOMINGTON,3/30/2019,2:04 AM,2,0,0,0,0,,,,E KIRKWOOD,S DUNN ST,,,,39.16664,-86.528192,LOCAL/CITY ROAD,Y,URBAN,N,N,N,,DARK (LIGHTED),CLEAR,DRY,,INTERCHANGE,STRAIGHT/LEVEL,ASPHALT,FAILURE TO YIELD RIGHT OF WAY,LEFT/RIGHT TURN,DUNNSTKIRKWOODAVE,STOP SIGN
MONROE SD,BLOOMINGTON,3/30/2019,10:40 PM,2,0,0,0,0,,,,SR 46,W ARLINGTON RD,,,,39.207648,-86.573792,STATE ROAD,N,RURAL,N,N,N,,DARK (NOT LIGHTED),CLEAR,WET,,FOUR-WAY INTERSECTION,STRAIGHT/LEVEL,ASPHALT,FAILURE TO YIELD RIGHT OF WAY,LEFT/RIGHT TURN,SR46WWARLINGTONRD,TRAFFIC CONTROL SIGNAL
BLOOMINGTON PD,BLOOMINGTON,3/30/2019,9:22 AM,2,0,0,0,0,,,,S WALNUT,E MILLER DR,,400,S,39.14587404,-86.53222379,LOCAL/CITY ROAD,N,URBAN,N,N,N,,DAYLIGHT,CLOUDY,WET,,NO JUNCTION INVOLVED,STRAIGHT/GRADE,ASPHALT,FAILURE TO YIELD RIGHT OF WAY,SAME DIRECTION SIDESWIPE,MILLERDRWALNUTST,NONE
ISP BLOOMINGTON 33,BLOOMINGTON,3/30/2019,8:49 PM,1,0,0,0,0,,,,I-69 N,,,200,S,0,0,INTERSTATE,N,RURAL,N,N,N,,DARK (NOT LIGHTED),SLEET/HAIL/FREEZING RAIN,SNOW/SLUSH,,NO JUNCTION INVOLVED,CURVE/GRADE,ASPHALT,RAN OFF ROAD RIGHT,RAN OFF ROAD,I69106.5,LANE CONTROL
MONROE SD,BLOOMINGTON,3/30/2019,7:26 PM,1,0,6,0,0,,,,I-69 N,,,0,N,41.38017958,-85.07445188,INTERSTATE,N,RURAL,N,N,N,,DAWN/DUSK,SLEET/HAIL/FREEZING RAIN,SNOW/SLUSH,,NO JUNCTION INVOLVED,CURVE/LEVEL,ASPHALT,SPEED TOO FAST FOR WEATHER CONDITIONS,RAN OFF ROAD,I69N130,NONE
MONROE SD,BLOOMINGTON,3/30/2019,8:16 PM,1,0,0,0,0,,,,N OLD SR 37,,,3603,S,38.95132026,-86.512585,STATE ROAD,N,RURAL,N,Y,N,,DARK (NOT LIGHTED),SNOW,SNOW/SLUSH,,NO JUNCTION INVOLVED,CURVE/HILLCREST,ASPHALT,SPEED TOO FAST FOR WEATHER CONDITIONS,RAN OFF ROAD,BRYANTSCREEKRDSR37,NONE
MONROE SD,BLOOMINGTON,3/30/2019,1:55 PM,1,0,0,0,0,,,,S OLD SR 37,W ZIKES RD,,1000,S,39.049456,-86.540992,LOCAL/CITY ROAD,N,RURAL,N,N,N,,DAYLIGHT,RAIN,WET,,NO JUNCTION INVOLVED,STRAIGHT/GRADE,ASPHALT,SPEED TOO FAST FOR WEATHER CONDITIONS,RAN OFF ROAD,SOLDSR37RDZIKESRD,NONE
MONROE SD,BLOOMINGTON,3/30/2019,8:00 PM,1,0,0,0,0,7020,,,SR 45,,,,,39.21936967,-86.44920774,STATE ROAD,N,RURAL,N,N,N,,DARK (NOT LIGHTED),SNOW,SNOW/SLUSH,,NO JUNCTION INVOLVED,CURVE/LEVEL,ASPHALT,RAN OFF ROAD RIGHT,RAN OFF ROAD,SR45E,NONE
MONROE SD,ELLETTSVILLE,3/30/2019,2:17 PM,1,0,0,0,0,,,,SR 46,,,500,W,39.16189416,-86.32063656,STATE ROAD,N,RURAL,N,N,N,,DAYLIGHT,RAIN,WET,,NO JUNCTION INVOLVED,CURVE/LEVEL,ASPHALT,RAN OFF ROAD RIGHT,RAN OFF ROAD,SR46WWSTRD46RD,NONE
BLOOMINGTON PD,BLOOMINGTON,3/31/2019,3:52 PM,2,0,0,0,0,,,,N WALNUT,N FRITZ DR,,600,N,39.191248,-86.532896,LOCAL/CITY ROAD,N,URBAN,N,N,N,,DAYLIGHT,CLEAR,DRY,,NO JUNCTION INVOLVED,STRAIGHT/LEVEL,ASPHALT,FOLLOWING TOO CLOSELY,REAR END,EFRITZDRNWALNUTST,NONE
BLOOMINGTON PD,BLOOMINGTON,4/1/2019,5:01 PM,3,0,0,0,0,,,,W 3RD,I-69,,,,39.164752,-86.573104,LOCAL/CITY ROAD,N,URBAN,N,N,N,,DAYLIGHT,CLEAR,DRY,,FOUR-WAY INTERSECTION,STRAIGHT/GRADE,ASPHALT,FOLLOWING TOO CLOSELY,REAR END,3RDSTSR37N,TRAFFIC CONTROL SIGNAL
INDIANA UNIV BLOOMINGTON PD,BLOOMINGTON,4/1/2019,9:50 AM,2,0,0,0,0,,,,SR 45/46,SR 45,,,,0,0,STATE ROAD,Y,URBAN,N,N,N,,DAYLIGHT,CLEAR,DRY,,FOUR-WAY INTERSECTION,STRAIGHT/LEVEL,ASPHALT,FOLLOWING TOO CLOSELY,REAR END,SR46UNIONVILLERD,TRAFFIC CONTROL SIGNAL
BLOOMINGTON PD,BLOOMINGTON,4/1/2019,6:30 PM,1,0,1,0,0,,,,W KIRKWOOD,S ROGERS ST,,,,39.16661,-86.5387,LOCAL/CITY ROAD,N,URBAN,N,N,N,,DAYLIGHT,CLEAR,DRY,,FOUR-WAY INTERSECTION,STRAIGHT/LEVEL,ASPHALT,IMPROPER TURNING,LEFT/RIGHT TURN,SROGERSSTWKIRKWOODAVE,TRAFFIC CONTROL SIGNAL
MONROE SD,BLOOMINGTON,4/1/2019,10:10 PM,1,0,0,0,0,,,,I-69 S,,,200,N,41.30251288,-85.08735685,INTERSTATE,N,RURAL,N,Y,N,,DARK (NOT LIGHTED),CLEAR,DRY,,NO JUNCTION INVOLVED,STRAIGHT/GRADE,ASPHALT,ANIMAL/OBJECT IN ROADWAY,COLLISION WITH ANIMAL OTHER,I69S124.5,LANE CONTROL
BLOOMINGTON PD,BLOOMINGTON,4/1/2019,5:35 PM,2,0,0,0,0,,,,N MADISON,W 16TH ST,,,,39.177744,-86.53776,LOCAL/CITY ROAD,N,URBAN,N,N,N,,DAYLIGHT,CLEAR,DRY,,FOUR-WAY INTERSECTION,STRAIGHT/LEVEL,ASPHALT,FAILURE TO YIELD RIGHT OF WAY,RIGHT ANGLE,NMADISONSTW16THST,STOP SIGN
MONROE SD,BLOOMINGTON,4/1/2019,1:06 PM,2,0,0,0,0,,,,S HARMONY,W ROSE CREEK DR,,100,S,39.102736,-86.63832,LOCAL/CITY ROAD,N,RURAL,N,N,N,,DAYLIGHT,CLEAR,DRY,,T-INTERSECTION,STRAIGHT/HILLCREST,ASPHALT,LEFT OF CENTER,OPPOSITE DIRECTION SIDESWIPE,ROSECREEKDRSHARMONYRD,NONE
BLOOMINGTON PD,BLOOMINGTON,4/1/2019,9:58 AM,2,0,0,0,0,,,,S HERITAGE,E 3RD ST,,,,39.16424,-86.482592,LOCAL/CITY ROAD,N,URBAN,N,N,N,,DAYLIGHT,CLEAR,DRY,,T-INTERSECTION,STRAIGHT/LEVEL,ASPHALT,IMPROPER TURNING,LEFT TURN,3RDSTHERITAGERD,STOP SIGN
MONROE SD,BLOOMINGTON,4/1/2019,6:26 PM,2,0,0,0,0,3585,,,S LEONARD SPRINGS,ENTRANCE TO WALMART,,,,39.125312,-86.610496,STATE ROAD,N,RURAL,N,N,N,,DAYLIGHT,CLEAR,DRY,,NO JUNCTION INVOLVED,NON-ROADWAY CRASH,CONCRETE,UNSAFE SPEED,OPPOSITE DIRECTION SIDESWIPE,SR45W,NONE
BLOOMINGTON PD,BLOOMINGTON,4/1/2019,10:15 PM,1,1,0,0,0,,,,W SMITH,S ROGERS ST,,,,39.16287,-86.53871,LOCAL/CITY ROAD,N,URBAN,N,N,N,,DARK (LIGHTED),CLEAR,DRY,,FOUR-WAY INTERSECTION,STRAIGHT/LEVEL,ASPHALT,OVERCORRECTING/OVERSTEERING,RAN OFF ROAD,SROGERSSTWSMITHAVE,STOP SIGN
ELLETTSVILLE PD,ELLETTSVILLE,4/2/2019,2:44 PM,2,0,3,0,0,,,,SR 46,N UNION VALLEY RD,,500,E,39.21421656,-86.59150766,STATE ROAD,N,URBAN,N,N,N,,DAYLIGHT,CLEAR,DRY,,NO JUNCTION INVOLVED,STRAIGHT/LEVEL,ASPHALT,FAILURE TO YIELD RIGHT OF WAY,LEFT TURN,NORTHUNIONVALLEYRDSR46W,LANE CONTROL
INDIANA UNIV BLOOMINGTON PD,BLOOMINGTON,4/2/2019,11:55 AM,1,0,1,0,0,,,,E 10TH,N JEFFERSON ST,,100,E,39.17164801,-86.50673515,LOCAL/CITY ROAD,N,URBAN,N,N,N,,DAYLIGHT,CLEAR,DRY,,NO JUNCTION INVOLVED,CURVE/LEVEL,ASPHALT,OTHER (DRIVER) - EXPLAIN IN NARRATIVE,OTHER - EXPLAIN IN NARRATIVE,E10THSTJEFFERSONST,NONE
MONROE SD,BLOOMINGTON,4/2/2019,4:10 PM,2,0,0,0,0,,,,SR 37,E MONROE DAM RD,,0,S,39.020048,-86.536096,STATE ROAD,Y,RURAL,N,N,N,,DAYLIGHT,CLEAR,DRY,,NO JUNCTION INVOLVED,STRAIGHT/LEVEL,ASPHALT,OTHER (DRIVER) - EXPLAIN IN NARRATIVE,OTHER - EXPLAIN IN NARRATIVE,MONROEDAMRDSR37N,NONE
BLOOMINGTON PD,BLOOMINGTON,4/2/2019,10:28 PM,1,0,0,0,0,,,,S CURRY,W GIFFORD RD,,,,39.156896,-86.582704,LOCAL/CITY ROAD,N,URBAN,N,N,N,,DARK (LIGHTED),CLEAR,DRY,,T-INTERSECTION,STRAIGHT/GRADE,ASPHALT,RAN OFF ROAD RIGHT,RAN OFF ROAD,CURRYPIKEGIFFORDDR,TRAFFIC CONTROL SIGNAL
BLOOMINGTON PD,BLOOMINGTON,4/2/2019,6:34 PM,2,0,0,0,0,,,,S SARE,S CATHCART RD,,,,39.14882,-86.49906,LOCAL/CITY ROAD,N,URBAN,N,N,N,,DAYLIGHT,CLEAR,DRY,,T-INTERSECTION,STRAIGHT/GRADE,ASPHALT,FAILURE TO YIELD RIGHT OF WAY,RIGHT ANGLE,ECATHCARTSTSSARERD,NONE
MONROE SD,BLOOMINGTON,4/2/2019,7:15 PM,1,0,1,0,0,5890,,,SR 45,,,,,39.18636,-86.533048,STATE ROAD,N,RURAL,N,N,N,,DAYLIGHT,CLEAR,DRY,,NO JUNCTION INVOLVED,CURVE/LEVEL,ASPHALT,RAN OFF ROAD RIGHT,RAN OFF ROAD,SR45E,NONE