Agency,City,Collision Date,Collision Time,Vehicles Involved,Trailers Involved,Number Injured,Number Dead,Number Deer,House Number,Roadway Interchange,Roadway Ramp,Roadway Id,Intersecting Road,Interchange,Feet From,Direction,Latitude,Longitude,Roadway Class,Hit and Run?,Locality,School Zone?,Rumble Strips?,Construction?,Construction Type,Light Condition,Weather Conditions,Surface Condition,Type of Median,Roadway Junction Type,Road Character,Roadway Surface,Primary Factor,Manner of Collision,Unique Location Id,Traffic Control
BLOOMINGTON PD,BLOOMINGTON,4/3/2019,9:10 AM,2,0,1,0,0,,,,E 3RD,S WOODSCREST DR,,,,39.16427,-86.50253,LOCAL/CITY ROAD,N,URBAN,N,Y,N,,DAYLIGHT,CLEAR,DRY,,FOUR-WAY INTERSECTION,STRAIGHT/LEVEL,ASPHALT,FAILURE TO YIELD RIGHT OF WAY,RIGHT ANGLE,E3RDSTSWOODSCRESTDR,TRAFFIC CONTROL SIGNAL
BLOOMINGTON PD,BLOOMINGTON,4/3/2019,12:18 PM,3,0,0,0,0,,,,E ATWATER,S WOODLAWN AVE,,200,W,39.16425,-86.52818269,LOCAL/CITY ROAD,N,URBAN,N,N,N,,DAYLIGHT,CLEAR,DRY,,NO JUNCTION INVOLVED,STRAIGHT/LEVEL,ASPHALT,FOLLOWING TOO CLOSELY,REAR END,EATWATERAVESWOODLAWNAVE,NONE
INDIANA UNIV BLOOMINGTON PD,BLOOMINGTON,4/3/2019,4:34 PM,1,0,0,0,0,,,,N ROSE,E 7TH ST,,,,39.168144,-86.510992,,Y,URBAN,N,N,N,,DAYLIGHT,CLEAR,DRY,,T-INTERSECTION,STRAIGHT/LEVEL,ASPHALT,,RAN OFF ROAD,E7THSTNROSEAVE,LANE CONTROL
INDIANA UNIV BLOOMINGTON PD,BLOOMINGTON,4/4/2019,2:20 PM,2,0,0,0,0,,,,SR 45/46,E 17TH ST,,100,N,39.18002634,-86.50734724,STATE ROAD,N,URBAN,N,N,N,,DAYLIGHT,CLEAR,DRY,,NO JUNCTION INVOLVED,STRAIGHT/LEVEL,ASPHALT,FOLLOWING TOO CLOSELY,REAR END,17THSTSR45S,NONE
INDIANA UNIV BLOOMINGTON PD,BLOOMINGTON,4/4/2019,1:10 PM,2,0,0,0,0,,,,N JORDAN,E 10TH ST,,230,N,39.19571043,-86.51568,LOCAL/CITY ROAD,N,URBAN,N,N,N,,DAYLIGHT,CLEAR,DRY,,NO JUNCTION INVOLVED,STRAIGHT/GRADE,ASPHALT,FOLLOWING TOO CLOSELY,REAR END,JORDANAVETENTHST,LANE CONTROL
BLOOMINGTON PD,BLOOMINGTON,4/4/2019,8:00 AM,2,0,0,0,0,,,,W COUNTRY CLUB,S MADISON ST,,,,39.13601,-86.53712,LOCAL/CITY ROAD,N,URBAN,N,N,N,,DAYLIGHT,CLEAR,DRY,,NO JUNCTION INVOLVED,STRAIGHT/GRADE,ASPHALT,FOLLOWING TOO CLOSELY,REAR END,SMADISONSTWCOUNTRYCLUBDR,LANE CONTROL
INDIANA UNIV BLOOMINGTON PD,BLOOMINGTON,4/4/2019,3:44 PM,2,0,0,0,0,1309,,,E 10TH,,,,,39.17158139,-86.51844637,UNKNOWN,N,URBAN,N,N,N,,DAYLIGHT,CLOUDY,DRY,,NO JUNCTION INVOLVED,STRAIGHT/LEVEL,ASPHALT,UNSAFE BACKING,BACKING CRASH,E10THST,NONE
BLOOMINGTON PD,BLOOMINGTON,4/4/2019,10:55 AM,2,0,0,0,0,,,,E ROGERS,THE STANDS DR,,,,39.1364,-86.504896,LOCAL/CITY ROAD,N,URBAN,N,N,N,,DAYLIGHT,CLEAR,DRY,,NO JUNCTION INVOLVED,STRAIGHT/GRADE,ASPHALT,FOLLOWING TOO CLOSELY,REAR END,ROGERSRDTHESTANDSRD,NONE
MONROE SD,BLOOMINGTON,4/4/2019,7:40 AM,1,0,0,0,0,,,,I-69 N,,,100,S,41.11867651,-85.1901568,INTERSTATE,N,RURAL,N,Y,N,,DAYLIGHT,CLEAR,DRY,,NO JUNCTION INVOLVED,STRAIGHT/LEVEL,ASPHALT,ANIMAL/OBJECT IN ROADWAY,COLLISION WITH ANIMAL OTHER,I69N109,LANE CONTROL
INDIANA UNIV BLOOMINGTON PD,BLOOMINGTON,4/4/2019,8:30 AM,2,0,0,0,0,,,,N WOODLAWN,E 17TH ST,,,,39.178992,-86.523504,LOCAL/CITY ROAD,N,URBAN,N,N,N,,DAYLIGHT,CLEAR,DRY,,FOUR-WAY INTERSECTION,STRAIGHT/LEVEL,ASPHALT,UNSAFE BACKING,BACKING CRASH,EAST17THSTWOODLAWNAVE,TRAFFIC CONTROL SIGNAL
BLOOMINGTON PD,BLOOMINGTON,4/4/2019,2:20 PM,2,0,1,0,0,,,,W 11TH,N MONROE ST,,,,39.173344,-86.547104,LOCAL/CITY ROAD,N,URBAN,N,N,N,,DAYLIGHT,CLEAR,DRY,,FOUR-WAY INTERSECTION,STRAIGHT/LEVEL,CONCRETE,FOLLOWING TOO CLOSELY,REAR END,NMONROESTW11THST,STOP SIGN
BLOOMINGTON PD,BLOOMINGTON,4/5/2019,5:20 PM,2,0,1,0,0,,,,W GRIMES,S WALNUT ST,,100,W,39.15344,-86.53395276,LOCAL/CITY ROAD,Y,URBAN,N,N,N,,DAYLIGHT,CLOUDY,DRY,,NO JUNCTION INVOLVED,STRAIGHT/LEVEL,ASPHALT,FOLLOWING TOO CLOSELY,REAR END,GRIMESLNWALNUTST,NONE
BLOOMINGTON PD,BLOOMINGTON,4/5/2019,5:42 PM,2,0,0,0,0,,,,E COVENANTER,S COLLEGE MALL RD,,200,E,39.15516,-86.49794729,LOCAL/CITY ROAD,Y,URBAN,N,N,N,,DAYLIGHT,CLOUDY,DRY,,FOUR-WAY INTERSECTION,STRAIGHT/GRADE,ASPHALT,UNSAFE BACKING,BACKING CRASH,ECOVENANTERDRSCOLLEGEMALLRD,NONE
MONROE SD,BLOOMINGTON,4/5/2019,7:38 AM,2,0,0,0,0,,,,S WALNUT,E RHORER RD,,150,S,39.10561581,-86.53135,COUNTY ROAD,N,URBAN,N,N,Y,WORK ON SHOULDER,DAYLIGHT,CLOUDY,WET,,FOUR-WAY INTERSECTION,STRAIGHT/LEVEL,ASPHALT,FAILURE TO YIELD RIGHT OF WAY,RIGHT TURN,SOUTHOLDSTRD37RDWESTGORDONPIKE,TRAFFIC CONTROL SIGNAL
INDIANA UNIV BLOOMINGTON PD,BLOOMINGTON,4/5/2019,4:55 PM,2,0,0,0,0,,,,E 3RD,S HENDERSON ST,,,,39.16408667,-86.52713166,LOCAL/CITY ROAD,Y,URBAN,N,N,N,,DAYLIGHT,CLEAR,DRY,,T-INTERSECTION,STRAIGHT/LEVEL,ASPHALT,UNSAFE LANE MOVEMENT,SAME DIRECTION SIDESWIPE,HENDERSONSTTHIRDST,STOP SIGN
BLOOMINGTON PD,BLOOMINGTON,4/5/2019,11:57 AM,1,0,0,0,0,,,,E DODDS,S WASHINGTON ST,,,,39.157536,-86.5324,LOCAL/CITY ROAD,Y,URBAN,N,N,N,,DAYLIGHT,CLOUDY,DRY,,FOUR-WAY INTERSECTION,STRAIGHT/LEVEL,ASPHALT,RAN OFF ROAD RIGHT,RAN OFF ROAD,DODDSSTWASHINGTONST,STOP SIGN
BLOOMINGTON PD,BLOOMINGTON,4/5/2019,12:42 PM,2,0,0,0,0,,,,N MORTON,W 6TH ST,,50,S,39.167664,-86.536,LOCAL/CITY ROAD,Y,URBAN,N,N,N,,DARK (LIGHTED),RAIN,WET,,NO JUNCTION INVOLVED,STRAIGHT/LEVEL,ASPHALT,UNSAFE BACKING,BACKING CRASH,6THSTMORTONST,NONE
ISP BLOOMINGTON 33,BLOOMINGTON,4/5/2019,5:48 PM,2,0,0,0,0,,,,S CURRY,INDUSTRIAL BLVD,,300,S,0,0,LOCAL/CITY ROAD,N,URBAN,N,N,N,,DAYLIGHT,CLEAR,DRY,,NO JUNCTION INVOLVED,STRAIGHT/LEVEL,ASPHALT,FOLLOWING TOO CLOSELY,REAR END,CURRYPIKEGLENOAKSINDUSTRIALDR,LANE CONTROL
INDIANA UNIV BLOOMINGTON PD,BLOOMINGTON,4/5/2019,9:20 PM,2,0,0,0,0,,,,S JORDAN,E ATWATER AVE,,,,39.1631,-86.5164,LOCAL/CITY ROAD,N,URBAN,N,N,N,,DARK (LIGHTED),CLEAR,DRY,,FOUR-WAY INTERSECTION,STRAIGHT/LEVEL,ASPHALT,FOLLOWING TOO CLOSELY,REAR END,ATWATERAVEJORDANAVE,TRAFFIC CONTROL SIGNAL
MONROE SD,BLOOMINGTON,4/5/2019,10:18 PM,2,0,0,0,0,,,,SR 45,S DUNLAP RD,,900,W,39.11790246,-86.62147383,STATE ROAD,N,RURAL,N,N,N,,DARK (NOT LIGHTED),CLEAR,DRY,,NO JUNCTION INVOLVED,STRAIGHT/HILLCREST,ASPHALT,UNSAFE LANE MOVEMENT,REAR END,DUNLAPRDSR45W,NONE
BLOOMINGTON PD,BLOOMINGTON,4/5/2019,3:23 PM,2,0,2,0,0,,,,W 2ND,S ADAMS ST,,165,E,39.16038,-86.55084428,LOCAL/CITY ROAD,N,URBAN,N,N,N,,DAYLIGHT,CLEAR,DRY,,NO JUNCTION INVOLVED,CURVE/LEVEL,ASPHALT,IMPROPER PASSING,REAR END,SADAMSSTW2NDST,LANE CONTROL
MONROE SD,BLOOMINGTON,4/5/2019,6:54 PM,1,0,0,0,0,,,,W TABOR HILL,N MT TABOR RD,,400,W,39.30584,-86.631008,COUNTY ROAD,N,RURAL,N,N,N,,DAYLIGHT,CLEAR,DRY,,NO JUNCTION INVOLVED,STRAIGHT/LEVEL,ASPHALT,RAN OFF ROAD RIGHT,RAN OFF ROAD,NMOUNTTABORRDWESTTABORHILLRD,NONE
BLOOMINGTON PD,BLOOMINGTON,4/6/2019,11:40 AM,2,0,0,0,0,,,,SR 46,E 3RD ST,,,,39.16424,-86.473296,STATE ROAD,Y,URBAN,N,N,N,,DAYLIGHT,CLOUDY,DRY,,FOUR-WAY INTERSECTION,STRAIGHT/GRADE,ASPHALT,UNSAFE LANE MOVEMENT,SAME DIRECTION SIDESWIPE,3RDSTSR46E,TRAFFIC CONTROL SIGNAL
BLOOMINGTON PD,BLOOMINGTON,4/6/2019,9:40 PM,2,0,0,0,0,,,,E 10TH,N WALNUT ST,,,,39.171744,-86.53352,LOCAL/CITY ROAD,N,URBAN,N,N,N,,DARK (LIGHTED),CLEAR,DRY,,FOUR-WAY INTERSECTION,STRAIGHT/GRADE,ASPHALT,FAILURE TO YIELD RIGHT OF WAY,RIGHT ANGLE,10THSTWALNUTST,STOP SIGN
INDIANA UNIV BLOOMINGTON PD,BLOOMINGTON,4/6/2019,1:24 AM,1,0,0,0,0,,,,E ATWATER,S PARK AVE,,,,39.16311,-86.52403,LOCAL/CITY ROAD,N,URBAN,N,N,N,,DARK (LIGHTED),CLEAR,DRY,,NO JUNCTION INVOLVED,STRAIGHT/LEVEL,ASPHALT,RAN OFF ROAD RIGHT,RAN OFF ROAD,ATWATERAVEPARKAVE,LANE CONTROL
BLOOMINGTON PD,BLOOMINGTON,4/6/2019,8:50 AM,1,0,0,0,1,,,,S SARE,S SPICEWOOD LN,,100,S,39.14066952,-86.49668113,LOCAL/CITY ROAD,N,URBAN,N,N,N,,DAYLIGHT,CLOUDY,DRY,,NO JUNCTION INVOLVED,STRAIGHT/GRADE,ASPHALT,ANIMAL/OBJECT IN ROADWAY,COLLISION WITH DEER,SARERDSPICEWOODLN,NONE
BLOOMINGTON PD,BLOOMINGTON,4/6/2019,9:30 PM,2,0,0,0,0,,,,W FOUNTAIN,N CRESCENT RD,,,,0,0,LOCAL/CITY ROAD,Y,URBAN,N,N,N,,DARK (NOT LIGHTED),CLOUDY,DRY,,T-INTERSECTION,STRAIGHT/LEVEL,ASPHALT,,HEAD ON BETWEEN TWO MOTOR VEHICLES,NORTHCRESCENTRDWESTFOUNTAINDR,STOP SIGN
MONROE SD,BLOOMINGTON,4/6/2019,2:47 PM,1,0,1,0,0,,,,W MCNEELY,N UNION VALLEY RD,,1000,E,39.2375,-86.59286659,LOCAL/CITY ROAD,N,URBAN,N,N,N,,DAYLIGHT,CLEAR,DRY,,NO JUNCTION INVOLVED,STRAIGHT/HILLCREST,ASPHALT,RAN OFF ROAD RIGHT,RAN OFF ROAD,NUNIONVALLEYRDWMCNEELYST,NONE
INDIANA UNIV BLOOMINGTON PD,BLOOMINGTON,4/7/2019,3:15 PM,2,0,0,0,0,,,,N JORDAN,E 17TH ST,,,,39.178848,-86.511088,LOCAL/CITY ROAD,N,URBAN,N,N,N,,DAYLIGHT,CLOUDY,DRY,,T-INTERSECTION,STRAIGHT/LEVEL,ASPHALT,IMPROPER TURNING,OPPOSITE DIRECTION SIDESWIPE,EAST17THSTJORDANAVE,STOP SIGN
BLOOMINGTON PD,BLOOMINGTON,4/7/2019,9:59 PM,2,0,0,0,0,,,,E WINSLOW,S HENDERSON ST,,,,39.13603,-86.52689,LOCAL/CITY ROAD,N,URBAN,N,N,N,,DARK (LIGHTED),CLEAR,DRY,,FOUR-WAY INTERSECTION,STRAIGHT/LEVEL,ASPHALT,FAILURE TO YIELD RIGHT OF WAY,HEAD ON BETWEEN TWO MOTOR VEHICLES,HENDERSONSTWINSLOWRD,TRAFFIC CONTROL SIGNAL
INDIANA UNIV BLOOMINGTON PD,BLOOMINGTON,4/7/2019,8:05 PM,1,0,0,0,0,,,,S JORDAN,E JONES AVE,,200,N,39.18671941,-86.51637,LOCAL/CITY ROAD,N,URBAN,N,N,N,,DAYLIGHT,CLEAR,DRY,,NO JUNCTION INVOLVED,CURVE/GRADE,ASPHALT,RAN OFF ROAD RIGHT,RAN OFF ROAD,JONESAVEJORDANAVE,NONE
MONROE SD,BLOOMINGTON,4/7/2019,4:49 PM,1,0,1,0,0,,,,SR 46,E BENDER RD,,1500,W,39.16357685,-86.44328852,STATE ROAD,N,RURAL,N,N,N,,DAYLIGHT,CLOUDY,DRY,,NO JUNCTION INVOLVED,CURVE/GRADE,ASPHALT,RAN OFF ROAD RIGHT,RAN OFF ROAD,EBENDERRDSR46E,NONE
MONROE SD,BLOOMINGTON,4/7/2019,12:29 PM,1,0,0,0,0,,,,E LAMPKINS RIDGE,,,5280,E,39.150656,-86.426096,COUNTY ROAD,N,RURAL,N,N,N,,DAYLIGHT,CLEAR,WET,,NO JUNCTION INVOLVED,CURVE/GRADE,ASPHALT,RAN OFF ROAD RIGHT,RAN OFF ROAD,DEERTRELAMPKINSRIDGERD,NONE
MONROE SD,BLOOMINGTON,4/7/2019,9:57 AM,1,0,1,0,0,,,,S GARRISON CHAPEL,SR 45,,500,N,39.11239634,-86.63837006,COUNTY ROAD,N,RURAL,N,N,N,,DAYLIGHT,RAIN,WET,,NO JUNCTION INVOLVED,STRAIGHT/GRADE,ASPHALT,RAN OFF ROAD RIGHT,RAN OFF ROAD,SGARRISONCHAPELRDWESTSTATEROAD45RD,NONE
MONROE SD,BLOOMINGTON,4/7/2019,7:57 PM,1,0,0,0,0,,,,S GARRISON CHAPEL,W SPICER LN,,15,S,39.141648,-86.6428,LOCAL/CITY ROAD,Y,RURAL,N,N,N,,DAWN/DUSK,CLOUDY,DRY,,NO JUNCTION INVOLVED,STRAIGHT/HILLCREST,ASPHALT,RAN OFF ROAD RIGHT,RAN OFF ROAD,SGARRISONCHAPELRDSPICERLN,NONE
BLOOMINGTON PD,BLOOMINGTON,4/7/2019,8:45 PM,1,0,0,0,0,1220,,,W ARLINGTON,W 17TH ST,,,,39.1793458,-86.54728221,LOCAL/CITY ROAD,Y,URBAN,N,N,N,,DARK (NOT LIGHTED),CLEAR,DRY,,NO JUNCTION INVOLVED,CURVE/GRADE,ASPHALT,RAN OFF ROAD RIGHT,RAN OFF ROAD,WARLINGTONRD,NONE
BLOOMINGTON PD,BLOOMINGTON,4/8/2019,4:46 PM,2,0,0,0,0,,,,SR 48,S CURRY PIKE,,,,39.16464,-86.582825,LOCAL/CITY ROAD,N,URBAN,N,N,N,,DAYLIGHT,CLEAR,DRY,,FOUR-WAY INTERSECTION,STRAIGHT/LEVEL,ASPHALT,DISREGARD SIGNAL/REG SIGN,BACKING CRASH,SCURRYPIKEW3RDST,TRAFFIC CONTROL SIGNAL
ISP BLOOMINGTON 33,BLOOMINGTON,4/8/2019,2:27 PM,2,0,0,0,0,,,,N CURRY,SR 46,,,,39.19373,-86.571295,STATE ROAD,N,RURAL,N,N,N,,DAYLIGHT,CLEAR,DRY,,NO JUNCTION INVOLVED,STRAIGHT/LEVEL,ASPHALT,UNSAFE LANE MOVEMENT,SAME DIRECTION SIDESWIPE,CURRYPIKESR46,TRAFFIC CONTROL SIGNAL
BLOOMINGTON PD,BLOOMINGTON,4/8/2019,3:25 PM,2,0,0,0,0,,,,S WALNUT ST PIKE,S WALNUT ST,,,,39.107344,-86.5264,LOCAL/CITY ROAD,N,URBAN,N,N,N,,DAYLIGHT,CLEAR,DRY,,T-INTERSECTION,STRAIGHT/GRADE,ASPHALT,FAILURE TO YIELD RIGHT OF WAY,RIGHT ANGLE,SWALNUTSTREETPIKESWALNUTST,NONE
INDIANA UNIV BLOOMINGTON PD,BLOOMINGTON,4/8/2019,1:45 PM,2,0,0,0,0,,,,E 7TH,N DUNN ST,,,,39.16853,-86.52825,LOCAL/CITY ROAD,Y,URBAN,N,N,N,,DAYLIGHT,CLEAR,DRY,,NO JUNCTION INVOLVED,STRAIGHT/LEVEL,ASPHALT,IMPROPER LANE USAGE,SAME DIRECTION SIDESWIPE,DUNNSTSEVENTHST,NONE
INDIANA UNIV BLOOMINGTON PD,BLOOMINGTON,4/8/2019,10:00 AM,2,0,0,0,0,,,,N CAMPBELL,E 10TH ST,,75,N,39.17937222,-86.51394,UNKNOWN,Y,URBAN,N,N,N,,DAYLIGHT,CLOUDY,,,NO JUNCTION INVOLVED,STRAIGHT/LEVEL,ASPHALT,,,ETENTHSTNCAMPBELLDR,NONE
MONROE SD,BLOOMINGTON,4/8/2019,5:46 PM,1,0,1,0,0,,,,N RUSSELL,E COMMODORE TRAIL,,550,N,39.24511258,-86.48181,LOCAL/CITY ROAD,N,RURAL,N,N,N,,DAYLIGHT,CLEAR,DRY,,NO JUNCTION INVOLVED,CURVE/GRADE,CONCRETE,RAN OFF ROAD RIGHT,RAN OFF ROAD,ECOMMODORETRLNRUSSELLRD,NONE
MONROE SD,BLOOMINGTON,4/8/2019,2:51 PM,2,0,0,0,0,,,,S LIBERTY,W CONSTITUTION AVE,,750,N,39.149552,-86.575936,LOCAL/CITY ROAD,N,RURAL,N,N,N,,DAYLIGHT,CLEAR,DRY,,NO JUNCTION INVOLVED,STRAIGHT/LEVEL,CONCRETE,FOLLOWING TOO CLOSELY,REAR END,SLIBERTYDRWCONSTITUTIONAVE,NONE
MONROE SD,BLOOMINGTON,4/8/2019,7:40 AM,2,0,0,0,0,,,,SR 46,FOSTER FISCUS RD,,,,39.28011,-86.67979,STATE ROAD,N,RURAL,N,N,N,,DAWN/DUSK,CLEAR,DRY,,T-INTERSECTION,CURVE/LEVEL,ASPHALT,FOLLOWING TOO CLOSELY,REAR END,FOSTERFISCUSRDSR46W,NONE
BLOOMINGTON PD,BLOOMINGTON,4/8/2019,12:29 PM,2,0,0,0,0,,,,SR 46,S JEFFERSON ST,,,,39.164304,-86.506992,LOCAL/CITY ROAD,N,URBAN,N,N,N,,DAYLIGHT,CLOUDY,DRY,,T-INTERSECTION,STRAIGHT/LEVEL,ASPHALT,FOLLOWING TOO CLOSELY,REAR END,3RDSTJEFFERSONST,NONE
MONROE SD,BLOOMINGTON,4/9/2019,7:33 AM,2,0,0,0,0,,,,S WALNUT,S ORCHARD LN,,,,39.11584,-86.5312,COUNTY ROAD,N,RURAL,N,N,N,,DAYLIGHT,CLEAR,DRY,,NO JUNCTION INVOLVED,STRAIGHT/LEVEL,ASPHALT,FAILURE TO YIELD RIGHT OF WAY,RIGHT ANGLE,SOLDSTATE37RDSORCHARDLN,STOP SIGN
ELLETTSVILLE PD,ELLETTSVILLE,4/9/2019,11:07 AM,2,0,0,0,0,,,,SR 46,N MATTHEWS DR,,,,39.234768,-86.626384,STATE ROAD,N,URBAN,N,N,N,,DAYLIGHT,CLEAR,DRY,,NO JUNCTION INVOLVED,STRAIGHT/GRADE,ASPHALT,IMPROPER TURNING,SAME DIRECTION SIDESWIPE,MATTHEWSDRSR46W,TRAFFIC CONTROL SIGNAL
BLOOMINGTON PD,BLOOMINGTON,4/9/2019,1:52 PM,2,0,0,0,0,,,,S COLLEGE MALL,E COVENANTER DR,,1000,S,39.04944107,-86.49793,LOCAL/CITY ROAD,N,URBAN,N,N,N,,DAYLIGHT,CLEAR,DRY,,T-INTERSECTION,STRAIGHT/LEVEL,ASPHALT,FAILURE TO YIELD RIGHT OF WAY,RIGHT ANGLE,SCOLLEGEMALLRDWCOVENANTERDR,NONE
BLOOMINGTON PD,BLOOMINGTON,4/9/2019,3:50 PM,1,0,1,0,0,,,,N ILLINOIS,W 11TH ST,,,,39.173344,-86.550304,LOCAL/CITY ROAD,N,URBAN,N,N,N,,DAYLIGHT,CLEAR,DRY,,T-INTERSECTION,STRAIGHT/LEVEL,ASPHALT,RAN OFF ROAD RIGHT,RAN OFF ROAD,NILLINOISSTW11THST,STOP SIGN
BLOOMINGTON PD,BLOOMINGTON,4/9/2019,11:34 AM,2,0,0,0,0,,,,N MONROE,W 11TH ST,,200,N,39.17389331,-86.547104,LOCAL/CITY ROAD,N,URBAN,N,N,N,,DAYLIGHT,CLEAR,DRY,,NO JUNCTION INVOLVED,STRAIGHT/LEVEL,ASPHALT,FAILURE TO YIELD RIGHT OF WAY,RIGHT ANGLE,11THSTMONROEST,NONE
MONROE SD,BLOOMINGTON,4/9/2019,8:10 AM,1,0,0,0,0,,,,N WAYPORT,E ELLIS RD,,200,N,39.26589753,-86.53356006,COUNTY ROAD,N,RURAL,N,N,N,,DAYLIGHT,CLEAR,DRY,,NO JUNCTION INVOLVED,STRAIGHT/GRADE,ASPHALT,RAN OFF ROAD RIGHT,RAN OFF ROAD,CONNAUGHTRDWAYPORTRD,NONE
INDIANA UNIV BLOOMINGTON PD,BLOOMINGTON,4/9/2019,7:19 PM,1,0,2,0,0,,,,S BALLANTINE,E 3RD ST,,,,39.16427,-86.51913,LOCAL/CITY ROAD,N,URBAN,N,N,N,,DAYLIGHT,CLEAR,DRY,,FOUR-WAY INTERSECTION,STRAIGHT/LEVEL,ASPHALT,FAILURE TO YIELD RIGHT OF WAY,OTHER - EXPLAIN IN NARRATIVE,BALLANTINERDTHIRDST,LANE CONTROL
BLOOMINGTON PD,BLOOMINGTON,4/9/2019,4:37 PM,2,0,2,0,0,,,,S HIGH,E HILLSIDE DR,,,,39.15048,-86.50844,LOCAL/CITY ROAD,N,URBAN,N,N,N,,DAYLIGHT,CLEAR,DRY,,FOUR-WAY INTERSECTION,STRAIGHT/GRADE,ASPHALT,FAILURE TO YIELD RIGHT OF WAY,RIGHT TURN,EHILLSIDEDRSHIGHST,TRAFFIC CONTROL SIGNAL
INDIANA UNIV BLOOMINGTON PD,BLOOMINGTON,4/9/2019,10:20 AM,1,0,1,0,0,,,,SERVICE ROAD,ALLEY,,,,39.18279,-86.523885,UNKNOWN,N,RURAL,N,N,N,,DAYLIGHT,CLEAR,DRY,,T-INTERSECTION,STRAIGHT/GRADE,ASPHALT,FAILURE TO YIELD RIGHT OF WAY,LEFT TURN,NDUNNST,NONE
BLOOMINGTON PD,BLOOMINGTON,4/9/2019,2:39 PM,1,0,0,0,0,,,,W COUNTRY CLUB,S BANTA AVE,,,,39.136304,-86.544592,LOCAL/CITY ROAD,N,URBAN,N,N,N,,DAYLIGHT,CLEAR,DRY,,T-INTERSECTION,STRAIGHT/GRADE,ASPHALT,OTHER (DRIVER) - EXPLAIN IN NARRATIVE,RAN OFF ROAD,SBANTAAVEWCOUNTRYCLUBRD,NONE
BLOOMINGTON PD,BLOOMINGTON,4/10/2019,7:30 PM,2,0,0,0,0,,,,S WALNUT,E 3RD ST,,,,39.16464,-86.5336,LOCAL/CITY ROAD,N,URBAN,N,N,N,,DAWN/DUSK,CLEAR,DRY,,FOUR-WAY INTERSECTION,STRAIGHT/LEVEL,ASPHALT,FAILURE TO YIELD RIGHT OF WAY,RIGHT ANGLE,E3RDSTSWALNUTST,TRAFFIC CONTROL SIGNAL
BLOOMINGTON PD,BLOOMINGTON,4/10/2019,8:05 AM,2,0,0,0,0,,,,E ATWATER,E 3RD ST,,75,S,39.164448,-86.528096,LOCAL/CITY ROAD,N,URBAN,N,N,N,,DAYLIGHT,RAIN,WET,,NO JUNCTION INVOLVED,STRAIGHT/LEVEL,ASPHALT,SPEED TOO FAST FOR WEATHER CONDITIONS,SAME DIRECTION SIDESWIPE,E3RDSTEATWATERAVE,NONE
INDIANA UNIV BLOOMINGTON PD,BLOOMINGTON,4/10/2019,11:20 PM,2,0,0,0,0,,,,E 17TH,N FEE LN,,,,39.178928,-86.518992,LOCAL/CITY ROAD,N,URBAN,N,N,N,,DARK (LIGHTED),CLEAR,DRY,,FOUR-WAY INTERSECTION,STRAIGHT/LEVEL,ASPHALT,FAILURE TO YIELD RIGHT OF WAY,HEAD ON BETWEEN TWO MOTOR VEHICLES,EAST17THSTFEELN,TRAFFIC CONTROL SIGNAL
INDIANA UNIV BLOOMINGTON PD,BLOOMINGTON,4/10/2019,5:35 PM,2,0,0,0,0,,,,SR 45/46,N RANGE RD,,,,0,0,STATE ROAD,N,URBAN,N,N,N,,DAYLIGHT,CLEAR,DRY,,NO JUNCTION INVOLVED,STRAIGHT/LEVEL,ASPHALT,FOLLOWING TOO CLOSELY,REAR END,RANGERDSR4546S,LANE CONTROL
MONROE SD,BLOOMINGTON,4/10/2019,3:45 PM,1,0,0,0,0,,,,E SMITHVILLE,S STRAIN RIDGE RD,,,,39.07112,-86.507008,LOCAL/CITY ROAD,Y,RURAL,N,N,N,,DAYLIGHT,CLEAR,DRY,,FOUR-WAY INTERSECTION,STRAIGHT/GRADE,ASPHALT,RAN OFF ROAD RIGHT,RAN OFF ROAD,EASTSMITHVILLERDSOUTHSTRAINRIDGERD,STOP SIGN
MONROE SD,BLOOMINGTON,4/10/2019,3:52 PM,1,0,1,0,0,280,,,E SMITHVILLE,S ZIKES RD,,750,W,39.071344,-86.5252,LOCAL/CITY ROAD,N,RURAL,N,N,N,,DAYLIGHT,CLEAR,DRY,,NO JUNCTION INVOLVED,CURVE/GRADE,ASPHALT,RAN OFF ROAD RIGHT,RAN OFF ROAD,280ESMITHVILLERDSZIKESRD,NONE
MONROE SD,BLOOMINGTON,4/10/2019,12:13 AM,1,0,0,0,0,,,,I-69 N,,,600,S,39.20763058,-86.52750503,INTERSTATE,N,RURAL,N,Y,N,,DARK (NOT LIGHTED),CLEAR,DRY,,RAMP,STRAIGHT/LEVEL,ASPHALT,DRIVER ASLEEP OR FATIGUED,RAN OFF ROAD,I69NWSAMPLERD,NONE
ISP BLOOMINGTON 33,BLOOMINGTON,4/10/2019,8:14 AM,1,0,0,0,1,,,,I-69 S,,,100,N,0,0,INTERSTATE,N,RURAL,N,N,N,,DAYLIGHT,CLOUDY,DRY,,NO JUNCTION INVOLVED,STRAIGHT/GRADE,ASPHALT,ANIMAL/OBJECT IN ROADWAY,COLLISION WITH DEER,I69130,LANE CONTROL
BLOOMINGTON PD,BLOOMINGTON,4/10/2019,4:10 PM,2,0,1,0,0,,,,N INDIANA,E COTTAGE GROVE AVE,,,,39.17264,-86.52704,LOCAL/CITY ROAD,N,URBAN,N,N,N,,DAYLIGHT,CLEAR,DRY,,T-INTERSECTION,STRAIGHT/LEVEL,ASPHALT,FAILURE TO YIELD RIGHT OF WAY,RIGHT ANGLE,EASTCOTTAGEGROVEAVENORTHINDIANAST,STOP SIGN