Agency,City,Collision Date,Collision Time,Vehicles Involved,Trailers Involved,Number Injured,Number Dead,Number Deer,House Number,Roadway Interchange,Roadway Ramp,Roadway Id,Intersecting Road,Interchange,Feet From,Direction,Latitude,Longitude,Roadway Class,Hit and Run?,Locality,School Zone?,Rumble Strips?,Construction?,Construction Type,Light Condition,Weather Conditions,Surface Condition,Type of Median,Roadway Junction Type,Road Character,Roadway Surface,Primary Factor,Manner of Collision,Unique Location Id,Traffic Control
BLOOMINGTON PD,BLOOMINGTON,4/10/2019,4:55 PM,2,0,0,0,0,,,,N WALNUT,E 19TH ST,,,,39.181552,-86.5336,LOCAL/CITY ROAD,N,URBAN,N,N,N,,DAYLIGHT,CLEAR,DRY,,T-INTERSECTION,STRAIGHT/LEVEL,ASPHALT,FAILURE TO YIELD RIGHT OF WAY,LEFT TURN,E19THSTNWALNUTST,STOP SIGN
ISP BLOOMINGTON 33,BLOOMINGTON,4/10/2019,1:15 PM,2,0,0,0,0,,,,S WELMIR,N CURRY PIKE,,20,E,0,0,LOCAL/CITY ROAD,N,URBAN,N,N,N,,DAYLIGHT,CLEAR,DRY,,T-INTERSECTION,STRAIGHT/LEVEL,ASPHALT,UNSAFE BACKING,BACKING CRASH,CURRYPIKEWELMIRDR,NONE
ELLETTSVILLE PD,ELLETTSVILLE,4/10/2019,5:25 PM,1,0,0,0,0,,,,SR 46,N CHANDLER DR,,100,E,39.23356497,-86.62163933,LOCAL/CITY ROAD,N,URBAN,N,N,N,,DAYLIGHT,CLEAR,DRY,,T-INTERSECTION,STRAIGHT/LEVEL,ASPHALT,BRAKE FAILURE OR DEFECTIVE,RAN OFF ROAD,CHANDLERDRMAINST,LANE CONTROL
BLOOMINGTON PD,BLOOMINGTON,4/11/2019,2:08 PM,3,0,2,0,0,,,,S LIBERTY,SR 48,,1000,S,39.05886555,-86.57913,LOCAL/CITY ROAD,N,URBAN,N,N,N,,DAYLIGHT,CLEAR,DRY,,T-INTERSECTION,STRAIGHT/GRADE,ASPHALT,LEFT OF CENTER,HEAD ON BETWEEN TWO MOTOR VEHICLES,SLIBERTYDRW3RDST,NONE
INDIANA UNIV BLOOMINGTON PD,BLOOMINGTON,4/11/2019,4:35 PM,3,0,0,0,0,,,,SR 45/46,E 17TH ST,,,,39.17984,-86.507088,STATE ROAD,N,URBAN,N,N,N,,DAYLIGHT,CLEAR,DRY,,T-INTERSECTION,STRAIGHT/LEVEL,ASPHALT,FOLLOWING TOO CLOSELY,REAR END,EAST17THSTSR46,TRAFFIC CONTROL SIGNAL
INDIANA UNIV BLOOMINGTON PD,BLOOMINGTON,4/11/2019,4:11 PM,2,0,0,0,0,,,,E 3RD,S INDIANA AVE,,60,N,39.164448,-86.5268,UNKNOWN,N,URBAN,N,N,N,,DAYLIGHT,CLEAR,DRY,,NO JUNCTION INVOLVED,STRAIGHT/LEVEL,ASPHALT,OVERCORRECTING/OVERSTEERING,LEFT/RIGHT TURN,3RDSTINDIANAAVE,NONE
BLOOMINGTON PD,BLOOMINGTON,4/11/2019,8:34 AM,2,1,0,0,0,,,,E COVENANTER,S AUTO MALL RD,,,,39.15503,-86.49611,LOCAL/CITY ROAD,N,URBAN,N,N,N,,DAYLIGHT,CLOUDY,DRY,,NO JUNCTION INVOLVED,STRAIGHT/GRADE,ASPHALT,IMPROPER PASSING,SAME DIRECTION SIDESWIPE,AUTOMALLRDCOVENANTERDR,STOP SIGN
MONROE SD,BLOOMINGTON,4/11/2019,9:00 AM,2,0,0,0,0,,,,S CURRY,W BROADWAY AVE,,1000,S,39.16584,-86.582992,LOCAL/CITY ROAD,N,RURAL,N,N,N,,DAYLIGHT,CLEAR,DRY,,NO JUNCTION INVOLVED,STRAIGHT/LEVEL,ASPHALT,FAILURE TO YIELD RIGHT OF WAY,SAME DIRECTION SIDESWIPE,SCURRYPIKEWBROADWAYAVE,NONE
BLOOMINGTON PD,BLOOMINGTON,4/11/2019,3:49 PM,2,0,0,0,0,,,,S ROGERS,W DODDS ST,,,,39.15747,-86.5387,LOCAL/CITY ROAD,N,URBAN,N,N,N,,DAYLIGHT,CLEAR,DRY,,FOUR-WAY INTERSECTION,STRAIGHT/LEVEL,ASPHALT,DISREGARD SIGNAL/REG SIGN,RIGHT ANGLE,DODDSSTSOUTHROGERSST,STOP SIGN
MONROE SD,BLOOMINGTON,4/11/2019,7:23 PM,1,0,1,0,0,,,,SR 446,E SALT CREEK DR,,200,S,39.06670258,-86.4224,STATE ROAD,N,URBAN,N,N,N,,DAWN/DUSK,CLEAR,DRY,,NO JUNCTION INVOLVED,CURVE/GRADE,ASPHALT,HOLES/RUTS IN SURFACE,NON-COLLISION,ESALTCREEKDRSR446S,LANE CONTROL
BLOOMINGTON PD,BLOOMINGTON,4/12/2019,4:14 PM,2,0,0,0,0,,,,S LIBERTY,SR 48,,,,39.16461,-86.57913,LOCAL/CITY ROAD,N,URBAN,N,N,N,,DAYLIGHT,CLEAR,DRY,,NO JUNCTION INVOLVED,STRAIGHT/LEVEL,ASPHALT,IMPROPER PASSING,RIGHT ANGLE,SLIBERTYDRW3RDST,TRAFFIC CONTROL SIGNAL
BLOOMINGTON PD,BLOOMINGTON,4/12/2019,1:25 PM,2,0,0,0,0,,,,S WALNUT,E 3RD ST,,100,S,39.15402556,-86.53363,LOCAL/CITY ROAD,N,URBAN,N,N,N,,DAYLIGHT,CLOUDY,DRY,,NO JUNCTION INVOLVED,STRAIGHT/LEVEL,ASPHALT,FAILURE TO YIELD RIGHT OF WAY,LEFT TURN,THIRDSTWALNUTST,LANE CONTROL
INDIANA UNIV BLOOMINGTON PD,BLOOMINGTON,4/12/2019,7:23 PM,2,0,0,0,0,,,,N FEE,E 17TH ST,,70,N,39.178928,-86.518992,LOCAL/CITY ROAD,N,URBAN,N,N,N,,DAWN/DUSK,CLEAR,DRY,,INTERCHANGE,STRAIGHT/LEVEL,ASPHALT,UNSAFE LANE MOVEMENT,RIGHT TURN,17THSTREETSTFEELANELN,LANE CONTROL
MONROE SD,BLOOMINGTON,4/12/2019,5:17 PM,3,0,1,0,0,,,,SR 37,S VICTOR PIKE,,,,39.105552,-86.551104,STATE ROAD,N,RURAL,N,N,N,,DAYLIGHT,CLEAR,DRY,,FOUR-WAY INTERSECTION,STRAIGHT/LEVEL,ASPHALT,FOLLOWING TOO CLOSELY,REAR END,SVICTORPIKESR37S,TRAFFIC CONTROL SIGNAL
MONROE SD,BLOOMINGTON,4/12/2019,3:34 PM,2,0,0,0,0,,,,S WALNUT ST PIKE,S FAIRFAX RD,,,,39.10719,-86.52648,LOCAL/CITY ROAD,N,RURAL,N,N,N,,DAYLIGHT,CLEAR,DRY,,T-INTERSECTION,STRAIGHT/GRADE,ASPHALT,FOLLOWING TOO CLOSELY,REAR END,FAIRFAXRDWALNUTSTREETPIKE,STOP SIGN
BLOOMINGTON PD,BLOOMINGTON,4/12/2019,8:40 AM,2,0,0,0,0,,,,E 9TH,N GRANT ST,,,,39.170544,-86.529696,LOCAL/CITY ROAD,N,URBAN,N,N,N,,DAYLIGHT,RAIN,WET,,FOUR-WAY INTERSECTION,STRAIGHT/LEVEL,ASPHALT,OVERCORRECTING/OVERSTEERING,REAR END,E9THSTNGRANTST,STOP SIGN
MONROE SD,BLOOMINGTON,4/12/2019,4:26 PM,1,0,0,0,0,,,,N LOUDEN,W HOWARD RD,,5000,N,39.187344,-86.6396,LOCAL/CITY ROAD,N,URBAN,N,N,N,,DAYLIGHT,CLEAR,DRY,,NO JUNCTION INVOLVED,STRAIGHT/GRADE,ASPHALT,RAN OFF ROAD RIGHT,RAN OFF ROAD,NLOUDENRDWHOWARDRD,NONE
ISP BLOOMINGTON 33,BLOOMINGTON,4/13/2019,6:28 PM,2,0,0,0,0,,,,SR 45/46,N COLLEGE AVE,,150,W,39.18638383,-86.5352318,STATE ROAD,N,URBAN,N,N,N,,DAYLIGHT,CLEAR,DRY,,NO JUNCTION INVOLVED,STRAIGHT/GRADE,ASPHALT,FOLLOWING TOO CLOSELY,REAR END,COLLEGEAVESR46,LANE CONTROL
INDIANA UNIV BLOOMINGTON PD,BLOOMINGTON,4/13/2019,12:15 PM,2,0,0,0,0,,,,N JORDAN,E 17TH ST,,590,E,39.178848,-86.511088,LOCAL/CITY ROAD,N,URBAN,N,N,N,,DAYLIGHT,CLEAR,DRY,,T-INTERSECTION,STRAIGHT/GRADE,ASPHALT,FAILURE TO YIELD RIGHT OF WAY,RIGHT ANGLE,EAST17THSTNJORDANAVE,NONE
BLOOMINGTON PD,BLOOMINGTON,4/13/2019,2:46 PM,2,0,1,0,0,,,,S SMITH,SR 46,,,,39.16424,-86.480688,LOCAL/CITY ROAD,N,URBAN,N,N,N,,DAYLIGHT,CLEAR,DRY,,NO JUNCTION INVOLVED,STRAIGHT/LEVEL,ASPHALT,UNSAFE BACKING,BACKING CRASH,E3RDSTSSMITHRD,TRAFFIC CONTROL SIGNAL
INDIANA UNIV BLOOMINGTON PD,BLOOMINGTON,4/13/2019,4:50 PM,4,0,0,0,0,,,,SR 45/46,N RANGE RD,,,,39.171504,-86.495312,LOCAL/CITY ROAD,Y,URBAN,N,N,N,,DAYLIGHT,CLEAR,DRY,,NO JUNCTION INVOLVED,STRAIGHT/LEVEL,ASPHALT,FOLLOWING TOO CLOSELY,REAR END,ERANGERDESR4546BYP,TRAFFIC CONTROL SIGNAL
ISP BLOOMINGTON 33,BLOOMINGTON,4/13/2019,9:45 PM,1,0,1,0,0,,,,N WAYPORT,E SAMPLE RD,,1300,N,39.40359896,-86.52079745,COUNTY ROAD,N,RURAL,N,N,N,,DARK (NOT LIGHTED),CLOUDY,DRY,,NO JUNCTION INVOLVED,CURVE/GRADE,ASPHALT,RAN OFF ROAD RIGHT,RAN OFF ROAD,SAMPLERDWAYPORTRD,LANE CONTROL
BLOOMINGTON PD,BLOOMINGTON,4/13/2019,8:17 PM,2,0,0,0,0,,,,E 2ND,S GRANT ST,,,,39.16136,-86.52988,LOCAL/CITY ROAD,N,URBAN,N,N,N,,DARK (LIGHTED),CLEAR,DRY,,NO JUNCTION INVOLVED,STRAIGHT/GRADE,ASPHALT,FAILURE TO YIELD RIGHT OF WAY,RIGHT ANGLE,E2NDSTSGRANTST,STOP SIGN
MONROE SD,BLOOMINGTON,4/13/2019,3:15 PM,2,0,0,0,0,,,,I-69 S,,,500,N,0,0,INTERSTATE,N,RURAL,N,N,N,,DAYLIGHT,CLEAR,DRY,,RAMP,STRAIGHT/HILLCREST,ASPHALT,ANIMAL/OBJECT IN ROADWAY,COLLISION WITH OBJECT IN ROAD,I69SWST46RD,NONE
MONROE SD,BLOOMINGTON,4/13/2019,4:43 AM,1,0,1,0,0,,114,A,I-69 S,,,,,0,0,INTERSTATE,N,RURAL,N,N,N,,DARK (LIGHTED),CLEAR,DRY,,RAMP,CURVE/GRADE,ASPHALT,RAN OFF ROAD RIGHT,RAN OFF ROAD,I69S,LANE CONTROL
INDIANA UNIV BLOOMINGTON PD,BLOOMINGTON,4/13/2019,4:15 PM,2,0,0,0,0,,,,JONES,READ CIRCLE DR,,,,39.165807,-86.5147855,UNKNOWN,Y,URBAN,N,N,N,,DAYLIGHT,CLEAR,DRY,,T-INTERSECTION,STRAIGHT/GRADE,ASPHALT,OTHER (DRIVER) - EXPLAIN IN NARRATIVE,RIGHT ANGLE,SJORDANAVE,NONE
BLOOMINGTON PD,BLOOMINGTON,4/13/2019,11:40 AM,2,0,0,0,0,,,,N PARK,E 11TH ST,,100,S,39.17316548,-86.52466102,LOCAL/CITY ROAD,Y,URBAN,N,N,N,,UNKNOWN,RAIN,WET,,NO JUNCTION INVOLVED,STRAIGHT/GRADE,ASPHALT,UNSAFE LANE MOVEMENT,SAME DIRECTION SIDESWIPE,11THSTPARKAVE,NONE
BLOOMINGTON PD,BLOOMINGTON,4/13/2019,5:30 AM,2,0,1,0,0,,,,S WEIMER,W WAPEHANI RD,,200,S,39.142608,-86.562048,LOCAL/CITY ROAD,N,RURAL,N,N,N,,DARK (NOT LIGHTED),CLEAR,DRY,,NO JUNCTION INVOLVED,CURVE/LEVEL,ASPHALT,FOLLOWING TOO CLOSELY,REAR END,SWEIMERRDWAPEHANIRD,NONE
ISP BLOOMINGTON 33,BLOOMINGTON,4/13/2019,11:25 AM,1,0,1,0,0,,,,SR 446,S CHAPEL HILL RD,,1500,N,39.02726119,-86.40690304,STATE ROAD,N,RURAL,N,N,N,,DAYLIGHT,CLOUDY,DRY,,NO JUNCTION INVOLVED,CURVE/LEVEL,ASPHALT,UNSAFE SPEED,RAN OFF ROAD,CHAPELHILLRDSR446,LANE CONTROL
MONROE SD,BLOOMINGTON,4/13/2019,9:10 PM,2,0,0,0,0,,,,W BURMA,,,2000,W,39.33043,-86.57653684,LOCAL/CITY ROAD,N,URBAN,N,N,N,,DARK (NOT LIGHTED),CLEAR,DRY,,NO JUNCTION INVOLVED,CURVE/HILLCREST,ASPHALT,LEFT OF CENTER,OPPOSITE DIRECTION SIDESWIPE,NBUSKIRKRDWBURMARD,NONE
MONROE SD,BLOOMINGTON,4/13/2019,9:00 PM,1,0,0,0,1,,,,W OLD SR 37,E ROBINSON RD,,,,39.24032,-86.49928,COUNTY ROAD,N,RURAL,N,N,N,,DARK (LIGHTED),CLOUDY,DRY,,NO JUNCTION INVOLVED,STRAIGHT/LEVEL,ASPHALT,ANIMAL/OBJECT IN ROADWAY,COLLISION WITH DEER,EROBINSONRDNOLDSTATEROADHWY,NONE
BLOOMINGTON PD,BLOOMINGTON,4/14/2019,12:10 AM,2,0,0,0,0,,,,SR 46,SR 46,,,,39.16424,-86.4984,LOCAL/CITY ROAD,N,URBAN,N,N,N,,DARK (LIGHTED),RAIN,WET,,FOUR-WAY INTERSECTION,STRAIGHT/LEVEL,ASPHALT,FAILURE TO YIELD RIGHT OF WAY,RIGHT ANGLE,E3RDSTSCOLLEGEMALLRD,TRAFFIC CONTROL SIGNAL
BLOOMINGTON PD,BLOOMINGTON,4/14/2019,1:39 AM,2,0,4,0,0,,,,S WASHINGTON,E 3RD ST,,,,39.16464,-86.5324,LOCAL/CITY ROAD,N,URBAN,N,N,N,,DARK (LIGHTED),RAIN,WET,,FOUR-WAY INTERSECTION,STRAIGHT/LEVEL,ASPHALT,DISREGARD SIGNAL/REG SIGN,RIGHT ANGLE,E3RDSTSWASHINGTONST,TRAFFIC CONTROL SIGNAL
BLOOMINGTON PD,BLOOMINGTON,4/14/2019,3:01 PM,2,0,0,0,0,,,,E 17TH,N INDIANA AVE,,,,39.179024,-86.5272,LOCAL/CITY ROAD,N,URBAN,N,N,N,,DAYLIGHT,RAIN,WET,,T-INTERSECTION,STRAIGHT/LEVEL,ASPHALT,FOLLOWING TOO CLOSELY,REAR END,E17THSTNINDIANAAVE,NONE
BLOOMINGTON PD,BLOOMINGTON,4/14/2019,12:03 AM,2,0,0,0,0,,,,E 3RD,S GRANT ST,,,,39.16464,-86.529728,LOCAL/CITY ROAD,Y,URBAN,N,N,N,,DARK (LIGHTED),RAIN,WET,,FOUR-WAY INTERSECTION,STRAIGHT/LEVEL,ASPHALT,FAILURE TO YIELD RIGHT OF WAY,RIGHT ANGLE,E3RDSTSGRANTST,RR CROSSING GATES AND MEDIAN BARRIER
INDIANA UNIV BLOOMINGTON PD,BLOOMINGTON,4/14/2019,6:45 PM,2,0,0,0,0,,,,E 3RD,S ROSE AVE,,,,39.16426,-86.51092,LOCAL/CITY ROAD,N,URBAN,N,N,N,,DAYLIGHT,RAIN,WET,,FOUR-WAY INTERSECTION,STRAIGHT/GRADE,ASPHALT,UNSAFE BACKING,BACKING CRASH,ROSEAVETHIRDST,STOP SIGN
BLOOMINGTON PD,BLOOMINGTON,4/14/2019,12:28 AM,1,0,0,0,0,,,,E MOORES,S HIGH ST,,150,E,39.15048,-86.50845297,LOCAL/CITY ROAD,N,URBAN,N,N,N,,DARK (LIGHTED),RAIN,WET,,NO JUNCTION INVOLVED,STRAIGHT/LEVEL,ASPHALT,RAN OFF ROAD RIGHT,RAN OFF ROAD,EMOORESPIKESHIGHST,NONE
BLOOMINGTON PD,BLOOMINGTON,4/14/2019,2:15 AM,3,0,0,0,0,,,,N COLLEGE,,,200,N,39.17688,-86.534736,LOCAL/CITY ROAD,Y,URBAN,N,N,N,,DARK (NOT LIGHTED),RAIN,WET,,FIVE POINT OR MORE,STRAIGHT/LEVEL,ASPHALT,WRONG WAY ON ONE WAY,RAN OFF ROAD,NCOLLEGEAVES16THST,NONE
MONROE SD,BLOOMINGTON,4/14/2019,12:00 AM,1,0,0,0,0,,,,S BUSHMILL,W SHAMROCK CT,,,,39.12252,-86.54879,LOCAL/CITY ROAD,Y,RURAL,N,N,N,,DARK (NOT LIGHTED),RAIN,WET,,NO JUNCTION INVOLVED,STRAIGHT/LEVEL,ASPHALT,RAN OFF ROAD RIGHT,RAN OFF ROAD,SBUSHMILLDRWSHAMROCKCT,NONE
MONROE SD,BLOOMINGTON,4/14/2019,11:28 PM,1,0,0,0,0,,,,S DAWSON,W MEETING HOUSE LN,,,,39.12919,-86.55509,LOCAL/CITY ROAD,N,URBAN,N,N,N,,DARK (LIGHTED),RAIN,WET,,T-INTERSECTION,STRAIGHT/GRADE,ASPHALT,RAN OFF ROAD RIGHT,RAN OFF ROAD,DAWSONDRSMEETINGHOUSECT,STOP SIGN
MONROE SD,BLOOMINGTON,4/14/2019,12:16 PM,1,0,1,0,0,,,,S LEONARD SPRINGS,W FULLERTON PIKE,,,,39.123376,-86.582592,COUNTY ROAD,N,RURAL,N,N,N,,DAYLIGHT,CLOUDY,DRY,,T-INTERSECTION,STRAIGHT/GRADE,ASPHALT,RAN OFF ROAD RIGHT,RAN OFF ROAD,SLEONARDSPRINGSRDWFULLERTONPIKE,STOP SIGN
BLOOMINGTON PD,BLOOMINGTON,4/14/2019,5:13 PM,2,0,0,0,0,,,,S ROGERS,W GRAHAM DR,,,,0,0,LOCAL/CITY ROAD,N,URBAN,N,N,N,,DAYLIGHT,CLEAR,DRY,,FOUR-WAY INTERSECTION,STRAIGHT/GRADE,ASPHALT,UNSAFE SPEED,LEFT TURN,SROGERSSTWGRAHAMDR,STOP SIGN
MONROE SD,BLOOMINGTON,4/14/2019,7:05 AM,1,0,1,0,0,,,,S VICTOR,W BOLIN LN,,1500,E,0,0,COUNTY ROAD,N,RURAL,N,N,N,,DARK (NOT LIGHTED),RAIN,WET,,NO JUNCTION INVOLVED,CURVE/LEVEL,ASPHALT,RAN OFF ROAD RIGHT,RAN OFF ROAD,BOLENRDVERNALPIKE,NONE
BLOOMINGTON PD,BLOOMINGTON,4/15/2019,5:55 PM,2,0,0,0,0,,,,W 3RD,S COLLEGE AVE,,,,39.16464,-86.534816,LOCAL/CITY ROAD,N,URBAN,N,N,N,,DAYLIGHT,CLEAR,DRY,,FOUR-WAY INTERSECTION,STRAIGHT/GRADE,ASPHALT,DRIVER DISTRACTED - EXPLAIN IN NARRATIVE,REAR END,SCOLLEGEAVEW3RDST,TRAFFIC CONTROL SIGNAL
MONROE SD,BLOOMINGTON,4/15/2019,5:36 AM,1,0,0,0,0,,,,W OLD SR 37,E SAMPLE RD,,,,39.25864,-86.5012,LOCAL/CITY ROAD,Y,RURAL,N,N,N,,DARK (NOT LIGHTED),CLEAR,DRY,,T-INTERSECTION,STRAIGHT/GRADE,ASPHALT,RAN OFF ROAD RIGHT,RAN OFF ROAD,EASTSAMPLERDNORTHOLDSTATEROAD37,NONE
BLOOMINGTON PD,BLOOMINGTON,4/15/2019,11:30 AM,1,0,1,0,0,,,,S FRANKLIN,W 3RD ST,,,,39.164688,-86.5712,LOCAL/CITY ROAD,Y,URBAN,N,N,N,,DAYLIGHT,CLEAR,DRY,,NO JUNCTION INVOLVED,STRAIGHT/HILLCREST,ASPHALT,CELL PHONE USAGE,RIGHT TURN,SFRANKLINRDW3RDST,TRAFFIC CONTROL SIGNAL
BLOOMINGTON PD,BLOOMINGTON,4/15/2019,7:45 AM,2,0,0,0,0,,,,S ROGERS,S ROCKPORT RD,,50,S,39.02610419,-86.60125226,LOCAL/CITY ROAD,N,URBAN,N,N,N,,DAYLIGHT,CLOUDY,DRY,,T-INTERSECTION,STRAIGHT/GRADE,ASPHALT,FAILURE TO YIELD RIGHT OF WAY,RIGHT ANGLE,SROCKPORTRDSROGERSST,LANE CONTROL
BLOOMINGTON PD,BLOOMINGTON,4/16/2019,4:22 PM,2,0,1,0,0,,,,W 3RD,I-69,Y,,,39.164752,-86.573104,LOCAL/CITY ROAD,N,URBAN,N,N,N,,DAYLIGHT,CLEAR,DRY,,FOUR-WAY INTERSECTION,STRAIGHT/GRADE,ASPHALT,FAILURE TO YIELD RIGHT OF WAY,LEFT TURN,SR37SW3RDST,TRAFFIC CONTROL SIGNAL
BLOOMINGTON PD,BLOOMINGTON,4/16/2019,2:09 PM,2,0,0,0,0,,,,W 3RD,I-69 N,Y,,,39.164752,-86.573104,STATE ROAD,Y,URBAN,N,N,N,,DAYLIGHT,CLEAR,DRY,,NO JUNCTION INVOLVED,STRAIGHT/LEVEL,ASPHALT,FAILURE TO YIELD RIGHT OF WAY,SAME DIRECTION SIDESWIPE,SR37SW3RDST,TRAFFIC CONTROL SIGNAL
ISP BLOOMINGTON 33,BLOOMINGTON,4/16/2019,2:25 PM,2,0,1,0,0,,,,SR 45/46,N KINSER PIKE,,,,39.186544,-86.537888,STATE ROAD,N,URBAN,N,N,N,,DAYLIGHT,CLEAR,DRY,,FOUR-WAY INTERSECTION,STRAIGHT/GRADE,ASPHALT,FAILURE TO YIELD RIGHT OF WAY,LEFT TURN,KINSERPIKESR45,TRAFFIC CONTROL SIGNAL
MONROE SD,BLOOMINGTON,4/16/2019,5:43 PM,2,0,0,0,0,,,,W CHURCH,S WALNUT ST,,300,W,39.1072715,-86.53244915,COUNTY ROAD,N,URBAN,N,N,N,,DAYLIGHT,CLEAR,DRY,,NO JUNCTION INVOLVED,STRAIGHT/GRADE,ASPHALT,FOLLOWING TOO CLOSELY,REAR END,CHURCHLNSOLDSR37RD,NONE
BLOOMINGTON PD,BLOOMINGTON,4/16/2019,5:47 PM,2,0,0,0,0,,,,S WALNUT,E BURKS DR,,300,N,0,0,LOCAL/CITY ROAD,N,URBAN,N,N,N,,DAYLIGHT,CLEAR,DRY,,NO JUNCTION INVOLVED,STRAIGHT/LEVEL,ASPHALT,DRIVER DISTRACTED - EXPLAIN IN NARRATIVE,REAR END,EBURKSDRSWALNUTST,NONE
MONROE SD,BLOOMINGTON,4/16/2019,10:10 AM,2,0,0,0,0,,,,N TEXAS RIDGE,N COUNTY LINE RD E,,4400,E,39.33285,-86.67954138,LOCAL/CITY ROAD,N,RURAL,N,N,N,,DAYLIGHT,CLEAR,DRY,NONE,NO JUNCTION INVOLVED,CURVE/LEVEL,ASPHALT,OTHER (DRIVER) - EXPLAIN IN NARRATIVE,REAR END,NCOUNTYLINERDNTEXASRIDGERD,NONE
BLOOMINGTON PD,BLOOMINGTON,4/16/2019,1:02 PM,2,0,0,0,0,,,,S COLLEGE,W 4TH ST,,,,39.165664,-86.5348,LOCAL/CITY ROAD,N,URBAN,N,N,N,,DAYLIGHT,CLEAR,DRY,,FOUR-WAY INTERSECTION,STRAIGHT/GRADE,ASPHALT,UNSAFE LANE MOVEMENT,SAME DIRECTION SIDESWIPE,4THSTCOLLEGEAVE,NONE
BLOOMINGTON PD,BLOOMINGTON,4/16/2019,8:39 AM,1,0,0,0,0,,,,S LEONARD SPRINGS,W TAPP RD,,,,39.09503967,-86.59195893,LOCAL/CITY ROAD,N,URBAN,N,N,N,,DAYLIGHT,CLEAR,DRY,,T-INTERSECTION,STRAIGHT/GRADE,ASPHALT,FAILURE TO YIELD RIGHT OF WAY,RAN OFF ROAD,SLEONARDSPRINGSRDWTAPPRD,STOP SIGN
MONROE SD,BLOOMINGTON,4/16/2019,12:53 AM,1,0,0,0,1,,,,SR 46,N SEWELL RD,,2890,E,39.15265603,-86.37287662,STATE ROAD,N,RURAL,N,N,N,,DARK (NOT LIGHTED),CLEAR,DRY,,NO JUNCTION INVOLVED,STRAIGHT/HILLCREST,ASPHALT,ANIMAL/OBJECT IN ROADWAY,COLLISION WITH DEER,SEWELLRDSR46E,NONE
MONROE SD,BLOOMINGTON,4/16/2019,8:14 PM,2,0,1,0,0,,,,W VERNAL,N ANGELINA LN,,100,W,39.18663,-86.60201133,COUNTY ROAD,N,RURAL,N,N,N,,DAWN/DUSK,CLEAR,DRY,,T-INTERSECTION,STRAIGHT/LEVEL,ASPHALT,LEFT OF CENTER,OPPOSITE DIRECTION SIDESWIPE,NANGELINALNWVERNALPIKE,NONE
BLOOMINGTON PD,BLOOMINGTON,4/17/2019,3:20 PM,3,0,0,0,0,,,,S WALNUT,E BURKS DR,,2500,S,0,0,LOCAL/CITY ROAD,N,URBAN,N,N,B,,DAYLIGHT,CLOUDY,DRY,,NO JUNCTION INVOLVED,STRAIGHT/GRADE,ASPHALT,FAILURE TO YIELD RIGHT OF WAY,LEFT TURN,EASTBURKSDRSOUTHWALNUTST,LANE CONTROL
MONROE SD,BLOOMINGTON,4/17/2019,6:51 PM,1,0,0,0,0,,,,I-69 S,,,1500,S,0,0,INTERSTATE,N,RURAL,N,Y,N,,DAYLIGHT,CLOUDY,DRY,,NO JUNCTION INVOLVED,STRAIGHT/GRADE,ASPHALT,RAN OFF ROAD RIGHT,RAN OFF ROAD,I69SSTATEROAD37RD,NONE
BLOOMINGTON PD,BLOOMINGTON,4/17/2019,2:51 PM,2,0,0,0,0,,,,S MONTCLAIR,E SUSSEX DR,,150,N,39.16081371,-86.50422,LOCAL/CITY ROAD,N,URBAN,N,N,N,,DAYLIGHT,CLOUDY,DRY,,T-INTERSECTION,STRAIGHT/GRADE,ASPHALT,DRIVER DISTRACTED - EXPLAIN IN NARRATIVE,REAR END,ESUSSEXDRSMONTCLAIRAVE,NONE
BLOOMINGTON PD,BLOOMINGTON,4/17/2019,9:51 AM,2,0,,0,0,,,,S PARK,E HUNTER AVE,,,,39.16222,-86.52402,LOCAL/CITY ROAD,Y,URBAN,N,N,N,,,,,,NO JUNCTION INVOLVED,,,,SAME DIRECTION SIDESWIPE,HUNTERAVEPARKAVE,
MONROE SD,BLOOMINGTON,4/17/2019,12:52 AM,1,0,0,0,0,,,,SR 37,W VICTOR PIKE,,900,N,39.10724558,-86.55341509,STATE ROAD,N,RURAL,N,N,N,,DARK (LIGHTED),CLEAR,DRY,,NO JUNCTION INVOLVED,STRAIGHT/GRADE,ASPHALT,ANIMAL/OBJECT IN ROADWAY,RAN OFF ROAD,SR37NWVICTORPIKE,NONE
BLOOMINGTON PD,BLOOMINGTON,4/18/2019,3:33 PM,2,0,1,0,0,,,,W 3RD,I-69 N,,,,39.164752,-86.573104,STATE ROAD,N,URBAN,N,N,N,,DAYLIGHT,CLOUDY,WET,,FOUR-WAY INTERSECTION,STRAIGHT/LEVEL,ASPHALT,DISREGARD SIGNAL/REG SIGN,RIGHT ANGLE,SR37SW3RDST,TRAFFIC CONTROL SIGNAL
BLOOMINGTON PD,BLOOMINGTON,4/18/2019,9:15 AM,2,0,0,0,0,,,,W 3RD,S COLLEGE AVE,,,,39.16464,-86.534816,LOCAL/CITY ROAD,N,URBAN,N,N,N,,DAYLIGHT,RAIN,WET,,FOUR-WAY INTERSECTION,STRAIGHT/GRADE,ASPHALT,DISREGARD SIGNAL/REG SIGN,RIGHT ANGLE,SCOLLEGEAVEW3RDST,TRAFFIC CONTROL SIGNAL