Agency,City,Collision Date,Collision Time,Vehicles Involved,Trailers Involved,Number Injured,Number Dead,Number Deer,House Number,Roadway Interchange,Roadway Ramp,Roadway Id,Intersecting Road,Interchange,Feet From,Direction,Latitude,Longitude,Roadway Class,Hit and Run?,Locality,School Zone?,Rumble Strips?,Construction?,Construction Type,Light Condition,Weather Conditions,Surface Condition,Type of Median,Roadway Junction Type,Road Character,Roadway Surface,Primary Factor,Manner of Collision,Unique Location Id,Traffic Control
MONROE SD,BLOOMINGTON,4/18/2019,1:55 PM,2,0,0,0,0,,,,SR 46,N CURRY PIKE,,,,39.19369,-86.57139,STATE ROAD,N,RURAL,N,N,N,,DAYLIGHT,RAIN,WET,,FOUR-WAY INTERSECTION,STRAIGHT/GRADE,ASPHALT,FOLLOWING TOO CLOSELY,REAR END,CURRYPIKESR46W,NONE
MONROE SD,BLOOMINGTON,4/18/2019,8:05 AM,1,0,0,0,0,,,,E SMITHVILLE,S SOCIETY LN,,50,E,39.071056,-86.517488,COUNTY ROAD,N,RURAL,N,N,N,,DAYLIGHT,RAIN,WET,,NO JUNCTION INVOLVED,CURVE/GRADE,ASPHALT,RAN OFF ROAD RIGHT,RAN OFF ROAD,ESMITHVILLERDSSOCIETYLN,LANE CONTROL
MONROE SD,BLOOMINGTON,4/18/2019,2:56 PM,2,1,0,0,0,301,,,N COLLEGE,ALLEY,,,,39.168656,-86.534784,UNKNOWN,N,URBAN,N,N,N,,DAYLIGHT,CLEAR,WET,,NO JUNCTION INVOLVED,STRAIGHT/LEVEL,ASPHALT,OTHER (DRIVER) - EXPLAIN IN NARRATIVE,OTHER - EXPLAIN IN NARRATIVE,NCOLLEGEAVE,NONE
BLOOMINGTON PD,BLOOMINGTON,4/18/2019,4:05 PM,3,0,0,0,0,,,,S COLLEGE,W 7TH ST,,,,39.168656,-86.534784,LOCAL/CITY ROAD,N,URBAN,N,N,N,,DAYLIGHT,CLEAR,WET,,FOUR-WAY INTERSECTION,STRAIGHT/LEVEL,ASPHALT,FOLLOWING TOO CLOSELY,REAR END,SCOLLEGEAVEW7THST,TRAFFIC CONTROL SIGNAL
BLOOMINGTON PD,BLOOMINGTON,4/18/2019,12:45 PM,1,0,0,0,0,,,,W 17TH,N ARLINGTON PARK DR,,,,39.17911,-86.55409,LOCAL/CITY ROAD,Y,URBAN,N,N,Y,LANE CLOSURE,DAYLIGHT,RAIN,WET,,T-INTERSECTION,STRAIGHT/HILLCREST,ASPHALT,DISREGARD SIGNAL/REG SIGN,RAN OFF ROAD,17THSTARLINGTONPARKDR,LANE CONTROL
BLOOMINGTON PD,BLOOMINGTON,4/18/2019,1:27 PM,1,0,0,0,0,,,,W ALLEN,S ROGERS ST,,,,39.15559,-86.53874,LOCAL/CITY ROAD,Y,URBAN,N,N,N,,DAYLIGHT,RAIN,WET,,T-INTERSECTION,STRAIGHT/GRADE,ASPHALT,OTHER (DRIVER) - EXPLAIN IN NARRATIVE,RAN OFF ROAD,ALLENSTROGERSST,STOP SIGN
BLOOMINGTON PD,BLOOMINGTON,4/19/2019,2:32 PM,3,0,0,0,0,,,,KINGSTON DR S,SR 46,,200,S,39.16424,-86.492944,LOCAL/CITY ROAD,N,URBAN,N,N,N,,DAYLIGHT,RAIN,WET,,FOUR-WAY INTERSECTION,STRAIGHT/GRADE,ASPHALT,DISREGARD SIGNAL/REG SIGN,RIGHT ANGLE,E3RDSTSKINGSTONDR,STOP SIGN
INDIANA UNIV BLOOMINGTON PD,BLOOMINGTON,4/19/2019,8:50 PM,2,0,0,0,0,,,,E 17TH,N JORDAN AVE,,300,W,39.178848,-86.51214665,LOCAL/CITY ROAD,N,URBAN,N,N,N,,DARK (NOT LIGHTED),RAIN,WET,,NO JUNCTION INVOLVED,STRAIGHT/GRADE,ASPHALT,FAILURE TO YIELD RIGHT OF WAY,LEFT TURN,17THSTJORDANAVE,LANE CONTROL
ISP BLOOMINGTON 33,BLOOMINGTON,4/19/2019,5:28 PM,2,0,0,0,0,,,,SR 46,N UNION VALLEY RD,,,,39.21513,-86.59268,STATE ROAD,N,URBAN,N,N,N,,DAYLIGHT,RAIN,WET,,FOUR-WAY INTERSECTION,STRAIGHT/LEVEL,ASPHALT,SPEED TOO FAST FOR WEATHER CONDITIONS,REAR END,SR46UNIONVALLEYRD,TRAFFIC CONTROL SIGNAL
ELLETTSVILLE PD,ELLETTSVILLE,4/19/2019,4:44 PM,2,0,0,0,0,,,,SR 46,N LAKEVIEW DR,,500,E,39.22025919,-86.60427519,STATE ROAD,N,URBAN,N,N,N,,DAYLIGHT,RAIN,WET,,NO JUNCTION INVOLVED,STRAIGHT/LEVEL,ASPHALT,FOLLOWING TOO CLOSELY,RIGHT TURN,NORTHLAKEVIEWDRSR46W,LANE CONTROL
INDIANA UNIV BLOOMINGTON PD,BLOOMINGTON,4/19/2019,6:15 PM,2,0,0,0,0,,,,E 10TH,N CAMPBELL DR,,,,39.17159,-86.51394,LOCAL/CITY ROAD,N,URBAN,N,N,N,,DAYLIGHT,RAIN,WET,,T-INTERSECTION,STRAIGHT/LEVEL,ASPHALT,FOLLOWING TOO CLOSELY,REAR END,10THSTCAMPBELLST,NONE
BLOOMINGTON PD,BLOOMINGTON,4/19/2019,2:15 PM,2,1,0,0,0,,,,N ORRIS,N MONROE ST,,,,39.175,-86.54717,LOCAL/CITY ROAD,N,URBAN,Y,N,N,,DAYLIGHT,RAIN,ICE,,NO JUNCTION INVOLVED,STRAIGHT/GRADE,ASPHALT,PEDESTRIAN ACTION,OTHER - EXPLAIN IN NARRATIVE,NMONROESTNORRISDR,NONE
MONROE SD,BLOOMINGTON,4/19/2019,2:01 AM,1,0,1,0,0,,,,N SR 37 BUSINESS,W BAYLES RD,,1718,S,39.03352271,-86.53741197,LOCAL/CITY ROAD,N,RURAL,N,N,N,,DARK (NOT LIGHTED),RAIN,WET,,NO JUNCTION INVOLVED,STRAIGHT/LEVEL,ASPHALT,DRIVER ASLEEP OR FATIGUED,RAN OFF ROAD,BAYLESRDBUSINESS37RD,NONE
BLOOMINGTON PD,BLOOMINGTON,4/19/2019,2:53 PM,2,0,0,0,0,405,,,W PATTERSON,,,,,39.1534,-86.53816,UNKNOWN,Y,URBAN,N,N,N,,DAYLIGHT,RAIN,WET,,NO JUNCTION INVOLVED,STRAIGHT/GRADE,ASPHALT,,,WPATTERSONDR,NONE
ELLETTSVILLE PD,ELLETTSVILLE,4/19/2019,9:28 AM,1,0,0,0,0,,,,W RATLIFF,S DEER RUN,,400,N,0,0,LOCAL/CITY ROAD,N,URBAN,N,N,N,,DAYLIGHT,CLOUDY,WET,,NO JUNCTION INVOLVED,STRAIGHT/GRADE,ASPHALT,ANIMAL/OBJECT IN ROADWAY,RAN OFF ROAD,DEERRUNWESTRATLIFFRD,NONE
BLOOMINGTON PD,BLOOMINGTON,4/20/2019,1:19 PM,2,0,0,0,0,,,,SR 45/46,N WALNUT ST,,,,39.186368,-86.5344,STATE ROAD,Y,URBAN,N,N,N,,DAYLIGHT,RAIN,WET,,FOUR-WAY INTERSECTION,STRAIGHT/LEVEL,ASPHALT,SPEED TOO FAST FOR WEATHER CONDITIONS,REAR END,SR46WWALNUTST,TRAFFIC CONTROL SIGNAL
BLOOMINGTON PD,BLOOMINGTON,4/20/2019,2:08 PM,2,0,0,0,0,,,,W 4TH,S WALNUT ST,,,,39.165648,-86.5336,LOCAL/CITY ROAD,N,URBAN,N,N,N,,DAYLIGHT,RAIN,WET,,FOUR-WAY INTERSECTION,STRAIGHT/LEVEL,ASPHALT,DISREGARD SIGNAL/REG SIGN,OTHER - EXPLAIN IN NARRATIVE,SWALNUTSTW4THST,TRAFFIC CONTROL SIGNAL
BLOOMINGTON PD,BLOOMINGTON,4/20/2019,5:28 PM,3,0,0,0,0,,,,W COUNTRY CLUB,S WALNUT ST,,100,W,39.13597,-86.53110134,LOCAL/CITY ROAD,N,URBAN,N,N,N,,DAYLIGHT,RAIN,WET,,NO JUNCTION INVOLVED,STRAIGHT/GRADE,ASPHALT,FOLLOWING TOO CLOSELY,REAR END,SWALNUTSTWCOUNTRYCLUBDR,NONE
BLOOMINGTON PD,BLOOMINGTON,4/20/2019,12:40 PM,2,0,0,0,0,,,,W 3RD,S LANDMARK AVE,,,,39.16443,-86.55631,LOCAL/CITY ROAD,N,URBAN,N,N,N,,DAYLIGHT,RAIN,WET,,FOUR-WAY INTERSECTION,STRAIGHT/GRADE,ASPHALT,FAILURE TO YIELD RIGHT OF WAY,RIGHT ANGLE,SLANDMARKAVEW3RDST,TRAFFIC CONTROL SIGNAL
BLOOMINGTON PD,BLOOMINGTON,4/20/2019,12:00 AM,1,0,0,0,0,,,,S PATTERSON,W 3RD ST,,,,39.16343,-86.55123,LOCAL/CITY ROAD,Y,URBAN,N,N,N,,DARK (LIGHTED),RAIN,WET,,FOUR-WAY INTERSECTION,STRAIGHT/LEVEL,ASPHALT,IMPROPER TURNING,RAN OFF ROAD,SPATTERSONDRW3RDST,STOP SIGN
BLOOMINGTON PD,BLOOMINGTON,4/20/2019,6:56 AM,2,0,0,0,0,527,,,N WALNUT,ALLEY,,,,39.17086237,-86.53353176,UNKNOWN,Y,URBAN,N,N,N,,DAYLIGHT,CLOUDY,WET,,T-INTERSECTION,STRAIGHT/HILLCREST,ASPHALT,UNSAFE SPEED,RIGHT ANGLE,NWALNUTST,NONE
BLOOMINGTON PD,BLOOMINGTON,4/20/2019,5:01 PM,2,0,0,0,0,,,,S LINCOLN,E SMITH AVE,,,,39.141465,-86.48038,LOCAL/CITY ROAD,N,URBAN,N,N,N,,DAYLIGHT,CLOUDY,WET,,FOUR-WAY INTERSECTION,STRAIGHT/LEVEL,ASPHALT,DISREGARD SIGNAL/REG SIGN,RIGHT ANGLE,ESMITHRDSLINCOLNST,STOP SIGN
BLOOMINGTON PD,BLOOMINGTON,4/20/2019,1:30 AM,1,0,0,0,0,947,,,S ROMANS,,,,,39.15608,-86.47842,LOCAL/CITY ROAD,Y,URBAN,N,N,N,,DARK (NOT LIGHTED),RAIN,WET,,NO JUNCTION INVOLVED,STRAIGHT/GRADE,ASPHALT,RAN OFF ROAD RIGHT,RAN OFF ROAD,ROMANSWAY,NONE
MONROE SD,STINESVILLE,4/20/2019,7:31 AM,1,0,1,0,0,,,,W WAMPLER,N LIBERTY HOLLOW RD,,1000,E,39.335152,-86.607008,COUNTY ROAD,N,RURAL,N,N,N,,DARK (NOT LIGHTED),RAIN,WET,,NO JUNCTION INVOLVED,STRAIGHT/GRADE,ASPHALT,RAN OFF ROAD RIGHT,RAN OFF ROAD,NLIBERTYHOLLOWRDWWAMPLERRD,NONE
INDIANA UNIV BLOOMINGTON PD,BLOOMINGTON,4/21/2019,8:25 PM,2,0,0,0,0,,,,E 10TH,N WALNUT GROVE ST,,,,39.1716,-86.520896,LOCAL/CITY ROAD,N,URBAN,N,N,N,,DAYLIGHT,CLEAR,DRY,,NO JUNCTION INVOLVED,STRAIGHT/LEVEL,ASPHALT,FOLLOWING TOO CLOSELY,REAR END,10THSTWALNUTGROVEST,LANE CONTROL
INDIANA UNIV BLOOMINGTON PD,BLOOMINGTON,4/21/2019,3:00 PM,2,0,0,0,0,,,,S HENDERSON,E ATWATER AVE,,,,39.16314,-86.52727,LOCAL/CITY ROAD,N,URBAN,N,N,N,,DAYLIGHT,CLEAR,DRY,,FOUR-WAY INTERSECTION,STRAIGHT/LEVEL,ASPHALT,FAILURE TO YIELD RIGHT OF WAY,RIGHT ANGLE,ATWATERAVEHENDERSONST,TRAFFIC CONTROL SIGNAL
BLOOMINGTON PD,BLOOMINGTON,4/21/2019,6:56 PM,2,0,2,0,0,,,,N UNION,E 7TH ST,,,,39.168176,-86.509312,LOCAL/CITY ROAD,N,URBAN,N,N,N,,DAYLIGHT,CLEAR,DRY,,T-INTERSECTION,STRAIGHT/LEVEL,ASPHALT,FAILURE TO YIELD RIGHT OF WAY,LEFT TURN,EAST7THSTNORTHUNIONST,NONE
BLOOMINGTON PD,BLOOMINGTON,4/21/2019,7:34 PM,2,0,0,0,0,,,,W 11TH,N SUMMIT ST,,45,W,39.173344,-86.548192,LOCAL/CITY ROAD,N,URBAN,N,N,N,,DAYLIGHT,CLEAR,DRY,,T-INTERSECTION,STRAIGHT/GRADE,ASPHALT,IMPROPER PASSING,SAME DIRECTION SIDESWIPE,NSUMMITSTW11THST,NONE
INDIANA UNIV BLOOMINGTON PD,BLOOMINGTON,4/22/2019,4:22 PM,2,0,0,0,0,,,,N PETE ELLIS,SR 45,,,,0,0,STATE ROAD,N,URBAN,N,N,N,,DAYLIGHT,CLEAR,DRY,,FOUR-WAY INTERSECTION,STRAIGHT/GRADE,ASPHALT,FAILURE TO YIELD RIGHT OF WAY,LEFT TURN,PETEELLISDRSR45,TRAFFIC CONTROL SIGNAL
MONROE SD,BLOOMINGTON,4/22/2019,8:37 AM,2,0,0,0,0,,,,S WALNUT,S ORCHARD LN,,100,S,39.11584,-86.5312,COUNTY ROAD,N,URBAN,N,N,N,,DAYLIGHT,CLEAR,DRY,,NO JUNCTION INVOLVED,STRAIGHT/GRADE,ASPHALT,FOLLOWING TOO CLOSELY,REAR END,SOUTHOLDSTATEROAD37RDSOUTHORCHARDLN,NONE
INDIANA UNIV BLOOMINGTON PD,BLOOMINGTON,4/22/2019,12:04 PM,2,0,1,0,0,,,,N JORDAN,E 7TH ST,,300,N,39.16976494,-86.51592535,LOCAL/CITY ROAD,N,URBAN,N,N,N,,DAYLIGHT,CLEAR,DRY,,T-INTERSECTION,STRAIGHT/GRADE,ASPHALT,FAILURE TO YIELD RIGHT OF WAY,RIGHT ANGLE,E7THSTJORDANAVE,OTHER REGULATORY SIGN/MARKING
MONROE SD,ELLETTSVILLE,4/22/2019,4:43 PM,2,0,1,0,0,,,,N UNION VALLEY,W MAPLE GROVE RD,,300,S,39.244752,-86.5928,,Y,RURAL,N,N,N,,DAYLIGHT,CLEAR,DRY,,NO JUNCTION INVOLVED,STRAIGHT/GRADE,ASPHALT,LEFT OF CENTER,OPPOSITE DIRECTION SIDESWIPE,NUNIONVALLEYRDWMAPLEGROVERD,NONE
ISP BLOOMINGTON 33,BLOOMINGTON,4/22/2019,7:45 PM,2,0,0,0,0,,,,S BREEDEN,SR 45,,,,0,0,STATE ROAD,N,URBAN,N,N,N,,DAYLIGHT,CLEAR,DRY,,T-INTERSECTION,CURVE/GRADE,ASPHALT,TIRE FAILURE OR DEFECTIVE,OTHER - EXPLAIN IN NARRATIVE,BREEDENRDSR45,LANE CONTROL
BLOOMINGTON PD,BLOOMINGTON,4/22/2019,3:30 PM,2,0,1,0,0,,,,S SMITH,E MORNINGSIDE DR,,,,39.166432,-86.4812,LOCAL/CITY ROAD,Y,URBAN,N,N,N,,DAYLIGHT,CLEAR,DRY,,FOUR-WAY INTERSECTION,STRAIGHT/LEVEL,ASPHALT,FAILURE TO YIELD RIGHT OF WAY,REAR END,EMORNINGSIDEDRSSMITHRD,STOP SIGN
BLOOMINGTON PD,BLOOMINGTON,4/22/2019,12:30 PM,2,0,0,0,0,,,,S WALNUT,W DODDS ST,,,,39.16608,-86.53361519,LOCAL/CITY ROAD,N,URBAN,N,N,N,,DAYLIGHT,CLEAR,DRY,,FOUR-WAY INTERSECTION,STRAIGHT/LEVEL,ASPHALT,FAILURE TO YIELD RIGHT OF WAY,RIGHT ANGLE,EDODDSSTSWALNUTST,STOP SIGN
BLOOMINGTON PD,BLOOMINGTON,4/22/2019,4:55 PM,2,0,0,0,0,,,,S WALNUT,W PINEWOOD DR,,100,S,39.12095449,-86.53143,LOCAL/CITY ROAD,Y,URBAN,N,N,N,,DAYLIGHT,CLEAR,DRY,,NO JUNCTION INVOLVED,STRAIGHT/LEVEL,ASPHALT,FOLLOWING TOO CLOSELY,REAR END,PINEWOODDRSOUTHWALNUTST,NONE
BLOOMINGTON PD,BLOOMINGTON,4/23/2019,1:30 PM,2,0,0,0,0,,,,SR 45/46,N WALNUT ST,,,,39.186368,-86.5344,LOCAL/CITY ROAD,N,URBAN,N,N,N,,DAYLIGHT,CLEAR,DRY,,FOUR-WAY INTERSECTION,STRAIGHT/GRADE,ASPHALT,IMPROPER TURNING,RIGHT ANGLE,46BYPWALNUTST,TRAFFIC CONTROL SIGNAL
BLOOMINGTON PD,BLOOMINGTON,4/23/2019,1:44 PM,2,0,0,0,0,,,,SR 45/46,N KINSER PIKE,,,,39.186544,-86.537888,LOCAL/CITY ROAD,N,RURAL,N,Y,N,,DAYLIGHT,CLEAR,DRY,,FOUR-WAY INTERSECTION,STRAIGHT/GRADE,ASPHALT,FOLLOWING TOO CLOSELY,REAR END,NKINSERPIKEWSTATEROAD4546BYP,TRAFFIC CONTROL SIGNAL
INDIANA UNIV BLOOMINGTON PD,BLOOMINGTON,4/23/2019,3:43 PM,2,0,1,0,0,,,,S HENDERSON,E ATWATER AVE,,,,39.16314,-86.52727,LOCAL/CITY ROAD,N,URBAN,N,N,N,,DAYLIGHT,CLEAR,DRY,,FOUR-WAY INTERSECTION,STRAIGHT/GRADE,ASPHALT,FAILURE TO YIELD RIGHT OF WAY,RIGHT ANGLE,ATWATERAVEHENDERSONST,TRAFFIC CONTROL SIGNAL
BLOOMINGTON PD,BLOOMINGTON,4/23/2019,4:40 PM,2,0,0,0,0,,,,S WALNUT,S WALNUT ST PIKE,,,,39.16664,-86.5336,LOCAL/CITY ROAD,N,URBAN,N,N,N,,DAYLIGHT,CLEAR,DRY,,T-INTERSECTION,STRAIGHT/LEVEL,ASPHALT,UNSAFE LANE MOVEMENT,SAME DIRECTION SIDESWIPE,SOUTHWALNUTSTREETPIKESOUTHWALNUTST,NONE
BLOOMINGTON PD,BLOOMINGTON,4/23/2019,12:12 PM,3,0,2,0,0,,,,N WALNUT,E 7TH ST,,100,S,39.16864,-86.533568,LOCAL/CITY ROAD,N,RURAL,N,N,N,,DAYLIGHT,CLEAR,DRY,,NO JUNCTION INVOLVED,STRAIGHT/GRADE,ASPHALT,FAILURE TO YIELD RIGHT OF WAY,REAR END,7THSTWALNUTST,NONE
BLOOMINGTON PD,BLOOMINGTON,4/23/2019,5:32 PM,2,0,1,0,0,,,,S CURRY,,,,,39.142048,-86.582592,LOCAL/CITY ROAD,N,RURAL,N,N,N,,DAYLIGHT,CLEAR,DRY,,FOUR-WAY INTERSECTION,STRAIGHT/LEVEL,ASPHALT,IMPROPER LANE USAGE,REAR END,SCURRYPIKESR45W,TRAFFIC CONTROL SIGNAL
MONROE SD,BLOOMINGTON,4/23/2019,5:30 PM,4,0,1,0,0,,,,S WALNUT,,,1500,N,39.085632,-86.542304,LOCAL/CITY ROAD,N,RURAL,N,N,N,,DAYLIGHT,CLEAR,DRY,,NO JUNCTION INVOLVED,STRAIGHT/GRADE,ASPHALT,FOLLOWING TOO CLOSELY,REAR END,OLDSTATEROAD37RDSR37S,NONE
MONROE SD,BLOOMINGTON,4/23/2019,6:33 AM,1,0,0,0,1,,,,SR 45,,,500,E,0,0,STATE ROAD,N,RURAL,N,N,N,,DAWN/DUSK,CLEAR,DRY,,NO JUNCTION INVOLVED,STRAIGHT/GRADE,ASPHALT,ANIMAL/OBJECT IN ROADWAY,COLLISION WITH DEER,SSTANFORDRDSR45W,NO PASSING ZONE
INDIANA UNIV BLOOMINGTON PD,BLOOMINGTON,4/24/2019,4:00 PM,2,0,0,0,0,,,,N JORDAN,E LAW LN,,,,39.173552,-86.515488,LOCAL/CITY ROAD,N,URBAN,N,N,N,,DAYLIGHT,CLEAR,DRY,,FOUR-WAY INTERSECTION,STRAIGHT/GRADE,ASPHALT,FAILURE TO YIELD RIGHT OF WAY,LEFT TURN,ELAWLNJORDANAVE,TRAFFIC CONTROL SIGNAL
BLOOMINGTON PD,BLOOMINGTON,4/24/2019,12:30 PM,2,0,1,0,0,1700,,,N KINSER,W GOURLEY PIKE,,50,N,39.185392,-86.537856,LOCAL/CITY ROAD,N,URBAN,N,N,N,,DAYLIGHT,RAIN,WET,,NO JUNCTION INVOLVED,STRAIGHT/LEVEL,ASPHALT,FOLLOWING TOO CLOSELY,REAR END,1700NKINSERPIKEWGOURLEYPIKE,LANE CONTROL
BLOOMINGTON PD,BLOOMINGTON,4/24/2019,5:55 PM,2,0,0,0,0,,,,S COLLEGE MALL,E MOORES PIKE,,300,N,0,0,LOCAL/CITY ROAD,N,URBAN,N,N,N,,DAYLIGHT,RAIN,WET,,T-INTERSECTION,STRAIGHT/LEVEL,ASPHALT,FAILURE TO YIELD RIGHT OF WAY,RIGHT ANGLE,EMOORSEPIKESCOLLEGEMALLRD,NONE
ISP BLOOMINGTON 33,BLOOMINGTON,4/24/2019,5:35 PM,1,0,0,0,1,,,,I-69 N,,,,,0,0,INTERSTATE,N,RURAL,N,N,N,,DAYLIGHT,RAIN,WET,,NO JUNCTION INVOLVED,STRAIGHT/GRADE,ASPHALT,ANIMAL/OBJECT IN ROADWAY,COLLISION WITH DEER,I69108.2,LANE CONTROL
MONROE SD,BLOOMINGTON,4/24/2019,8:57 PM,1,0,0,0,0,,,,S ROCKPORT,S VICTOR PIKE,,,,39.053744,-86.606304,LOCAL/CITY ROAD,N,URBAN,N,N,N,,DARK (NOT LIGHTED),RAIN,WET,,T-INTERSECTION,STRAIGHT/GRADE,ASPHALT,RAN OFF ROAD RIGHT,RAN OFF ROAD,SROCKPORTRDWVICTORPIKE,NONE
BLOOMINGTON PD,BLOOMINGTON,4/25/2019,2:31 PM,2,0,0,0,0,,,,SR 45/46,N WALNUT ST,,,,39.186368,-86.5344,LOCAL/CITY ROAD,N,URBAN,N,N,N,,DAYLIGHT,RAIN,WET,,FOUR-WAY INTERSECTION,STRAIGHT/HILLCREST,ASPHALT,SPEED TOO FAST FOR WEATHER CONDITIONS,REAR END,4546HWYNWALNUTST,TRAFFIC CONTROL SIGNAL
INDIANA UNIV BLOOMINGTON PD,BLOOMINGTON,4/25/2019,12:54 PM,2,0,1,0,0,,,,E 10TH,N WALNUT GROVE ST,,,,39.17162,-86.52099,LOCAL/CITY ROAD,N,URBAN,N,N,N,,DAYLIGHT,RAIN,WET,,T-INTERSECTION,STRAIGHT/LEVEL,ASPHALT,SPEED TOO FAST FOR WEATHER CONDITIONS,REAR END,TENTHSTWALNUTGROVEST,LANE CONTROL
BLOOMINGTON PD,BLOOMINGTON,4/25/2019,2:35 PM,1,0,0,0,0,,,,S HENDERSON,E WINSLOW RD,,200,N,39.15716346,-86.52689,LOCAL/CITY ROAD,N,URBAN,N,N,N,,DAYLIGHT,RAIN,WET,,FOUR-WAY INTERSECTION,STRAIGHT/LEVEL,ASPHALT,PEDESTRIAN ACTION,OTHER - EXPLAIN IN NARRATIVE,EWINSLOWRDSHENDERSONST,NONE
ISP BLOOMINGTON 33,BLOOMINGTON,4/25/2019,5:30 PM,2,0,0,0,0,,,,N MONROE,SR 45/46,,,,0,0,LOCAL/CITY ROAD,N,URBAN,N,N,N,,DAYLIGHT,RAIN,WET,,T-INTERSECTION,STRAIGHT/GRADE,ASPHALT,IMPROPER LANE USAGE,SAME DIRECTION SIDESWIPE,MONROESTSR45,NONE
ISP BLOOMINGTON 33,BLOOMINGTON,4/25/2019,10:43 AM,2,0,0,0,0,,,,SR 45/46,N MONROE ST,,,,39.186944,-86.5468,LOCAL/CITY ROAD,Y,URBAN,N,N,N,,DAYLIGHT,RAIN,WET,,FOUR-WAY INTERSECTION,STRAIGHT/GRADE,CONCRETE,UNSAFE LANE MOVEMENT,RIGHT ANGLE,MONROESTSR45SR46BYP,LANE CONTROL
BLOOMINGTON PD,BLOOMINGTON,4/25/2019,5:15 PM,2,0,1,0,0,,,,E COVENANTER,S COLLEGE MALL RD,,,,39.155152,-86.497888,LOCAL/CITY ROAD,N,URBAN,N,N,N,,DAYLIGHT,RAIN,WET,,FOUR-WAY INTERSECTION,STRAIGHT/LEVEL,ASPHALT,FOLLOWING TOO CLOSELY,REAR END,EASTCOVENANTERRDSOUTHCOLLEGEMALLRD,TRAFFIC CONTROL SIGNAL
BLOOMINGTON PD,BLOOMINGTON,4/25/2019,7:39 PM,2,0,1,0,0,,,,S WALNUT,W SMITH AVE,,,,39.16285,-86.53363,LOCAL/CITY ROAD,N,URBAN,N,Y,N,,DARK (LIGHTED),RAIN,WET,,FOUR-WAY INTERSECTION,STRAIGHT/LEVEL,ASPHALT,IMPROPER TURNING,LEFT TURN,SOUTHWALNUTSTWESTSMITHAVE,TRAFFIC CONTROL SIGNAL
MONROE SD,BLOOMINGTON,4/25/2019,8:25 PM,1,0,0,0,0,,,,E ANDERSON,E FARR RD,,2500,W,0,0,LOCAL/CITY ROAD,N,RURAL,N,N,N,,DARK (NOT LIGHTED),RAIN,WATER (STANDING OR MOVING),,NO JUNCTION INVOLVED,STRAIGHT/LEVEL,ASPHALT,SPEED TOO FAST FOR WEATHER CONDITIONS,RAN OFF ROAD,ANDERSONRDFARRRD,NONE
BLOOMINGTON PD,BLOOMINGTON,4/25/2019,10:50 AM,2,0,0,0,0,,,,N GRANT,E 8TH ST,,,,39.169552,-86.529696,LOCAL/CITY ROAD,Y,URBAN,N,N,N,,UNKNOWN,RAIN,WET,,FIVE POINT OR MORE,STRAIGHT/LEVEL,ASPHALT,OTHER (DRIVER) - EXPLAIN IN NARRATIVE,OTHER - EXPLAIN IN NARRATIVE,8THSTNGRANTST,STOP SIGN
INDIANA UNIV BLOOMINGTON PD,BLOOMINGTON,4/25/2019,10:33 PM,1,0,1,0,0,,,,N INDIANA,E 6TH ST,,,,39.16752,-86.52695,LOCAL/CITY ROAD,N,URBAN,N,N,N,,DARK (NOT LIGHTED),RAIN,WET,,T-INTERSECTION,STRAIGHT/GRADE,ASPHALT,UNSAFE BACKING,BACKING CRASH,INDIANAAVESIXTHST,NONE
MONROE SD,ELLETTSVILLE,4/25/2019,4:57 PM,2,0,0,0,0,,,,N UNION VALLEY,W MCNEELY ST,,,,39.2375,-86.59278,LOCAL/CITY ROAD,N,RURAL,N,N,N,,DAYLIGHT,RAIN,WET,,T-INTERSECTION,STRAIGHT/HILLCREST,ASPHALT,FOLLOWING TOO CLOSELY,OPPOSITE DIRECTION SIDESWIPE,MCNEELYRDUNIONVALLEYRD,NONE
INDIANA UNIV BLOOMINGTON PD,BLOOMINGTON,4/25/2019,1:33 PM,1,0,0,0,0,,,,N WOODLAWN,E 11TH ST,,,,39.17342,-86.52352,LOCAL/CITY ROAD,N,URBAN,N,N,N,,DAYLIGHT,RAIN,WET,,FOUR-WAY INTERSECTION,STRAIGHT/GRADE,ASPHALT,SPEED TOO FAST FOR WEATHER CONDITIONS,RAN OFF ROAD,ELEVENTHSTWOODLAWNAVE,STOP SIGN
BLOOMINGTON PD,BLOOMINGTON,4/25/2019,2:01 PM,2,0,0,0,0,,,,S HAWTHRONE,E ATWATER AVE,,,,39.16309,-86.52021,LOCAL/CITY ROAD,N,URBAN,N,N,N,,DAYLIGHT,RAIN,WET,,FOUR-WAY INTERSECTION,STRAIGHT/LEVEL,ASPHALT,DISREGARD SIGNAL/REG SIGN,OTHER - EXPLAIN IN NARRATIVE,EATWATERAVESHAWTHRONEDR,STOP SIGN
BLOOMINGTON PD,BLOOMINGTON,4/25/2019,4:43 PM,2,0,0,0,0,,,,S WALNUT,S WALNUT ST,,,,39.16664,-86.5336,LOCAL/CITY ROAD,N,URBAN,N,N,N,,DAYLIGHT,CLOUDY,WET,,FOUR-WAY INTERSECTION,STRAIGHT/GRADE,ASPHALT,FAILURE TO YIELD RIGHT OF WAY,RIGHT ANGLE,SWALNUTSTPIKESWALNUTST,STOP SIGN