Agency,City,Collision Date,Collision Time,Vehicles Involved,Trailers Involved,Number Injured,Number Dead,Number Deer,House Number,Roadway Interchange,Roadway Ramp,Roadway Id,Intersecting Road,Interchange,Feet From,Direction,Latitude,Longitude,Roadway Class,Hit and Run?,Locality,School Zone?,Rumble Strips?,Construction?,Construction Type,Light Condition,Weather Conditions,Surface Condition,Type of Median,Roadway Junction Type,Road Character,Roadway Surface,Primary Factor,Manner of Collision,Unique Location Id,Traffic Control
MONROE SD,ELLETTSVILLE,4/25/2019,2:28 AM,1,0,0,0,1,,,,SR 46,,,2970,N,39.5079842,-86.57139,STATE ROAD,N,URBAN,N,N,N,,DARK (NOT LIGHTED),CLEAR,DRY,,NO JUNCTION INVOLVED,STRAIGHT/LEVEL,ASPHALT,ANIMAL/OBJECT IN ROADWAY,COLLISION WITH DEER,CURRYPIKESR46W,NONE
MONROE SD,BLOOMINGTON,4/25/2019,2:09 PM,2,0,0,0,0,9689,,,SR 48,,,,,39.165056,-86.653168,STATE ROAD,N,RURAL,N,N,N,,DAYLIGHT,RAIN,WET,,NO JUNCTION INVOLVED,CURVE/LEVEL,ASPHALT,ROADWAY SURFACE CONDITION,RIGHT ANGLE,SR48W,NONE
BLOOMINGTON PD,BLOOMINGTON,4/25/2019,3:00 AM,1,0,0,0,0,,,,W 11TH,W FOUNTAIN DR,,,,0,0,LOCAL/CITY ROAD,Y,URBAN,N,N,N,,DARK (NOT LIGHTED),RAIN,WET,,T-INTERSECTION,STRAIGHT/LEVEL,ASPHALT,RAN OFF ROAD RIGHT,RAN OFF ROAD,FOUNTAINDRWEST11THST,NONE
BLOOMINGTON PD,BLOOMINGTON,4/25/2019,8:38 AM,2,0,1,0,0,600,,,W 2ND,S MAPLE ST,,150,E,39.16144438,-86.53978578,LOCAL/CITY ROAD,N,URBAN,N,N,N,,DAYLIGHT,RAIN,WET,,NO JUNCTION INVOLVED,STRAIGHT/GRADE,ASPHALT,SPEED TOO FAST FOR WEATHER CONDITIONS,REAR END,600W2NDSTMAPLEST,LANE CONTROL
BLOOMINGTON PD,BLOOMINGTON,4/25/2019,8:30 PM,1,0,0,0,0,,,,W 4TH,S COLLEGE AVE,,,,39.165664,-86.5348,LOCAL/CITY ROAD,N,URBAN,N,N,Y,WORK ON SHOULDER,DARK (LIGHTED),RAIN,WET,,NO JUNCTION INVOLVED,STRAIGHT/LEVEL,ASPHALT,OTHER (ENVIRONMENTAL) - EXPLAIN IN NARR,OTHER - EXPLAIN IN NARRATIVE,COLLEGEAVEFOURTHST,LANE CONTROL
BLOOMINGTON PD,BLOOMINGTON,4/26/2019,4:48 PM,2,0,0,0,0,,,,SR 45,I-69,,,,0,0,STATE ROAD,N,URBAN,N,N,N,,DAYLIGHT,CLEAR,DRY,,INTERCHANGE,CURVE/GRADE,ASPHALT,FOLLOWING TOO CLOSELY,REAR END,I69HWYSR45W,TRAFFIC CONTROL SIGNAL
INDIANA UNIV BLOOMINGTON PD,BLOOMINGTON,4/26/2019,12:38 PM,1,0,0,0,0,,,,E 10TH,N UNION ST,,365,E,39.171472,-86.509376,LOCAL/CITY ROAD,N,URBAN,N,N,N,,DAYLIGHT,CLEAR,DRY,,NO JUNCTION INVOLVED,STRAIGHT/LEVEL,ASPHALT,UNSAFE BACKING,COLLISION WITH OBJECT IN ROAD,E10THSTNUNIONST,NONE
INDIANA UNIV BLOOMINGTON PD,BLOOMINGTON,4/26/2019,12:59 PM,1,0,0,0,0,,,,SR 45/46,E 17TH ST,,125,E,39.18629224,-86.53257075,STATE ROAD,N,URBAN,N,N,N,,DAYLIGHT,CLEAR,DRY,,NO JUNCTION INVOLVED,STRAIGHT/LEVEL,ASPHALT,RAN OFF ROAD RIGHT,RAN OFF ROAD,SR45SR46,LANE CONTROL
BLOOMINGTON PD,BLOOMINGTON,4/26/2019,6:34 PM,3,0,2,0,0,,,,SR 46,S SMITH RD,,300,E,39.16424,-86.480688,LOCAL/CITY ROAD,N,URBAN,N,N,N,,DAYLIGHT,CLEAR,DRY,,NO JUNCTION INVOLVED,STRAIGHT/LEVEL,ASPHALT,FOLLOWING TOO CLOSELY,REAR END,E3RDSTSSMITHRD,NONE
BLOOMINGTON PD,BLOOMINGTON,4/26/2019,1:36 PM,3,0,1,0,0,,,,S WALNUT,E BURKS DR,,,,0,0,LOCAL/CITY ROAD,N,URBAN,N,N,N,,DAYLIGHT,CLEAR,DRY,,T-INTERSECTION,STRAIGHT/LEVEL,ASPHALT,FOLLOWING TOO CLOSELY,REAR END,BURKSDRSWALNUTST,NONE
BLOOMINGTON PD,BLOOMINGTON,4/26/2019,12:50 PM,2,0,0,0,0,,,,SR 46,SR 446,,,,39.135648,-86.462,STATE ROAD,N,URBAN,N,N,N,,DAYLIGHT,CLEAR,DRY,,T-INTERSECTION,STRAIGHT/LEVEL,ASPHALT,FOLLOWING TOO CLOSELY,REAR END,SR446SSR46E,TRAFFIC CONTROL SIGNAL
ISP BLOOMINGTON 33,BLOOMINGTON,4/26/2019,4:05 PM,2,1,0,0,0,,,,I-69,W FULLERTON PIKE,,,,0,0,INTERSTATE,N,URBAN,N,N,N,,DAYLIGHT,CLEAR,WET,,RAMP,CURVE/HILLCREST,ASPHALT,FAILURE TO YIELD RIGHT OF WAY,SAME DIRECTION SIDESWIPE,FULLERTONPIKESR37,LANE CONTROL
MONROE SD,BLOOMINGTON,4/26/2019,12:55 AM,1,0,0,0,0,,,,I-69 S,,,500,S,41.31675078,-85.08760901,INTERSTATE,N,RURAL,N,N,N,,DARK (NOT LIGHTED),RAIN,WET,,NO JUNCTION INVOLVED,STRAIGHT/GRADE,ASPHALT,SPEED TOO FAST FOR WEATHER CONDITIONS,RAN OFF ROAD,I69S125.5,NONE
MONROE SD,BLOOMINGTON,4/26/2019,2:51 PM,2,0,0,0,0,,,,W VERNAL,W HOWARD RD,,200,S,39.187248,-86.635696,LOCAL/CITY ROAD,N,URBAN,N,N,N,,DAYLIGHT,CLEAR,DRY,,NO JUNCTION INVOLVED,STRAIGHT/LEVEL,ASPHALT,LEFT OF CENTER,OPPOSITE DIRECTION SIDESWIPE,WHOWARDRDWVERNALPIKE,NONE
BLOOMINGTON PD,BLOOMINGTON,4/27/2019,9:41 PM,2,0,0,0,0,,,,W 3RD,I-69,,,,39.164752,-86.573104,LOCAL/CITY ROAD,N,URBAN,N,N,N,,DARK (LIGHTED),CLOUDY,WET,,INTERCHANGE,CURVE/GRADE,ASPHALT,FAILURE TO YIELD RIGHT OF WAY,RIGHT ANGLE,SSTATEROAD37RPW3RDST,TRAFFIC CONTROL SIGNAL
BLOOMINGTON PD,BLOOMINGTON,4/27/2019,5:45 PM,2,0,0,0,0,,,,S DUNN,E KIRKWOOD AVE,,,,39.16664,-86.528192,LOCAL/CITY ROAD,N,URBAN,N,N,N,,DAYLIGHT,RAIN,WET,,FOUR-WAY INTERSECTION,STRAIGHT/LEVEL,ASPHALT,FOLLOWING TOO CLOSELY,OTHER - EXPLAIN IN NARRATIVE,EKIRKWOODAVESDUNNST,STOP SIGN
MONROE SD,BLOOMINGTON,4/27/2019,6:53 AM,1,0,0,0,0,,,,SR 46,E BENDER RD,,,,39.163648,-86.438,STATE ROAD,N,RURAL,N,N,N,,DAWN/DUSK,CLEAR,DRY,,FOUR-WAY INTERSECTION,STRAIGHT/LEVEL,ASPHALT,RAN OFF ROAD RIGHT,RAN OFF ROAD,EBENDERRDSR46E,NONE
BLOOMINGTON PD,BLOOMINGTON,4/27/2019,4:28 PM,2,0,0,0,0,,,,E WINSLOW,E ALLENDALE RD,,,,39.136096,-86.516,LOCAL/CITY ROAD,N,URBAN,N,N,N,,DAYLIGHT,RAIN,WET,,T-INTERSECTION,STRAIGHT/GRADE,ASPHALT,FOLLOWING TOO CLOSELY,REAR END,ALLENDALEDREWINSLOWRD,STOP SIGN
ISP BLOOMINGTON 33,BLOOMINGTON,4/27/2019,6:35 AM,1,0,0,0,1,,,,I-69 N,,,250,S,0,0,INTERSTATE,N,RURAL,N,Y,N,,DAWN/DUSK,CLEAR,DRY,,NO JUNCTION INVOLVED,STRAIGHT/LEVEL,CONCRETE,ANIMAL/OBJECT IN ROADWAY,COLLISION WITH DEER,I69107.5,LANE CONTROL
MONROE SD,BLOOMINGTON,4/27/2019,9:00 PM,1,0,0,0,1,,,,SR 446,E LAMPKINS RIDGE RD,,2000,S,39.14511825,-86.47057946,STATE ROAD,N,RURAL,N,N,N,,DARK (LIGHTED),CLOUDY,DRY,,NO JUNCTION INVOLVED,STRAIGHT/LEVEL,ASPHALT,ANIMAL/OBJECT IN ROADWAY,RAN OFF ROAD,LAMPKINSRIDGERDSR446N,NONE
BLOOMINGTON PD,BLOOMINGTON,4/27/2019,10:17 AM,2,0,1,0,0,,,,W 2ND,S MORTON ST,,40,E,39.16139,-86.53631346,LOCAL/CITY ROAD,N,URBAN,N,N,N,,DAYLIGHT,CLEAR,DRY,,TRAIL CROSSINGS,STRAIGHT/GRADE,ASPHALT,FOLLOWING TOO CLOSELY,REAR END,SMORTONSTW2NDST,NONE
MONROE SD,BLOOMINGTON,4/27/2019,10:10 AM,2,0,0,0,0,,,,W HENNESSEY,S ROCKPORT RD,,,,39.12819,-86.55672,COUNTY ROAD,N,URBAN,N,N,N,,DAYLIGHT,CLEAR,DRY,,T-INTERSECTION,STRAIGHT/LEVEL,ASPHALT,IMPROPER LANE USAGE,LEFT TURN,SROCKPORTRDWHENNESSEYRD,NONE
BLOOMINGTON PD,BLOOMINGTON,4/28/2019,11:54 AM,2,0,0,0,0,,,,I-69 S,SR 45,Y,,,0,0,STATE ROAD,N,URBAN,N,N,N,,DAYLIGHT,CLOUDY,DRY,,FOUR-WAY INTERSECTION,STRAIGHT/LEVEL,ASPHALT,OTHER (DRIVER) - EXPLAIN IN NARRATIVE,REAR END,I69RAMPSR45W,LANE CONTROL
INDIANA UNIV BLOOMINGTON PD,BLOOMINGTON,4/28/2019,9:50 PM,2,0,0,0,0,,,,SR 45/46,SR 45,,,,0,0,STATE ROAD,N,URBAN,N,N,N,,DARK (LIGHTED),CLEAR,DRY,,FOUR-WAY INTERSECTION,STRAIGHT/LEVEL,ASPHALT,FAILURE TO YIELD RIGHT OF WAY,RIGHT TURN,SR45SR46,TRAFFIC CONTROL SIGNAL
MONROE SD,BLOOMINGTON,4/28/2019,11:46 AM,2,0,0,0,0,,,,W PROFILE,N CURRY PIKE,,1000,W,39.17198,-86.58290341,LOCAL/CITY ROAD,N,RURAL,N,N,N,,DAYLIGHT,CLOUDY,DRY,,T-INTERSECTION,STRAIGHT/LEVEL,ASPHALT,FAILURE TO YIELD RIGHT OF WAY,LEFT TURN,NCURRYPIKEWPROFILEPKWY,NONE
MONROE SD,BLOOMINGTON,4/28/2019,4:37 AM,1,0,0,0,0,,,,SR 45,E MARTIN DR,,500,S,39.20369283,-86.46408214,STATE ROAD,Y,RURAL,N,N,N,,DARK (NOT LIGHTED),CLEAR,DRY,,NO JUNCTION INVOLVED,CURVE/LEVEL,ASPHALT,RAN OFF ROAD RIGHT,RAN OFF ROAD,EASTMARTINDRSR45E,NONE
BLOOMINGTON PD,BLOOMINGTON,4/28/2019,3:27 AM,1,0,1,0,0,,,,N LINCOLN,E 7TH ST,,,,39.16864,-86.530992,LOCAL/CITY ROAD,N,URBAN,N,N,N,,DARK (LIGHTED),CLOUDY,WET,,FOUR-WAY INTERSECTION,STRAIGHT/GRADE,ASPHALT,DISREGARD SIGNAL/REG SIGN,RIGHT ANGLE,E7THSTNLINCOLNST,STOP SIGN
INDIANA UNIV BLOOMINGTON PD,BLOOMINGTON,4/28/2019,5:06 PM,2,0,0,0,0,,,,N WOODLAWN,E 8TH ST,,200,E,39.16900315,-86.52341111,UNKNOWN,N,URBAN,N,N,N,,DAYLIGHT,CLEAR,DRY,,NO JUNCTION INVOLVED,STRAIGHT/LEVEL,ASPHALT,UNSAFE BACKING,BACKING CRASH,E8THSTWOODLAWNAVE,NONE
INDIANA UNIV BLOOMINGTON PD,BLOOMINGTON,4/29/2019,9:40 AM,2,0,0,0,0,,,,SR 45/46,E 17TH ST,,,,39.17984,-86.507088,STATE ROAD,N,URBAN,N,N,N,,DAYLIGHT,CLOUDY,DRY,,T-INTERSECTION,CURVE/LEVEL,ASPHALT,DISREGARD SIGNAL/REG SIGN,RIGHT ANGLE,EAST17THSTSR46,TRAFFIC CONTROL SIGNAL
INDIANA UNIV BLOOMINGTON PD,BLOOMINGTON,4/29/2019,8:30 AM,1,0,0,0,0,,,,E 10TH,N SUNRISE DR,,,,39.17158,-86.51248,LOCAL/CITY ROAD,N,URBAN,N,N,N,,DAYLIGHT,CLEAR,DRY,,NO JUNCTION INVOLVED,STRAIGHT/LEVEL,ASPHALT,IMPROPER TURNING,LEFT TURN,NSUNRISEDRTENTHST,NONE
INDIANA UNIV BLOOMINGTON PD,BLOOMINGTON,4/29/2019,6:15 PM,2,0,0,0,0,,,,E 10TH,N SUNRISE DR,,,,39.17158,-86.51248,LOCAL/CITY ROAD,Y,URBAN,N,N,N,,DAYLIGHT,CLEAR,DRY,,FOUR-WAY INTERSECTION,STRAIGHT/LEVEL,ASPHALT,FOLLOWING TOO CLOSELY,REAR END,NSUNRISEDRTENTHST,TRAFFIC CONTROL SIGNAL
MONROE SD,BLOOMINGTON,4/29/2019,11:30 PM,1,0,0,0,0,7796,,,S OLD SR 37,SR 37,,,,39.04955723,-86.54099233,COUNTY ROAD,Y,RURAL,N,N,N,,DARK (NOT LIGHTED),CLEAR,DRY,,NO JUNCTION INVOLVED,STRAIGHT/GRADE,ASPHALT,RAN OFF ROAD RIGHT,RAN OFF ROAD,SOUTHOLDSTATEROAD37RD,NONE
MONROE SD,BLOOMINGTON,4/29/2019,9:00 AM,2,0,0,0,0,,,,W OLD SR 37,E SAMPLE RD,,2000,S,39.04139186,-86.50078,COUNTY ROAD,Y,RURAL,N,N,N,,DAYLIGHT,CLOUDY,DRY,,NO JUNCTION INVOLVED,CURVE/GRADE,ASPHALT,OTHER (DRIVER) - EXPLAIN IN NARRATIVE,SAME DIRECTION SIDESWIPE,NORTHOLD37HWYSAMPLERD,NONE
DNR LAW ENFORCEMENT,BLOOMINGTON,4/29/2019,8:13 AM,1,0,0,0,1,,,,I-69 S,,,100,N,41.13583018,-85.14035522,INTERSTATE,N,RURAL,N,N,N,,DAYLIGHT,CLEAR,DRY,,NO JUNCTION INVOLVED,STRAIGHT/LEVEL,ASPHALT,ANIMAL/OBJECT IN ROADWAY,COLLISION WITH ANIMAL OTHER,I69S112,NONE
BLOOMINGTON PD,BLOOMINGTON,4/29/2019,7:40 AM,3,0,0,0,0,,,,N KINSER,SKYLINE DR,,300,N,39.190544,-86.537712,LOCAL/CITY ROAD,Y,URBAN,N,N,N,,DAYLIGHT,CLEAR,DRY,,NO JUNCTION INVOLVED,STRAIGHT/LEVEL,ASPHALT,FOLLOWING TOO CLOSELY,REAR END,NORTHKINSERPIKESKYLINEDR,NONE
MONROE SD,BLOOMINGTON,4/29/2019,7:54 AM,1,0,0,0,0,7990,,,S ROCKPORT,,,,,39.05052604,-86.60887543,COUNTY ROAD,Y,RURAL,N,N,N,,UNKNOWN,CLEAR,DRY,,NO JUNCTION INVOLVED,STRAIGHT/GRADE,ASPHALT,RAN OFF ROAD RIGHT,RAN OFF ROAD,SROCKPORTRD,LANE CONTROL
ISP BLOOMINGTON 33,BLOOMINGTON,4/29/2019,7:28 AM,1,0,0,0,1,,,,SR 446,S SWARTZ RIDGE RD,,2080,S,39.12918544,-86.44156566,STATE ROAD,N,RURAL,N,N,N,,DAWN/DUSK,CLEAR,DRY,,NO JUNCTION INVOLVED,STRAIGHT/GRADE,ASPHALT,ANIMAL/OBJECT IN ROADWAY,COLLISION WITH ANIMAL OTHER,SR446SWARTZRIDGERD,LANE CONTROL
ISP BLOOMINGTON 33,BLOOMINGTON,4/29/2019,6:55 PM,1,0,0,0,0,,,,SR 45,S BURCH RD,,3000,N,0,0,STATE ROAD,N,RURAL,N,N,N,,DAYLIGHT,CLEAR,DRY,,NO JUNCTION INVOLVED,CURVE/GRADE,ASPHALT,RAN OFF ROAD RIGHT,RAN OFF ROAD,SR45STANFORDRD,NO PASSING ZONE
MONROE SD,BLOOMINGTON,4/29/2019,7:05 AM,1,1,1,0,0,9701,,,SR 46,,,200,W,39.15263,-86.37108272,STATE ROAD,N,RURAL,N,N,N,,DAWN/DUSK,CLOUDY,DRY,,NO JUNCTION INVOLVED,CURVE/GRADE,ASPHALT,RAN OFF ROAD RIGHT,RAN OFF ROAD,COUNTYLINERDSR46E,NONE
BLOOMINGTON PD,BLOOMINGTON,4/30/2019,5:27 PM,2,0,0,0,0,,,,SR 46,E EASTGATE LN,,50,S,39.17011202,-86.50132801,STATE ROAD,N,URBAN,N,N,N,,DAYLIGHT,CLOUDY,DRY,,T-INTERSECTION,STRAIGHT/GRADE,ASPHALT,FOLLOWING TOO CLOSELY,REAR END,EEASTGATELNSR46N,NONE
MONROE SD,BLOOMINGTON,4/30/2019,7:15 AM,1,0,0,0,1,,,,SR 46,N LOWER BIRDIE GAYLAN RD,,600,W,39.16269,-86.41329815,STATE ROAD,N,RURAL,N,N,N,,DAWN/DUSK,CLEAR,DRY,,NO JUNCTION INVOLVED,CURVE/HILLCREST,ASPHALT,ANIMAL/OBJECT IN ROADWAY,COLLISION WITH DEER,LOWERBIRDIEGAYLANRDSR46E,NONE
INDIANA UNIV BLOOMINGTON PD,BLOOMINGTON,4/30/2019,10:05 AM,2,0,0,0,0,,,,E 6TH,N GRANT ST,,,,39.16754,-86.52979,UNKNOWN,N,URBAN,N,N,N,,DAYLIGHT,CLOUDY,DRY,,NO JUNCTION INVOLVED,STRAIGHT/GRADE,CONCRETE,OTHER (DRIVER) - EXPLAIN IN NARRATIVE,OTHER - EXPLAIN IN NARRATIVE,GRANTSTSIXTHST,NONE
BLOOMINGTON PD,BLOOMINGTON,4/30/2019,5:00 PM,1,0,0,0,0,,,,E ATWATER,S CLIFTON AVE,,,,39.16311519,-86.52496499,LOCAL/CITY ROAD,Y,URBAN,N,N,N,,UNKNOWN,CLEAR,DRY,,FOUR-WAY INTERSECTION,STRAIGHT/LEVEL,ASPHALT,RAN OFF ROAD RIGHT,RAN OFF ROAD,EASTATWATERAVESOUTHCLIFTONAVE,STOP SIGN
BLOOMINGTON PD,BLOOMINGTON,4/30/2019,10:45 AM,2,0,1,0,0,,,,W 3RD,S KIMBLE DR,,,,39.16454,-86.56799,LOCAL/CITY ROAD,N,URBAN,N,N,N,,DAYLIGHT,CLEAR,DRY,,FIVE POINT OR MORE,STRAIGHT/GRADE,ASPHALT,DISREGARD SIGNAL/REG SIGN,RIGHT ANGLE,KIMBLEDRWEST3RDST,TRAFFIC CONTROL SIGNAL
BLOOMINGTON PD,BLOOMINGTON,4/30/2019,4:44 PM,2,0,1,0,0,,,,W ARLINGTON,S GOURLEY PIKE,,,,39.186544,-86.551168,LOCAL/CITY ROAD,N,URBAN,N,N,N,,DAYLIGHT,CLEAR,DRY,,FOUR-WAY INTERSECTION,STRAIGHT/LEVEL,ASPHALT,BRAKE FAILURE OR DEFECTIVE,REAR END,SGOURLEYPIKEWARLINGTONRD,NONE
ELLETTSVILLE PD,ELLETTSVILLE,5/1/2019,9:21 AM,2,0,1,0,0,,,,SR 46,N MATTHEWS DR,,,,39.234768,-86.626384,STATE ROAD,N,URBAN,N,N,N,,DAYLIGHT,CLOUDY,DRY,,FOUR-WAY INTERSECTION,STRAIGHT/GRADE,ASPHALT,DISREGARD SIGNAL/REG SIGN,RIGHT ANGLE,MATTHEWSDRSR46W,TRAFFIC CONTROL SIGNAL
BLOOMINGTON PD,BLOOMINGTON,5/1/2019,9:34 AM,2,0,4,0,0,,,,SR 46,S PARK RIDGE RD,,,,39.16422,-86.4763,LOCAL/CITY ROAD,N,URBAN,N,N,N,,DAYLIGHT,CLOUDY,DRY,,FOUR-WAY INTERSECTION,STRAIGHT/LEVEL,ASPHALT,FAILURE TO YIELD RIGHT OF WAY,RIGHT ANGLE,E3RDSTPARKRIDGERD,NONE
INDIANA UNIV BLOOMINGTON PD,BLOOMINGTON,5/1/2019,6:10 PM,2,0,0,0,0,,,,E JONES,N JORDAN AVE,,300,E,39.1654,-86.51639595,LOCAL/CITY ROAD,N,URBAN,N,N,N,,DAYLIGHT,CLOUDY,DRY,,NO JUNCTION INVOLVED,STRAIGHT/LEVEL,ASPHALT,UNSAFE BACKING,BACKING CRASH,EJONESAVEJORDANAVE,NONE
BLOOMINGTON PD,BLOOMINGTON,5/1/2019,3:19 PM,2,0,0,0,0,,,,N COLLEGE,W 8TH ST,,,,39.169552,-86.534784,LOCAL/CITY ROAD,N,URBAN,N,N,N,,DAYLIGHT,CLOUDY,DRY,,FOUR-WAY INTERSECTION,STRAIGHT/LEVEL,ASPHALT,FAILURE TO YIELD RIGHT OF WAY,LEFT TURN,NCOLLEGEAVEW8THST,STOP SIGN
INDIANA UNIV BLOOMINGTON PD,BLOOMINGTON,5/1/2019,2:50 PM,2,0,0,0,0,,,,N JORDAN,E 7TH ST,,,,39.168944,-86.516016,LOCAL/CITY ROAD,N,URBAN,N,N,N,,DAYLIGHT,CLEAR,DRY,,FOUR-WAY INTERSECTION,STRAIGHT/GRADE,ASPHALT,FOLLOWING TOO CLOSELY,REAR END,7THSTJORDANAVE,STOP SIGN
MONROE SD,BLOOMINGTON,5/1/2019,7:21 AM,1,0,0,0,1,,,,S CHAPEL HILL,HARDIN RIDGE RD,,600,N,39.009952,-86.428256,COUNTY ROAD,N,RURAL,N,N,N,,DAWN/DUSK,CLEAR,DRY,,NO JUNCTION INVOLVED,STRAIGHT/GRADE,ASPHALT,ANIMAL/OBJECT IN ROADWAY,RAN OFF ROAD,CHAPELHILLRDHARDINRIDGERD,NONE
MONROE SD,BLOOMINGTON,5/1/2019,11:54 PM,1,0,0,0,0,,,,S FAIRFAX,S STRAIN RIDGE RD,,,,39.074448,-86.5056,LOCAL/CITY ROAD,Y,RURAL,N,N,N,,DARK (LIGHTED),FOG/SMOKE/SMOG,WET,,T-INTERSECTION,STRAIGHT/GRADE,ASPHALT,RAN OFF ROAD RIGHT,RAN OFF ROAD,SFAIRFAXRDSTRAINRIDGERD,STOP SIGN
BLOOMINGTON PD,BLOOMINGTON,5/1/2019,4:49 PM,1,0,1,0,0,,,,S ROGERS,W COOLIDGE DR,,,,39.14125,-86.53883,LOCAL/CITY ROAD,N,URBAN,N,N,N,,DAYLIGHT,CLOUDY,DRY,,T-INTERSECTION,STRAIGHT/GRADE,ASPHALT,PEDESTRIAN ACTION,RIGHT ANGLE,SROGERSSTWCOOLIDGEDR,STOP SIGN
BLOOMINGTON PD,BLOOMINGTON,5/1/2019,7:55 AM,2,0,0,0,0,,,,S WALNUT ST PIKE,S HENDERSON ST,,,,39.13413,-86.52688,LOCAL/CITY ROAD,N,URBAN,N,N,N,,DAYLIGHT,CLOUDY,DRY,,FOUR-WAY INTERSECTION,STRAIGHT/GRADE,ASPHALT,FOLLOWING TOO CLOSELY,REAR END,HENDERSONSTWALNUTSTREETPIKE,STOP SIGN
BLOOMINGTON PD,BLOOMINGTON,5/1/2019,11:58 AM,2,0,0,0,0,,,,W 1ST,S ROGERS ST,,,,39.17664,-86.538496,LOCAL/CITY ROAD,N,URBAN,Y,N,N,,DAYLIGHT,CLOUDY,DRY,,FOUR-WAY INTERSECTION,STRAIGHT/LEVEL,ASPHALT,DISREGARD SIGNAL/REG SIGN,RIGHT ANGLE,1STSTROGERSST,STOP SIGN
BLOOMINGTON PD,BLOOMINGTON,5/2/2019,11:59 AM,2,0,1,0,0,,,,SR 45/46,N KINSER PIKE,,,,39.186544,-86.537888,STATE ROAD,N,URBAN,N,N,N,,DAYLIGHT,RAIN,WET,,FOUR-WAY INTERSECTION,STRAIGHT/GRADE,ASPHALT,FAILURE TO YIELD RIGHT OF WAY,RIGHT ANGLE,KINSERPIKESR45E,NONE
BLOOMINGTON PD,BLOOMINGTON,5/2/2019,5:35 PM,3,0,0,0,0,,,,SR 45,INDUSTRIAL BLVD,,,,39.1436,-86.58031,STATE ROAD,N,URBAN,N,N,N,,DAYLIGHT,CLOUDY,WET,,FOUR-WAY INTERSECTION,STRAIGHT/GRADE,ASPHALT,FAILURE TO YIELD RIGHT OF WAY,LEFT TURN,SR45WWINDUSTRIALBLVD,TRAFFIC CONTROL SIGNAL
MONROE SD,BLOOMINGTON,5/2/2019,5:13 PM,3,0,1,0,0,,,,SR 46,W ARLINGTON RD,,150,E,39.20763,-86.57989299,STATE ROAD,N,RURAL,N,N,N,,DAYLIGHT,CLEAR,DRY,,FOUR-WAY INTERSECTION,STRAIGHT/LEVEL,ASPHALT,FOLLOWING TOO CLOSELY,REAR END,ARLINGTONRDSR46W,NONE
BLOOMINGTON PD,BLOOMINGTON,5/2/2019,7:20 AM,2,0,0,0,0,398,,,W COUNTRY CLUB,S MADISON ST,,200,E,39.1360324,-86.53572653,LOCAL/CITY ROAD,N,RURAL,N,N,N,,DAYLIGHT,CLEAR,WET,,TRAIL CROSSINGS,STRAIGHT/HILLCREST,ASPHALT,BRAKE FAILURE OR DEFECTIVE,REAR END,398WCOUNTRYCLUBDRMADISONST,NONE
INDIANA UNIV BLOOMINGTON PD,BLOOMINGTON,5/2/2019,12:45 PM,2,0,0,0,0,1101,,,N FEE,,,,,39.17612549,-86.51898236,UNKNOWN,N,URBAN,N,N,N,,DAYLIGHT,RAIN,WET,,NO JUNCTION INVOLVED,STRAIGHT/LEVEL,ASPHALT,OTHER (DRIVER) - EXPLAIN IN NARRATIVE,SAME DIRECTION SIDESWIPE,NFEELN,NONE
BLOOMINGTON PD,BLOOMINGTON,5/2/2019,11:45 AM,7,0,0,0,0,,,,N WALNUT,W 11TH ST,,100,N,39.17352264,-86.53348402,LOCAL/CITY ROAD,N,URBAN,N,N,N,,DAYLIGHT,RAIN,WET,,NO JUNCTION INVOLVED,STRAIGHT/HILLCREST,ASPHALT,SPEED TOO FAST FOR WEATHER CONDITIONS,SAME DIRECTION SIDESWIPE,11THSTWALNUTST,NONE
BLOOMINGTON PD,BLOOMINGTON,5/2/2019,11:30 PM,2,0,0,0,0,,,,W 11TH,N MONROE ST,,,,39.17326,-86.54714,LOCAL/CITY ROAD,N,URBAN,N,N,N,,DARK (NOT LIGHTED),CLEAR,DRY,,NO JUNCTION INVOLVED,STRAIGHT/LEVEL,ASPHALT,IMPROPER LANE USAGE,SAME DIRECTION SIDESWIPE,NMONROESTW11THST,STOP SIGN
BLOOMINGTON PD,BLOOMINGTON,5/3/2019,4:00 PM,2,0,0,0,0,,,,S COLLEGE MALL,E 3RD ST,,,,39.16424,-86.4984,LOCAL/CITY ROAD,Y,URBAN,N,N,N,,DAYLIGHT,CLEAR,DRY,,FOUR-WAY INTERSECTION,STRAIGHT/LEVEL,ASPHALT,IMPROPER LANE USAGE,SAME DIRECTION SIDESWIPE,E3RDSTSCOLLEGEMALLRD,TRAFFIC CONTROL SIGNAL
MONROE SD,BLOOMINGTON,5/3/2019,1:01 PM,2,0,1,0,0,,,,N SMITH,SR 46,,,,39.210144,-86.5832,LOCAL/CITY ROAD,N,URBAN,N,N,N,,DAYLIGHT,CLOUDY,DRY,,T-INTERSECTION,STRAIGHT/LEVEL,ASPHALT,FAILURE TO YIELD RIGHT OF WAY,RIGHT ANGLE,SMITHPIKESTATEROAD46HWY,LANE CONTROL
BLOOMINGTON PD,BLOOMINGTON,5/3/2019,9:33 AM,2,0,1,0,0,,,,S SMITH,SR 46,,,,39.16424,-86.480688,LOCAL/CITY ROAD,N,URBAN,N,N,N,,DAYLIGHT,RAIN,WET,,FOUR-WAY INTERSECTION,STRAIGHT/GRADE,ASPHALT,SPEED TOO FAST FOR WEATHER CONDITIONS,REAR END,E3RDSTSMITHRD,TRAFFIC CONTROL SIGNAL