Agency,City,Collision Date,Collision Time,Vehicles Involved,Trailers Involved,Number Injured,Number Dead,Number Deer,House Number,Roadway Interchange,Roadway Ramp,Roadway Id,Intersecting Road,Interchange,Feet From,Direction,Latitude,Longitude,Roadway Class,Hit and Run?,Locality,School Zone?,Rumble Strips?,Construction?,Construction Type,Light Condition,Weather Conditions,Surface Condition,Type of Median,Roadway Junction Type,Road Character,Roadway Surface,Primary Factor,Manner of Collision,Unique Location Id,Traffic Control
MONROE SD,BLOOMINGTON,5/10/2019,8:53 PM,1,0,0,0,0,,,,N SHUFFLE CREEK,E SOUTH SHORE DR,,2571,S,39.24520924,-86.40437596,COUNTY ROAD,N,RURAL,N,N,N,,DARK (NOT LIGHTED),CLEAR,DRY,,NO JUNCTION INVOLVED,STRAIGHT/LEVEL,ASPHALT,RAN OFF ROAD RIGHT,RAN OFF ROAD,SHUFFLECREEKRDSOUTHSHOREDR,NONE
BLOOMINGTON PD,BLOOMINGTON,5/10/2019,10:52 PM,2,0,0,0,0,315,,,W 15TH,N WOODBURN AVE,,100,W,39.176912,-86.536064,LOCAL/CITY ROAD,Y,URBAN,N,N,N,,DARK (NOT LIGHTED),RAIN,WET,,NO JUNCTION INVOLVED,STRAIGHT/GRADE,ASPHALT,UNSAFE BACKING,BACKING CRASH,315W15THSTWOODBURNAVE,LANE CONTROL
MONROE SD,BLOOMINGTON,5/10/2019,6:07 PM,2,0,0,0,0,,,,W OCEAN,S DAPHNE DR,,,,0,0,COUNTY ROAD,N,RURAL,N,N,N,,DAYLIGHT,CLEAR,DRY,,T-INTERSECTION,STRAIGHT/LEVEL,ASPHALT,UNSAFE BACKING,BACKING CRASH,SDAPHNEDRWOCEANDR,NONE
MONROE SD,BLOOMINGTON,5/11/2019,9:08 AM,1,0,1,0,0,,,,N HINKLE,E GRAMERCY PARK DR,,,,,,COUNTY ROAD,N,RURAL,N,N,N,,DAYLIGHT,CLEAR,DRY,,NO JUNCTION INVOLVED,CURVE/HILLCREST,ASPHALT,RAN OFF ROAD RIGHT,RAN OFF ROAD,GRAMERCYPARKDRHINKLERD,NONE
BLOOMINGTON PD,BLOOMINGTON,5/11/2019,9:26 AM,2,0,0,0,0,,,,S PARK,E MAXWELL ST,,60,N,39.15792,-86.523696,LOCAL/CITY ROAD,N,URBAN,N,N,N,,DAYLIGHT,CLEAR,DRY,,NO JUNCTION INVOLVED,STRAIGHT/LEVEL,ASPHALT,OTHER (DRIVER) - EXPLAIN IN NARRATIVE,SAME DIRECTION SIDESWIPE,EMAXWELLSTSPARKAVE,NONE
BLOOMINGTON PD,BLOOMINGTON,5/11/2019,8:45 PM,1,0,0,0,0,,,,S SWAIN,E ATWATER AVE,,,,0,0,LOCAL/CITY ROAD,N,URBAN,N,N,N,,DARK (LIGHTED),RAIN,WET,,FOUR-WAY INTERSECTION,STRAIGHT/LEVEL,ASPHALT,IMPROPER TURNING,RAN OFF ROAD,EATWATERAVESSWAINAVE,NONE
MONROE SD,BLOOMINGTON,5/11/2019,12:29 AM,1,0,0,0,0,7281,,,W HOLLAND HILL,,,,,,,LOCAL/CITY ROAD,N,RURAL,N,N,N,,DARK (LIGHTED),CLEAR,DRY,,NO JUNCTION INVOLVED,STRAIGHT/GRADE,ASPHALT,RAN OFF ROAD RIGHT,RAN OFF ROAD,HOLLANDHILLLN,NONE
MONROE SD,BLOOMINGTON,5/12/2019,6:29 PM,1,0,0,0,0,,,,SR 46,W ARLINGTON RD,,100,W,39.20769931,-86.57413882,STATE ROAD,N,RURAL,N,N,N,,DAYLIGHT,CLOUDY,WET,,T-INTERSECTION,CURVE/LEVEL,ASPHALT,UNSAFE SPEED,RAN OFF ROAD,SR46WWARLINGTONRD,NONE
BLOOMINGTON PD,BLOOMINGTON,5/12/2019,2:42 AM,1,0,0,0,0,,,,S CORY,W 3RD ST,,,,39.164544,-86.560096,LOCAL/CITY ROAD,N,URBAN,N,N,N,,DARK (LIGHTED),CLEAR,WET,,T-INTERSECTION,STRAIGHT/LEVEL,ASPHALT,RAN OFF ROAD RIGHT,RAN OFF ROAD,SCORYLNW3RDST,TRAFFIC CONTROL SIGNAL
BLOOMINGTON PD,BLOOMINGTON,5/12/2019,9:31 AM,2,0,0,0,0,,,,S WALNUT,W GORDON PIKE,,,,39.12144,-86.526496,LOCAL/CITY ROAD,N,URBAN,N,N,N,,DAYLIGHT,CLOUDY,DRY,,FOUR-WAY INTERSECTION,STRAIGHT/LEVEL,ASPHALT,OTHER (DRIVER) - EXPLAIN IN NARRATIVE,REAR END,RHORERRDSWALNUTST,TRAFFIC CONTROL SIGNAL
ISP BLOOMINGTON 33,BLOOMINGTON,5/12/2019,12:55 PM,2,0,1,0,0,,,,W OLD SR 37,E BETHEL LN,,,,39.215344,-86.521392,LOCAL/CITY ROAD,N,RURAL,N,N,N,,DAYLIGHT,CLEAR,WET,,NO JUNCTION INVOLVED,STRAIGHT/GRADE,ASPHALT,FAILURE TO YIELD RIGHT OF WAY,RIGHT ANGLE,BETHELLNOLDSTATEROAD37RD,STOP SIGN
BLOOMINGTON PD,BLOOMINGTON,5/12/2019,11:15 AM,1,0,0,0,0,,,,N WALNUT,E 19TH ST,,,,39.181552,-86.5336,LOCAL/CITY ROAD,N,URBAN,N,N,N,,DAYLIGHT,RAIN,WET,,T-INTERSECTION,STRAIGHT/GRADE,ASPHALT,DRIVER ASLEEP OR FATIGUED,RAN OFF ROAD,19THSTWALNUTST,STOP SIGN
MONROE SD,BLOOMINGTON,5/12/2019,12:11 AM,1,0,0,0,0,,,,S FAIRFAX,,,1372,N,39.059984,-86.498432,LOCAL/CITY ROAD,N,RURAL,N,N,N,,DARK (LIGHTED),RAIN,WET,,NO JUNCTION INVOLVED,CURVE/GRADE,ASPHALT,RAN OFF ROAD RIGHT,OTHER - EXPLAIN IN NARRATIVE,CLEVEBUTCHERRDSFAIRFAXRD,LANE CONTROL
BLOOMINGTON PD,BLOOMINGTON,5/12/2019,5:35 AM,1,0,0,0,0,,,,S HENDERSON,S BRENDA LN,,,,0,0,LOCAL/CITY ROAD,N,URBAN,Y,N,N,,DARK (NOT LIGHTED),RAIN,WET,,NO JUNCTION INVOLVED,STRAIGHT/LEVEL,ASPHALT,DRIVER ASLEEP OR FATIGUED,RAN OFF ROAD,SBRENDALNSHENDERSONST,LANE CONTROL
MONROE SD,BLOOMINGTON,5/12/2019,12:01 AM,1,0,1,0,0,,,,S STRAIN RIDGE,ANNE AVE,,100,S,39.03879668,-86.51104,COUNTY ROAD,N,RURAL,N,N,N,,DARK (NOT LIGHTED),RAIN,WET,,NO JUNCTION INVOLVED,CURVE/LEVEL,ASPHALT,RAN OFF ROAD RIGHT,RAN OFF ROAD,ANNEDRSSTRAINRIDGERD,NONE
MONROE SD,BLOOMINGTON,5/12/2019,11:30 PM,1,0,0,0,0,,,,W SAMPLE,N CANYON CT,,150,S,0,0,LOCAL/CITY ROAD,N,RURAL,N,N,N,,DARK (NOT LIGHTED),CLEAR,DRY,,NO JUNCTION INVOLVED,CURVE/LEVEL,ASPHALT,RAN OFF ROAD RIGHT,RAN OFF ROAD,NORTHCANYONCTWESTSAMPLERD,NONE
MONROE SD,BLOOMINGTON,5/13/2019,10:23 PM,1,0,0,1,0,,,,SR 45,N RUSSELL RD,,500,S,39.19897945,-86.46794293,STATE ROAD,Y,RURAL,N,Y,N,,DARK (NOT LIGHTED),CLEAR,DRY,,NO JUNCTION INVOLVED,STRAIGHT/GRADE,ASPHALT,OTHER (DRIVER) - EXPLAIN IN NARRATIVE,OTHER - EXPLAIN IN NARRATIVE,NORTHRUSSELLRDSR45E,NONE
BLOOMINGTON PD,BLOOMINGTON,5/13/2019,10:00 AM,2,0,0,0,0,,,,S LINCOLN,E 3RD ST,,,,39.16464,-86.531024,LOCAL/CITY ROAD,N,URBAN,N,N,N,,DAYLIGHT,CLEAR,DRY,,FOUR-WAY INTERSECTION,STRAIGHT/LEVEL,ASPHALT,DISREGARD SIGNAL/REG SIGN,OTHER - EXPLAIN IN NARRATIVE,E3RDSTSLINCOLNST,TRAFFIC CONTROL SIGNAL
INDIANA UNIV BLOOMINGTON PD,BLOOMINGTON,5/13/2019,12:00 PM,3,0,0,0,0,,,,SR 45/46,N HEADLEY RD,,,,0,0,STATE ROAD,N,URBAN,N,N,Y,LANE CLOSURE,DAYLIGHT,CLOUDY,DRY,,NO JUNCTION INVOLVED,STRAIGHT/LEVEL,ASPHALT,FOLLOWING TOO CLOSELY,REAR END,EBALFOURSTSR46,NONE
MONROE SD,ELLETTSVILLE,5/13/2019,9:53 AM,2,0,0,0,0,,,,SR 46,,,300,E,,,STATE ROAD,N,RURAL,N,N,N,,DAYLIGHT,CLEAR,DRY,,NO JUNCTION INVOLVED,STRAIGHT/LEVEL,ASPHALT,FOLLOWING TOO CLOSELY,REAR END,CYPRESSLNSR46W,NONE
BLOOMINGTON PD,BLOOMINGTON,5/14/2019,12:54 PM,2,0,1,0,0,,,,SR 45,S LIBERTY DR,,,,39.145152,-86.5776,STATE ROAD,N,URBAN,N,N,N,,DAYLIGHT,CLEAR,DRY,,FOUR-WAY INTERSECTION,STRAIGHT/GRADE,ASPHALT,FOLLOWING TOO CLOSELY,REAR END,LIBERTYDRSR45W,TRAFFIC CONTROL SIGNAL
BLOOMINGTON PD,BLOOMINGTON,5/14/2019,2:20 PM,1,0,1,0,0,,,,S WASHINGTON,E 3RD ST,,,,39.16464,-86.5324,LOCAL/CITY ROAD,N,URBAN,N,N,N,,DAYLIGHT,CLEAR,DRY,,FOUR-WAY INTERSECTION,STRAIGHT/LEVEL,CONCRETE,FAILURE TO YIELD RIGHT OF WAY,OTHER - EXPLAIN IN NARRATIVE,E3RDSTSWASHINGTONST,TRAFFIC CONTROL SIGNAL
ISP BLOOMINGTON 33,BLOOMINGTON,5/14/2019,10:25 AM,2,0,0,0,0,,,,N CURRY,W JONATHAN DR,,,,39.16836,-86.58295,LOCAL/CITY ROAD,N,URBAN,N,N,N,,DAYLIGHT,CLEAR,DRY,,FOUR-WAY INTERSECTION,STRAIGHT/LEVEL,ASPHALT,FAILURE TO YIELD RIGHT OF WAY,LEFT TURN,CURRYPIKEJONATHANDR,TRAFFIC CONTROL SIGNAL
ELLETTSVILLE PD,ELLETTSVILLE,5/14/2019,11:15 AM,2,0,0,0,0,,,,SR 46,N CAPITOL AVE,,450,E,39.2232,-86.60915897,STATE ROAD,N,URBAN,N,N,N,,DAYLIGHT,CLEAR,DRY,,NO JUNCTION INVOLVED,STRAIGHT/GRADE,ASPHALT,FOLLOWING TOO CLOSELY,REAR END,CAPITOLAVESR46W,NONE
BLOOMINGTON PD,BLOOMINGTON,5/14/2019,5:24 PM,2,0,1,0,0,,,,W COUNTRY CLUB,S ROGERS ST,,,,0,0,LOCAL/CITY ROAD,N,URBAN,N,N,N,,DAYLIGHT,CLEAR,DRY,,FOUR-WAY INTERSECTION,STRAIGHT/LEVEL,ASPHALT,FOLLOWING TOO CLOSELY,REAR END,SOUTHROGERSSTWESTCOUNTRYCLUBDR,NONE
MONROE SD,BLOOMINGTON,5/14/2019,8:35 AM,2,1,0,0,0,,,,E SAMPLE,I-69 N,Y,,,,,INTERSTATE,N,RURAL,N,N,N,,DAYLIGHT,CLEAR,DRY,,INTERCHANGE,CURVE/LEVEL,ASPHALT,FAILURE TO YIELD RIGHT OF WAY,OTHER - EXPLAIN IN NARRATIVE,I69NSAMPLERD,YIELD SIGN
ELLETTSVILLE PD,ELLETTSVILLE,5/14/2019,3:15 PM,2,0,0,0,0,,,,N SYCAMORE,W HICKORY DR,,100,S,39.235744,-86.640032,LOCAL/CITY ROAD,N,URBAN,Y,N,N,,DAYLIGHT,CLEAR,DRY,,NO JUNCTION INVOLVED,STRAIGHT/LEVEL,ASPHALT,LEFT OF CENTER,OPPOSITE DIRECTION SIDESWIPE,NORTHSYCAMOREDRWESTHICKORYDR,NONE
MONROE SD,BLOOMINGTON,5/14/2019,4:32 AM,1,0,0,0,0,,,,S FAIRFAX,E CHERRY LN,,,,39.09784,-86.5168,LOCAL/CITY ROAD,N,RURAL,N,N,N,,DARK (NOT LIGHTED),CLEAR,DRY,,T-INTERSECTION,CURVE/GRADE,ASPHALT,RAN OFF ROAD RIGHT,RAN OFF ROAD,ECHERRYLNSFAIRFAXRD,LANE CONTROL
MONROE SD,BLOOMINGTON,5/14/2019,9:36 AM,2,0,2,0,0,,,,S HICKORY,W BELLE AVE,,,,39.16344,-86.58584,LOCAL/CITY ROAD,N,URBAN,N,N,N,,DAYLIGHT,CLEAR,DRY,,NO JUNCTION INVOLVED,STRAIGHT/LEVEL,ASPHALT,DISREGARD SIGNAL/REG SIGN,RIGHT ANGLE,SHICKORYDRWBELLEAVE,STOP SIGN
BLOOMINGTON PD,BLOOMINGTON,5/14/2019,1:42 PM,2,0,0,0,0,,,,S LINCOLN,E 3RD ST,,,,39.16464,-86.531024,LOCAL/CITY ROAD,N,URBAN,N,N,N,,DAYLIGHT,CLEAR,DRY,,FOUR-WAY INTERSECTION,STRAIGHT/LEVEL,CONCRETE,DISREGARD SIGNAL/REG SIGN,OTHER - EXPLAIN IN NARRATIVE,E3RDSTSLINCOLNST,NONE
INDIANA UNIV BLOOMINGTON PD,BLOOMINGTON,5/15/2019,3:47 PM,2,0,0,0,0,,,,SR 45,SR 45/46,,,,,,STATE ROAD,N,URBAN,N,N,N,,DAYLIGHT,CLEAR,DRY,,FOUR-WAY INTERSECTION,STRAIGHT/GRADE,ASPHALT,FOLLOWING TOO CLOSELY,REAR END,SR45SR46,TRAFFIC CONTROL SIGNAL
BLOOMINGTON PD,BLOOMINGTON,5/15/2019,9:54 AM,2,0,1,0,0,,,,N WALNUT,SR 45/46,,,,0,0,LOCAL/CITY ROAD,N,URBAN,N,N,N,,DAYLIGHT,CLOUDY,DRY,,FOUR-WAY INTERSECTION,STRAIGHT/LEVEL,ASPHALT,FAILURE TO YIELD RIGHT OF WAY,SAME DIRECTION SIDESWIPE,4546BYPNWALNUTST,TRAFFIC CONTROL SIGNAL
MONROE SD,BLOOMINGTON,5/15/2019,6:21 PM,2,0,0,0,0,,,,N CURRY,SR 46,,,,0,0,LOCAL/CITY ROAD,N,RURAL,N,N,Y,WORK ON SHOULDER,DAYLIGHT,CLOUDY,DRY,,T-INTERSECTION,STRAIGHT/GRADE,ASPHALT,UNSAFE LANE MOVEMENT,SAME DIRECTION SIDESWIPE,CURRYPIKESR46W,LANE CONTROL
ISP BLOOMINGTON 33,BLOOMINGTON,5/15/2019,12:08 PM,1,0,0,0,1,,,,I-69 N,,,100,N,0,0,INTERSTATE,N,RURAL,N,N,N,,DAYLIGHT,CLEAR,DRY,,NO JUNCTION INVOLVED,STRAIGHT/GRADE,CONCRETE,ANIMAL/OBJECT IN ROADWAY,COLLISION WITH DEER,I69111.5,LANE CONTROL
MONROE SD,BLOOMINGTON,5/15/2019,6:33 AM,1,0,0,0,1,,,,I-69 N,,,500,S,41.16782271,-85.10439598,INTERSTATE,N,URBAN,N,N,N,,DAWN/DUSK,CLOUDY,DRY,,NO JUNCTION INVOLVED,STRAIGHT/LEVEL,ASPHALT,ANIMAL/OBJECT IN ROADWAY,COLLISION WITH DEER,I69N115,NONE
MONROE SD,BLOOMINGTON,5/15/2019,3:07 PM,2,0,1,0,0,,,,SR 48,S CAVE RD,,750,W,39.16360188,-86.63168619,STATE ROAD,N,RURAL,N,N,N,,DAYLIGHT,CLEAR,DRY,,NO JUNCTION INVOLVED,CURVE/GRADE,ASPHALT,LEFT OF CENTER,OPPOSITE DIRECTION SIDESWIPE,CAVERDSR48W,NONE
BLOOMINGTON PD,BLOOMINGTON,5/16/2019,2:43 PM,2,0,2,0,0,,,,W 3RD,S COLLEGE AVE,,,,39.16464,-86.534816,LOCAL/CITY ROAD,N,URBAN,N,N,N,,DAYLIGHT,CLEAR,DRY,,FOUR-WAY INTERSECTION,STRAIGHT/GRADE,ASPHALT,DISREGARD SIGNAL/REG SIGN,RIGHT ANGLE,SCOLLEGEAVEW3RDST,TRAFFIC CONTROL SIGNAL
MONROE SD,BLOOMINGTON,5/16/2019,6:55 PM,1,0,0,0,0,,,,W VERNAL,N CURRY PIKE,,,,39.179248,-86.5832,LOCAL/CITY ROAD,N,URBAN,N,N,N,,DAYLIGHT,RAIN,WET,,FOUR-WAY INTERSECTION,STRAIGHT/HILLCREST,ASPHALT,RAN OFF ROAD RIGHT,RAN OFF ROAD,NCURRYPIKEWVERNALPIKE,TRAFFIC CONTROL SIGNAL
MONROE SD,BLOOMINGTON,5/16/2019,10:02 PM,2,0,0,0,0,,,,SR 46,N SMITH PIKE,,,,39.210144,-86.5832,STATE ROAD,N,URBAN,N,N,N,,DARK (NOT LIGHTED),CLEAR,DRY,,FOUR-WAY INTERSECTION,STRAIGHT/LEVEL,ASPHALT,SPEED TOO FAST FOR WEATHER CONDITIONS,RIGHT ANGLE,NORTHSMITHPIKESR46W,TRAFFIC CONTROL SIGNAL
BLOOMINGTON PD,BLOOMINGTON,5/16/2019,7:00 PM,2,0,0,0,0,,,,S SMITH,SR 46,,,,39.16424,-86.480688,LOCAL/CITY ROAD,N,URBAN,N,N,N,,DAWN/DUSK,RAIN,WET,,FOUR-WAY INTERSECTION,STRAIGHT/GRADE,ASPHALT,SPEED TOO FAST FOR WEATHER CONDITIONS,REAR END,3RDSTSMITHRD,TRAFFIC CONTROL SIGNAL
ELLETTSVILLE PD,ELLETTSVILLE,5/16/2019,5:20 PM,2,0,2,0,0,,,,N SMITH,,,500,S,39.210144,-86.5832,LOCAL/CITY ROAD,N,URBAN,N,N,N,,DAYLIGHT,CLEAR,DRY,,NO JUNCTION INVOLVED,STRAIGHT/GRADE,ASPHALT,FAILURE TO YIELD RIGHT OF WAY,LEFT TURN,NORTHSMITHPIKESR46W,LANE CONTROL
MONROE SD,BLOOMINGTON,5/16/2019,4:40 PM,2,1,0,0,0,,,,N SR 37 BUSINESS,W BAYLES RD,,3000,S,38.89782469,-86.53701,STATE ROAD,N,URBAN,N,N,N,,DAYLIGHT,CLEAR,DRY,,NO JUNCTION INVOLVED,STRAIGHT/LEVEL,ASPHALT,TIRE FAILURE OR DEFECTIVE,COLLISION WITH OBJECT IN ROAD,BAYLESRDSR37N,NONE
INDIANA UNIV BLOOMINGTON PD,BLOOMINGTON,5/17/2019,12:58 PM,3,0,0,0,0,,,,SR 45/46,SR 45,,,,39.18629224,-86.53255993,STATE ROAD,N,URBAN,N,N,N,,DAYLIGHT,CLOUDY,DRY,,FOUR-WAY INTERSECTION,STRAIGHT/LEVEL,ASPHALT,DRIVER DISTRACTED - EXPLAIN IN NARRATIVE,REAR END,SR45ESR46N,TRAFFIC CONTROL SIGNAL
ISP BLOOMINGTON 33,BLOOMINGTON,5/17/2019,1:10 PM,2,0,0,0,0,,,,SR 46,W ARLINGTON RD,,,,39.209808,-86.582672,STATE ROAD,N,RURAL,N,N,N,,DAYLIGHT,CLEAR,DRY,,FOUR-WAY INTERSECTION,CURVE/GRADE,ASPHALT,FOLLOWING TOO CLOSELY,REAR END,ARLINGTONRDSR46,TRAFFIC CONTROL SIGNAL
BLOOMINGTON PD,BLOOMINGTON,5/17/2019,5:27 PM,1,0,1,0,0,,,,E 10TH,N DUNN ST,,,,39.17168,-86.528256,LOCAL/CITY ROAD,N,URBAN,N,N,N,,DAYLIGHT,CLEAR,DRY,,FOUR-WAY INTERSECTION,STRAIGHT/LEVEL,ASPHALT,DISREGARD SIGNAL/REG SIGN,RIGHT ANGLE,EAST10THSTNORTHDUNNST,STOP SIGN
BLOOMINGTON PD,BLOOMINGTON,5/17/2019,7:40 PM,2,0,0,0,0,,,,E 17TH,N GRANT ST,,50,W,39.178944,-86.5296,LOCAL/CITY ROAD,N,URBAN,N,N,N,,DAYLIGHT,CLOUDY,DRY,,NO JUNCTION INVOLVED,STRAIGHT/GRADE,ASPHALT,IMPROPER TURNING,RIGHT ANGLE,E17THSTNGRANTST,NONE
BLOOMINGTON PD,BLOOMINGTON,5/17/2019,9:51 PM,2,0,1,0,0,,,,E 3RD,S HIGH ST,,,,39.164352,-86.508288,LOCAL/CITY ROAD,Y,URBAN,N,N,N,,DARK (LIGHTED),CLEAR,DRY,,FOUR-WAY INTERSECTION,STRAIGHT/GRADE,ASPHALT,FOLLOWING TOO CLOSELY,REAR END,E3RDSTHIGHST,TRAFFIC CONTROL SIGNAL
MONROE SD,BLOOMINGTON,5/17/2019,2:28 AM,1,0,0,0,0,,,,I-69 N,,,200,S,41.37294174,-85.07820502,INTERSTATE,N,RURAL,N,Y,N,,DARK (NOT LIGHTED),CLEAR,DRY,,NO JUNCTION INVOLVED,STRAIGHT/GRADE,ASPHALT,RAN OFF ROAD RIGHT,RAN OFF ROAD,I69N129.5,NONE
BLOOMINGTON PD,BLOOMINGTON,5/17/2019,7:50 AM,2,0,0,0,0,,,,S MAXWELL,E THORNTON DR,,,,39.148336,-86.515024,LOCAL/CITY ROAD,N,URBAN,N,N,N,,DAYLIGHT,CLOUDY,DRY,,FOUR-WAY INTERSECTION,STRAIGHT/GRADE,ASPHALT,DISREGARD SIGNAL/REG SIGN,RIGHT ANGLE,ETHORNTONDRSMAXWELLST,STOP SIGN
BLOOMINGTON PD,BLOOMINGTON,5/18/2019,12:27 PM,3,0,0,0,0,,,,SR 46,E 7TH ST,,,,39.167648,-86.500096,STATE ROAD,N,URBAN,N,N,N,,DAYLIGHT,CLEAR,DRY,,T-INTERSECTION,STRAIGHT/LEVEL,ASPHALT,FOLLOWING TOO CLOSELY,REAR END,7THSTSR46E,NONE
MONROE SD,BLOOMINGTON,5/18/2019,5:17 PM,2,0,0,0,0,,,,W ARLINGTON,SR 46,,550,E,39.20882891,-86.58119336,LOCAL/CITY ROAD,N,RURAL,N,N,N,,DAYLIGHT,CLEAR,DRY,,NO JUNCTION INVOLVED,CURVE/GRADE,ASPHALT,FOLLOWING TOO CLOSELY,REAR END,ARLINGTONRDSR46W,NONE
MONROE SD,BLOOMINGTON,5/18/2019,11:49 AM,2,0,0,0,0,,,,S CURRY,W CONSTITUTION AVE,,,,39.15127,-86.58262,LOCAL/CITY ROAD,N,URBAN,N,N,N,,DAYLIGHT,CLEAR,DRY,,FOUR-WAY INTERSECTION,STRAIGHT/LEVEL,ASPHALT,FAILURE TO YIELD RIGHT OF WAY,RIGHT ANGLE,SCURRYPIKEWCONSTITUTIONAVE,STOP SIGN
MONROE SD,BLOOMINGTON,5/18/2019,12:41 AM,1,0,3,0,0,,,,I-69 S,,,250,N,41.33809036,-85.08769536,INTERSTATE,N,URBAN,N,Y,N,,DARK (LIGHTED),CLEAR,DRY,,NO JUNCTION INVOLVED,STRAIGHT/GRADE,ASPHALT,OVERCORRECTING/OVERSTEERING,RAN OFF ROAD,I69S127,NONE
ISP BLOOMINGTON 33,BLOOMINGTON,5/18/2019,10:25 PM,1,0,0,0,1,,,,I-69 S,,,100,N,39.28185324,-86.52750503,INTERSTATE,N,RURAL,N,N,N,,DARK (NOT LIGHTED),CLEAR,DRY,,NO JUNCTION INVOLVED,STRAIGHT/LEVEL,ASPHALT,ANIMAL/OBJECT IN ROADWAY,COLLISION WITH DEER,I69SSAMPLERD,LANE CONTROL
INDIANA UNIV BLOOMINGTON PD,BLOOMINGTON,5/18/2019,11:40 AM,1,0,0,0,0,,,,N WOODLAWN,E 17TH ST,,,,39.178992,-86.523504,LOCAL/CITY ROAD,N,URBAN,N,N,Y,LANE CLOSURE,DAYLIGHT,CLEAR,DRY,,FOUR-WAY INTERSECTION,STRAIGHT/LEVEL,GRAVEL,RAN OFF ROAD RIGHT,RAN OFF ROAD,EAST17THSTWOODLAWNAVE,TRAFFIC CONTROL SIGNAL
MONROE SD,BLOOMINGTON,5/18/2019,12:14 AM,2,0,0,0,0,,,,S STRAIN RIDGE,S STONE RIDGE RD,,1000,S,38.94782617,-86.50797,COUNTY ROAD,N,RURAL,N,N,N,,DAYLIGHT,CLEAR,DRY,,NO JUNCTION INVOLVED,STRAIGHT/HILLCREST,ASPHALT,LEFT OF CENTER,OPPOSITE DIRECTION SIDESWIPE,STONERIDGERDSTRAINRIDGERD,NONE
MONROE SD,BLOOMINGTON,5/18/2019,4:37 PM,1,0,1,0,0,,,,SR 446,S OLD BEND RD,,,,0,0,STATE ROAD,N,RURAL,N,N,N,,DAYLIGHT,CLEAR,DRY,,T-INTERSECTION,CURVE/LEVEL,ASPHALT,OTHER (DRIVER) - EXPLAIN IN NARRATIVE,OTHER - EXPLAIN IN NARRATIVE,SOLDBENDRDSR446N,NONE
BLOOMINGTON PD,BLOOMINGTON,5/19/2019,7:00 PM,2,0,0,0,0,,,,S WALNUT,E 4TH ST,,,,39.165648,-86.5336,LOCAL/CITY ROAD,N,URBAN,N,N,N,,DAYLIGHT,RAIN,WET,,FOUR-WAY INTERSECTION,STRAIGHT/LEVEL,ASPHALT,TRAFFIC CONTROL INOPERATIVE/MISSING/OBSC,RIGHT ANGLE,EAST4THSTSOUTHWALNUTST,TRAFFIC CONTROL SIGNAL
INDIANA UNIV BLOOMINGTON PD,BLOOMINGTON,5/19/2019,2:49 PM,2,0,0,0,0,,,,SR 45/46,E 17TH ST,,,,39.17984,-86.507088,STATE ROAD,N,URBAN,N,N,N,,DAYLIGHT,CLOUDY,DRY,,T-INTERSECTION,STRAIGHT/GRADE,ASPHALT,FOLLOWING TOO CLOSELY,REAR END,EAST17THSTSR46,TRAFFIC CONTROL SIGNAL
MONROE SD,BLOOMINGTON,5/19/2019,1:11 PM,1,0,0,0,0,,,,I-69 N,N SR 37 BUSINESS,Y,,,0,0,INTERSTATE,N,RURAL,N,N,N,,DAYLIGHT,RAIN,WET,,NO JUNCTION INVOLVED,CURVE/LEVEL,ASPHALT,RAN OFF ROAD RIGHT,RAN OFF ROAD,COLLEGEEXITAVEI69N,NONE
BLOOMINGTON PD,BLOOMINGTON,5/19/2019,9:12 AM,2,0,1,0,0,,,,SR 45/46,W STONELAKE DR,,150,S,39.1710493,-86.54665,STATE ROAD,Y,URBAN,N,N,Y,LANE CLOSURE,DAYLIGHT,CLEAR,DRY,,FOUR-WAY INTERSECTION,STRAIGHT/LEVEL,ASPHALT,FOLLOWING TOO CLOSELY,REAR END,SR46WSTONELAKEDR,NONE
ISP BLOOMINGTON 33,BLOOMINGTON,5/19/2019,5:11 PM,2,0,1,0,0,6196,,,SR 46,E BENDER RD,,450,W,39.16326,-86.4410311,STATE ROAD,N,RURAL,N,N,N,,DAYLIGHT,CLEAR,DRY,,NO JUNCTION INVOLVED,STRAIGHT/GRADE,ASPHALT,UNSAFE LANE MOVEMENT,RAN OFF ROAD,BENDERRDSR46,LANE CONTROL
ELLETTSVILLE PD,ELLETTSVILLE,5/19/2019,5:19 PM,2,0,1,0,0,5989,,,N MATTHEWS,,,,,39.23809,-86.62427,LOCAL/CITY ROAD,N,URBAN,N,N,N,,DAYLIGHT,CLEAR,DRY,,T-INTERSECTION,CURVE/LEVEL,ASPHALT,VIEW OBSTRUCTED,RIGHT ANGLE,MATTHEWSDR,NONE
BLOOMINGTON PD,BLOOMINGTON,5/19/2019,11:14 AM,2,0,0,0,0,,,,N PETE ELLIS,E LONGVIEW AVE,,,,39.166944,-86.495056,LOCAL/CITY ROAD,N,URBAN,N,N,N,,DAYLIGHT,RAIN,WET,,FOUR-WAY INTERSECTION,STRAIGHT/LEVEL,ASPHALT,FAILURE TO YIELD RIGHT OF WAY,LEFT TURN,LONGVIEWAVEPETEELLISDR,STOP SIGN