Agency,City,Collision Date,Collision Time,Vehicles Involved,Trailers Involved,Number Injured,Number Dead,Number Deer,House Number,Roadway Interchange,Roadway Ramp,Roadway Id,Intersecting Road,Interchange,Feet From,Direction,Latitude,Longitude,Roadway Class,Hit and Run?,Locality,School Zone?,Rumble Strips?,Construction?,Construction Type,Light Condition,Weather Conditions,Surface Condition,Type of Median,Roadway Junction Type,Road Character,Roadway Surface,Primary Factor,Manner of Collision,Unique Location Id,Traffic Control
BLOOMINGTON PD,BLOOMINGTON,5/20/2019,3:19 PM,2,0,0,0,0,,,,SR 46,S CLARIZZ BLVD,,,,39.16424,-86.4908,LOCAL/CITY ROAD,N,URBAN,N,N,N,,DAYLIGHT,CLEAR,DRY,,FOUR-WAY INTERSECTION,STRAIGHT/LEVEL,ASPHALT,FAILURE TO YIELD RIGHT OF WAY,RIGHT ANGLE,E3RDSTSCLARIZZBLVD,TRAFFIC CONTROL SIGNAL
BLOOMINGTON PD,BLOOMINGTON,5/20/2019,10:15 AM,1,0,0,0,0,322,,,E 2ND,S LINCOLN ST,,,,39.16428045,-86.53121796,UNKNOWN,Y,URBAN,N,N,N,,UNKNOWN,CLEAR,DRY,,NO JUNCTION INVOLVED,,,IMPROPER LANE USAGE,OTHER - EXPLAIN IN NARRATIVE,322E2NDSTSLINCOLNST,
BLOOMINGTON PD,BLOOMINGTON,5/21/2019,3:25 PM,2,0,0,0,0,,,,SR 48,S CURRY PIKE,,200,W,39.16464,-86.58294268,LOCAL/CITY ROAD,Y,URBAN,N,N,N,,DAYLIGHT,RAIN,WET,,FOUR-WAY INTERSECTION,STRAIGHT/LEVEL,ASPHALT,FAILURE TO YIELD RIGHT OF WAY,RIGHT ANGLE,SCURRYPIKEW3RDST,NONE
BLOOMINGTON PD,BLOOMINGTON,5/21/2019,11:57 AM,2,0,0,0,0,,,,E WINSLOW,S WALNUT ST,,200,E,39.13613411,-86.52798283,LOCAL/CITY ROAD,N,URBAN,N,N,N,,DAYLIGHT,CLOUDY,WET,,NO JUNCTION INVOLVED,STRAIGHT/LEVEL,ASPHALT,FAILURE TO YIELD RIGHT OF WAY,SAME DIRECTION SIDESWIPE,WALNUTSTWINSLOWRD,NONE
INDIANA UNIV BLOOMINGTON PD,BLOOMINGTON,5/21/2019,9:55 AM,2,0,1,0,0,,,,SR 45/46 ,N RANGE RD,,,,39.171504,-86.495312,STATE ROAD,N,URBAN,N,N,N,,DAYLIGHT,CLOUDY,WET,,T-INTERSECTION,STRAIGHT/LEVEL,ASPHALT,FAILURE TO YIELD RIGHT OF WAY,LEFT TURN,NRANGERDSR45N,LANE CONTROL
ELLETTSVILLE PD,ELLETTSVILLE,5/21/2019,7:55 AM,2,0,0,0,0,,,,SR 46,N HARTSTRAIT RD,,,,39.22766,-86.61594,LOCAL/CITY ROAD,N,URBAN,N,N,N,,DAYLIGHT,CLOUDY,DRY,,FOUR-WAY INTERSECTION,STRAIGHT/LEVEL,ASPHALT,FOLLOWING TOO CLOSELY,REAR END,HARTSTRAITRDTEMPERANCEST,TRAFFIC CONTROL SIGNAL
MONROE SD,BLOOMINGTON,5/21/2019,5:19 PM,2,0,0,0,0,,,,S WALNUT ST PIKE,S FAIRFAX RD,,200,N,39.12830788,-86.52648,LOCAL/CITY ROAD,N,RURAL,N,N,N,,DAYLIGHT,CLOUDY,WET,,NO JUNCTION INVOLVED,STRAIGHT/LEVEL,ASPHALT,FAILURE TO YIELD RIGHT OF WAY,OPPOSITE DIRECTION SIDESWIPE,FAIRFAXRDWALNUTSTREETPIKE,NONE
BLOOMINGTON PD,BLOOMINGTON,5/21/2019,8:52 AM,2,0,0,0,0,,,,E 3RD,S ROOSEVELT ST,,,,39.164304,-86.505792,LOCAL/CITY ROAD,N,URBAN,N,N,N,,DAYLIGHT,CLOUDY,DRY,,T-INTERSECTION,STRAIGHT/GRADE,ASPHALT,FOLLOWING TOO CLOSELY,REAR END,3RDSTROOSEVELTST,NONE
MONROE SD,BLOOMINGTON,5/21/2019,10:27 AM,3,0,0,0,0,,,,S FAIRFAX,E CHERRY LN,,250,N,39.09784,-86.5168,LOCAL/CITY ROAD,Y,RURAL,N,N,N,,DAYLIGHT,RAIN,WET,NONE,NO JUNCTION INVOLVED,STRAIGHT/GRADE,ASPHALT,FOLLOWING TOO CLOSELY,REAR END,ECHERRYLNSFAIRFAXRD,NONE
BLOOMINGTON PD,BLOOMINGTON,5/21/2019,10:10 PM,1,0,0,0,0,,,,S SMITH,E STONEGATE DR,,33,N,39.16463926,-86.48072,LOCAL/CITY ROAD,N,URBAN,N,N,N,,DARK (NOT LIGHTED),CLEAR,DRY,,FOUR-WAY INTERSECTION,STRAIGHT/LEVEL,ASPHALT,RAN OFF ROAD RIGHT,RAN OFF ROAD,SSMITHRDSTONEGATEDR,NONE
MONROE SD,BLOOMINGTON,5/21/2019,11:10 AM,2,0,0,0,0,,,,SR 46,S TWINLEAF DR,,500,W,39.16373716,-86.41857996,STATE ROAD,N,URBAN,N,N,N,,DAYLIGHT,RAIN,WET,,NO JUNCTION INVOLVED,STRAIGHT/LEVEL,ASPHALT,FOLLOWING TOO CLOSELY,REAR END,STWINLEAFDRSR46E,NONE
BLOOMINGTON PD,BLOOMINGTON,5/21/2019,7:43 PM,2,0,0,0,0,,,,W 7TH,N FAIRVIEW ST,,,,39.16872,-86.541104,LOCAL/CITY ROAD,Y,URBAN,Y,N,N,,DAYLIGHT,CLOUDY,DRY,,T-INTERSECTION,STRAIGHT/GRADE,ASPHALT,IMPROPER TURNING,LEFT/RIGHT TURN,NFAIRVIEWSTW7THST,STOP SIGN
BLOOMINGTON PD,BLOOMINGTON,5/22/2019,9:30 AM,2,0,0,0,0,,,,E 3RD,S COLLEGE MALL RD,,,,39.16424,-86.4984,LOCAL/CITY ROAD,Y,URBAN,N,N,N,,DAYLIGHT,RAIN,WET,,NO JUNCTION INVOLVED,STRAIGHT/LEVEL,ASPHALT,FAILURE TO YIELD RIGHT OF WAY,SAME DIRECTION SIDESWIPE,3RDSTCOLLEGEMALLRD,NONE
BLOOMINGTON PD,BLOOMINGTON,5/22/2019,6:09 PM,2,0,0,0,0,,,,N KINSER,W 17TH ST,,,,39.178992,-86.537792,LOCAL/CITY ROAD,N,URBAN,N,N,N,,DAYLIGHT,CLEAR,DRY,,FOUR-WAY INTERSECTION,STRAIGHT/HILLCREST,ASPHALT,FOLLOWING TOO CLOSELY,REAR END,NKINSERPIKEW17THST,TRAFFIC CONTROL SIGNAL
INDIANA UNIV BLOOMINGTON PD,BLOOMINGTON,5/22/2019,10:08 PM,1,0,0,0,1,,,,SR 45/46,N MILO B SAMPSON LN,,,,0,0,STATE ROAD,N,URBAN,N,N,N,,DARK (NOT LIGHTED),CLEAR,DRY,,NO JUNCTION INVOLVED,STRAIGHT/LEVEL,ASPHALT,ANIMAL/OBJECT IN ROADWAY,COLLISION WITH DEER,NMILOBSAMPSONLNSR46,LANE CONTROL
BLOOMINGTON PD,BLOOMINGTON,5/22/2019,7:58 AM,2,0,0,0,0,,,,E HILLSIDE,S WOODLAWN AVE,,,,39.15072,-86.522496,LOCAL/CITY ROAD,N,URBAN,N,N,N,,DAYLIGHT,RAIN,WET,,FOUR-WAY INTERSECTION,STRAIGHT/GRADE,ASPHALT,FAILURE TO YIELD RIGHT OF WAY,RIGHT ANGLE,HILLSIDEDRWOODLAWNAVE,STOP SIGN
ISP BLOOMINGTON 33,BLOOMINGTON,5/22/2019,11:35 AM,2,0,0,0,0,,,,I-69 N,,,50,S,,,INTERSTATE,N,RURAL,N,N,N,,DAYLIGHT,RAIN,WET,,NO JUNCTION INVOLVED,STRAIGHT/GRADE,ASPHALT,UNSAFE LANE MOVEMENT,SAME DIRECTION SIDESWIPE,I69105.0,LANE CONTROL
MONROE SD,ELLETTSVILLE,5/22/2019,3:42 AM,2,0,0,0,0,,,,N LAKEVIEW,,,900,S,39.221152,-86.6056,LOCAL/CITY ROAD,N,URBAN,N,N,N,,DAYLIGHT,CLEAR,DRY,,NO JUNCTION INVOLVED,STRAIGHT/LEVEL,ASPHALT,UNSAFE BACKING,BACKING CRASH,NLAKEVIEWDRWSTATEROAD46RD,NONE
BLOOMINGTON PD,BLOOMINGTON,5/22/2019,12:10 PM,2,0,1,0,0,,,,S WALNUT,W PINEWOOD DR,,100,S,39.12095449,-86.53143,LOCAL/CITY ROAD,N,URBAN,N,N,N,,DAYLIGHT,CLOUDY,WET,,T-INTERSECTION,STRAIGHT/LEVEL,ASPHALT,FAILURE TO YIELD RIGHT OF WAY,LEFT TURN,SWALNUTSTWPINEWOODDR,NONE
MONROE SD,BLOOMINGTON,5/22/2019,3:25 PM,3,0,0,0,0,,,,SR 45,,,300,N,39.18665425,-86.4678942,STATE ROAD,N,RURAL,N,N,N,,DAYLIGHT,CLEAR,DRY,,T-INTERSECTION,STRAIGHT/GRADE,ASPHALT,FOLLOWING TOO CLOSELY,REAR END,NMOUNTGILEADRDSR45E,NONE
BLOOMINGTON PD,BLOOMINGTON,5/22/2019,9:51 AM,1,0,1,0,0,,,,W COUNTRYSIDE,W RCA PARK DR,,100,W,39.14333,-86.54321134,LOCAL/CITY ROAD,N,URBAN,N,N,N,,DAYLIGHT,RAIN,WET,,NO JUNCTION INVOLVED,CURVE/GRADE,ASPHALT,SPEED TOO FAST FOR WEATHER CONDITIONS,RAN OFF ROAD,COUNTRYSIDEDRRCAPARKDR,NONE
BLOOMINGTON PD,BLOOMINGTON,5/23/2019,5:30 PM,2,0,1,0,0,,,,S CURRY,SR 48,,,,39.164544,-86.560096,LOCAL/CITY ROAD,Y,URBAN,N,,N,,DAYLIGHT,CLEAR,DRY,,FOUR-WAY INTERSECTION,STRAIGHT/LEVEL,ASPHALT,FAILURE TO YIELD RIGHT OF WAY,HEAD ON BETWEEN TWO MOTOR VEHICLES,CURRYPIKEWEST3RDST,TRAFFIC CONTROL SIGNAL
MONROE SD,BLOOMINGTON,5/23/2019,8:05 AM,2,1,0,0,0,,,,SR 37,S VICTOR PIKE,,,,39.105552,-86.551104,STATE ROAD,N,URBAN,N,N,N,,DAYLIGHT,RAIN,WET,,FOUR-WAY INTERSECTION,STRAIGHT/GRADE,ASPHALT,FOLLOWING TOO CLOSELY,REAR END,SOUTHVICTORPIKESR37S,TRAFFIC CONTROL SIGNAL
INDIANA UNIV BLOOMINGTON PD,BLOOMINGTON,5/23/2019,11:02 AM,2,0,0,0,0,,,,N CAMPBELL,,,200,S,0,0,LOCAL/CITY ROAD,N,URBAN,N,N,Y,WORK ON SHOULDER,DAYLIGHT,RAIN,WET,,NO JUNCTION INVOLVED,STRAIGHT/GRADE,ASPHALT,IMPROPER TURNING,RIGHT ANGLE,NCAMPBELLSTNSUNRISEDR,NONE
MONROE SD,BLOOMINGTON,5/23/2019,6:58 PM,1,0,0,0,0,,,,N MT TABOR,N BOTTOM RD,,500,S,39.310944,-86.633184,LOCAL/CITY ROAD,N,RURAL,N,N,N,,DAYLIGHT,CLEAR,DRY,,NO JUNCTION INVOLVED,CURVE/GRADE,ASPHALT,BRAKE FAILURE OR DEFECTIVE,RAN OFF ROAD,NORTHBOTTOMRDNORTHMTTABORRD,NONE
BLOOMINGTON PD,BLOOMINGTON,5/23/2019,8:13 PM,2,0,0,0,0,,,,S LEONARD SPRINGS,W BARGE LN,,,,0,0,LOCAL/CITY ROAD,Y,URBAN,N,N,N,,DAYLIGHT,CLEAR,DRY,,FOUR-WAY INTERSECTION,STRAIGHT/LEVEL,ASPHALT,FOLLOWING TOO CLOSELY,REAR END,BARGELNSLEONARDSPRINGSRD,NONE
BLOOMINGTON PD,BLOOMINGTON,5/23/2019,3:22 PM,2,0,1,0,0,,,,S PETE ELLIS,,,300,N,39.16424,-86.495088,LOCAL/CITY ROAD,N,URBAN,N,N,B,,DAWN/DUSK,CLEAR,DRY,,NO JUNCTION INVOLVED,STRAIGHT/LEVEL,ASPHALT,FOLLOWING TOO CLOSELY,REAR END,E3RDSTSPETEELLISDR,NONE
ISP BLOOMINGTON 33,BLOOMINGTON,5/23/2019,7:29 AM,3,0,0,0,0,,,,SR 45,S DUNCAN RD,,500,W,39.13411967,-86.59750076,STATE ROAD,N,RURAL,N,N,N,,DAYLIGHT,RAIN,WET,,NO JUNCTION INVOLVED,STRAIGHT/GRADE,ASPHALT,FOLLOWING TOO CLOSELY,REAR END,DUNCANRDSR45,LANE CONTROL
ISP BLOOMINGTON 33,BLOOMINGTON,5/23/2019,7:29 AM,1,0,0,0,0,,,,SR 45,S DUNCAN RD,,300,S,39.1344878,-86.59697726,STATE ROAD,N,RURAL,N,N,N,,DAWN/DUSK,RAIN,WET,,NO JUNCTION INVOLVED,STRAIGHT/GRADE,ASPHALT,ANIMAL/OBJECT IN ROADWAY,COLLISION WITH ANIMAL OTHER,DUNCANRDSR45,LANE CONTROL
BLOOMINGTON PD,BLOOMINGTON,5/23/2019,11:30 AM,2,0,1,0,0,,,,W 3RD,,,,,0,0,LOCAL/CITY ROAD,N,URBAN,N,N,N,,DAYLIGHT,CLEAR,WET,,FOUR-WAY INTERSECTION,STRAIGHT/LEVEL,ASPHALT,DRIVER DISTRACTED - EXPLAIN IN NARRATIVE,REAR END,INTERSTATE69RAMPW3RDST,TRAFFIC CONTROL SIGNAL
MONROE SD,BLOOMINGTON,5/23/2019,6:19 AM,1,0,0,0,0,,,,W OLD SR 37,,,1000,N,,,STATE ROAD,N,RURAL,N,N,N,,DAWN/DUSK,RAIN,WET,,NO JUNCTION INVOLVED,CURVE/GRADE,ASPHALT,RAN OFF ROAD RIGHT,RAN OFF ROAD,OLDMYERSRDSR37N,NONE
BLOOMINGTON PD,BLOOMINGTON,5/24/2019,5:49 PM,3,0,2,0,0,,,,S CURRY,SR 48,,,,0,0,LOCAL/CITY ROAD,N,URBAN,N,N,N,,DAYLIGHT,CLEAR,DRY,,FOUR-WAY INTERSECTION,STRAIGHT/LEVEL,ASPHALT,DRIVER DISTRACTED - EXPLAIN IN NARRATIVE,REAR END,SCURRYPIKEW3RDST,TRAFFIC CONTROL SIGNAL
MONROE SD,BLOOMINGTON,5/24/2019,6:04 PM,2,0,0,0,0,,,,S FAIRFAX,S WALNUT ST PIKE,,600,E,0,0,LOCAL/CITY ROAD,N,RURAL,N,N,N,,DAYLIGHT,CLEAR,DRY,,NO JUNCTION INVOLVED,STRAIGHT/LEVEL,ASPHALT,FOLLOWING TOO CLOSELY,REAR END,SFAIRFAXRDSWALNUTSTPIKE,LANE CONTROL
BLOOMINGTON PD,BLOOMINGTON,5/24/2019,6:00 AM,1,0,1,0,0,,,,E 16TH,N WASHINGTON ST,,,,39.177808,-86.532176,LOCAL/CITY ROAD,N,URBAN,Y,N,N,,DAWN/DUSK,CLEAR,DRY,,FOUR-WAY INTERSECTION,STRAIGHT/GRADE,ASPHALT,RAN OFF ROAD RIGHT,RAN OFF ROAD,16THSTWASHINGTONST,NONE
BLOOMINGTON PD,BLOOMINGTON,5/24/2019,11:34 PM,1,0,0,0,0,,,,E WINSLOW,S HIGHLAND AVE,,,,39.136048,-86.518496,LOCAL/CITY ROAD,N,URBAN,N,N,N,,DARK (LIGHTED),CLEAR,DRY,,T-INTERSECTION,STRAIGHT/LEVEL,ASPHALT,RAN OFF ROAD RIGHT,RAN OFF ROAD,EWINSLOWRDSHIGHLANDAVE,STOP SIGN
MONROE SD,BLOOMINGTON,5/24/2019,9:28 PM,1,0,0,0,1,,,,I-69 S,,,1000,N,0,0,INTERSTATE,N,RURAL,N,Y,N,,DARK (NOT LIGHTED),CLEAR,DRY,,NO JUNCTION INVOLVED,STRAIGHT/GRADE,ASPHALT,ANIMAL/OBJECT IN ROADWAY,COLLISION WITH DEER,EASTCHAMBERSPIKEI69S,NONE
BLOOMINGTON PD,BLOOMINGTON,5/24/2019,6:37 PM,2,0,0,0,0,,,,S HIGHLAND,E THORNTON DR,,,,39.148352,-86.517392,LOCAL/CITY ROAD,N,URBAN,N,N,N,,DAYLIGHT,CLEAR,DRY,,FOUR-WAY INTERSECTION,STRAIGHT/GRADE,ASPHALT,FAILURE TO YIELD RIGHT OF WAY,RIGHT ANGLE,ETHORNTONDRSHIGHLANDAVE,STOP SIGN
BLOOMINGTON PD,BLOOMINGTON,5/24/2019,12:39 PM,2,0,0,0,0,,,,S ROGERS,W 4TH ST,,,,39.165696,-86.538592,LOCAL/CITY ROAD,N,URBAN,N,N,N,,DAYLIGHT,CLEAR,DRY,,FOUR-WAY INTERSECTION,STRAIGHT/LEVEL,ASPHALT,FAILURE TO YIELD RIGHT OF WAY,LEFT TURN,4THSTROGERST,NONE
ELLETTSVILLE PD,ELLETTSVILLE,5/24/2019,11:57 AM,2,0,1,0,0,,,,SR 46,N BRIAR GATE DR,,100,W,,,STATE ROAD,N,URBAN,N,N,N,,DAYLIGHT,CLEAR,DRY,,NO JUNCTION INVOLVED,STRAIGHT/LEVEL,ASPHALT,FOLLOWING TOO CLOSELY,REAR END,BRIARGATEDRSR46W,NONE
BLOOMINGTON PD,BLOOMINGTON,5/25/2019,10:10 AM,2,0,0,0,0,,,,S WALNUT,W COUNTRY CLUB DR,,200,S,0,0,LOCAL/CITY ROAD,N,URBAN,N,N,N,,DAYLIGHT,CLEAR,DRY,,NO JUNCTION INVOLVED,STRAIGHT/GRADE,ASPHALT,UNSAFE LANE MOVEMENT,SAME DIRECTION SIDESWIPE,SWALNUTSTWCOUNTRYCLUBDR,LANE CONTROL
ISP BLOOMINGTON 33,BLOOMINGTON,5/25/2019,2:20 PM,1,0,0,0,0,,,,I-69 S,,,1000,S,0,0,INTERSTATE,N,URBAN,N,N,N,,DAYLIGHT,CLEAR,DRY,,NO JUNCTION INVOLVED,STRAIGHT/LEVEL,ASPHALT,ANIMAL/OBJECT IN ROADWAY,COLLISION WITH OBJECT IN ROAD,I69118,LANE CONTROL
DNR LAW ENFORCEMENT,BLOOMINGTON,5/25/2019,7:45 PM,1,0,0,0,0,8660,,,S FAIRFAX,,,,,39.034226,-86.490848,UNKNOWN,N,RURAL,N,N,N,,DAYLIGHT,CLEAR,MUDDY,,NO JUNCTION INVOLVED,STRAIGHT/HILLCREST,OTHER - EXPLAIN IN NARRATIVE,OTHER (DRIVER) - EXPLAIN IN NARRATIVE,RAN OFF ROAD,FAIRFAXROADRD,NONE
MONROE SD,BLOOMINGTON,5/25/2019,5:49 AM,1,0,0,0,0,,,,W DILLMAN,S VICTOR PIKE,,1000,E,39.093088,-86.559312,COUNTY ROAD,N,RURAL,N,N,N,,DAYLIGHT,CLOUDY,DRY,,NO JUNCTION INVOLVED,CURVE/GRADE,ASPHALT,UNSAFE SPEED,RAN OFF ROAD,DILLMANRDRDVICTORPIKE,NONE
BLOOMINGTON PD,BLOOMINGTON,5/26/2019,6:09 PM,2,0,0,0,0,,,,SR 46,S PARK RIDGE RD,,,,39.16424,-86.476096,LOCAL/CITY ROAD,N,URBAN,N,N,N,,DAYLIGHT,CLOUDY,DRY,,FOUR-WAY INTERSECTION,STRAIGHT/GRADE,ASPHALT,UNSAFE LANE MOVEMENT,SAME DIRECTION SIDESWIPE,E3RDSTSPARKRIDGEDR,NONE
BROWN SD,BLOOMINGTON,5/26/2019,5:24 PM,2,0,0,0,0,,,,E KENT,TC STEELE RD,,,,39.14375,-86.36965,COUNTY ROAD,N,URBAN,N,N,N,,DAYLIGHT,CLEAR,DRY,,NO JUNCTION INVOLVED,STRAIGHT/HILLCREST,ASPHALT,OTHER (VEHICLE) - EXPLAIN IN NARRATIVE,OPPOSITE DIRECTION SIDESWIPE,KENTRDRDTCSTEELERDRD,NONE
ISP BLOOMINGTON 33,BLOOMINGTON,5/26/2019,4:30 AM,1,0,0,0,1,,,,I-69 N,,,300,S,0,0,INTERSTATE,N,RURAL,N,N,N,,DARK (NOT LIGHTED),CLEAR,DRY,,NO JUNCTION INVOLVED,CURVE/LEVEL,CONCRETE,ANIMAL/OBJECT IN ROADWAY,COLLISION WITH DEER,I69114,LANE CONTROL
BLOOMINGTON PD,BLOOMINGTON,5/26/2019,9:50 PM,2,0,0,0,0,,,,S WALNUT,E 1ST ST,,,,39.17784,-86.533408,LOCAL/CITY ROAD,Y,URBAN,N,N,N,,DARK (LIGHTED),CLEAR,DRY,,FOUR-WAY INTERSECTION,STRAIGHT/LEVEL,ASPHALT,FOLLOWING TOO CLOSELY,REAR END,E1STSTSWALNUTST,TRAFFIC CONTROL SIGNAL
MONROE SD,BLOOMINGTON,5/26/2019,8:12 PM,1,0,0,0,0,,,,SR 446,S OAK RIDGE DR,,150,N,39.13305222,-86.45175425,STATE ROAD,N,RURAL,N,N,N,,DAWN/DUSK,CLOUDY,WET,,NO JUNCTION INVOLVED,CURVE/GRADE,ASPHALT,SPEED TOO FAST FOR WEATHER CONDITIONS,RAN OFF ROAD,OAKRIDGELNSR446S,NONE
BLOOMINGTON PD,BLOOMINGTON,5/26/2019,11:15 AM,2,0,0,0,0,,,,W 7TH,N ELM ST,,50,W,39.168704,-86.5452,LOCAL/CITY ROAD,N,URBAN,N,N,N,,DAYLIGHT,CLEAR,DRY,,NO JUNCTION INVOLVED,STRAIGHT/LEVEL,ASPHALT,DRIVER DISTRACTED - EXPLAIN IN NARRATIVE,RIGHT ANGLE,NELMSTW7THST,NONE
MONROE SD,BLOOMINGTON,5/26/2019,2:17 PM,1,0,0,0,0,,,,W GARDNER,,,3250,E,,,COUNTY ROAD,N,RURAL,N,N,N,,DAYLIGHT,RAIN,WET,,NO JUNCTION INVOLVED,CURVE/GRADE,ASPHALT,SPEED TOO FAST FOR WEATHER CONDITIONS,RAN OFF ROAD,GARDNERRDGREENEOUNTYLINERD,NONE
MONROE SD,BLOOMINGTON,5/26/2019,1:29 PM,2,0,0,0,0,8771,,,W OLD SR 37,,,3000,N,0,0,LOCAL/CITY ROAD,N,RURAL,N,N,N,,DAYLIGHT,CLEAR,DRY,,NO JUNCTION INVOLVED,STRAIGHT/LEVEL,ASPHALT,UNSAFE BACKING,BACKING CRASH,8771NOLDSTATEROAD37RDNCOURTLANDRD,NONE
MONROE SD,ELLETTSVILLE,5/27/2019,11:14 AM,2,0,0,0,0,,,,SR 46,N UNION VALLEY RD,,300,E,39.21458895,-86.59202676,STATE ROAD,Y,RURAL,N,N,N,,DAYLIGHT,CLEAR,DRY,,FOUR-WAY INTERSECTION,STRAIGHT/LEVEL,ASPHALT,UNSAFE LANE MOVEMENT,SAME DIRECTION SIDESWIPE,NUNIONVALLEYRDSR46W,NONE
BLOOMINGTON PD,BLOOMINGTON,5/27/2019,2:51 PM,2,0,1,0,0,,,,N WALNUT,E 10TH ST,,,,39.171744,-86.53352,LOCAL/CITY ROAD,N,URBAN,N,N,N,,DAYLIGHT,CLEAR,DRY,,FOUR-WAY INTERSECTION,STRAIGHT/LEVEL,ASPHALT,FAILURE TO YIELD RIGHT OF WAY,OTHER - EXPLAIN IN NARRATIVE,E10THSTNWALNUTST,TRAFFIC CONTROL SIGNAL
MONROE SD,STINESVILLE,5/27/2019,3:17 PM,1,0,0,1,0,,,,N STINESVILLE,,,2200,N,39.27245437,-86.66323867,COUNTY ROAD,N,RURAL,N,N,N,,DAYLIGHT,CLEAR,DRY,,NO JUNCTION INVOLVED,CURVE/GRADE,ASPHALT,RAN OFF ROAD RIGHT,RAN OFF ROAD,STINESVILLERDWESTSTATEROAD46RD,NONE
MONROE SD,BLOOMINGTON,5/27/2019,7:48 AM,1,0,0,0,1,,,,SR 446,E PINE GROVE RD,,2600,N,0,0,STATE ROAD,N,RURAL,N,N,N,,DAYLIGHT,CLEAR,DRY,,NO JUNCTION INVOLVED,STRAIGHT/LEVEL,ASPHALT,ANIMAL/OBJECT IN ROADWAY,COLLISION WITH DEER,EPINEGRIOVERDSR446S,NONE
MONROE SD,BLOOMINGTON,5/27/2019,9:19 PM,1,0,0,0,1,,,,SR 45,W ELWREN RD,,,,39.107648,-86.643696,STATE ROAD,N,RURAL,N,N,N,,DARK (NOT LIGHTED),CLEAR,DRY,,FOUR-WAY INTERSECTION,STRAIGHT/LEVEL,ASPHALT,ANIMAL/OBJECT IN ROADWAY,COLLISION WITH DEER,SR45WWELWRENRD,STOP SIGN
ELLETTSVILLE PD,ELLETTSVILLE,5/27/2019,3:30 PM,2,0,0,0,0,,,,SR 46,,,800,W,0,0,STATE ROAD,N,RURAL,N,N,N,,DAYLIGHT,CLEAR,DRY,,NO JUNCTION INVOLVED,CURVE/GRADE,ASPHALT,DRIVER DISTRACTED - EXPLAIN IN NARRATIVE,REAR END,SR8120ESTATEROAD46RD,NONE
MONROE SD,BLOOMINGTON,5/28/2019,12:17 PM,1,0,2,0,0,,,,I-69 S,,,3000,N,0,0,INTERSTATE,N,RURAL,N,N,N,,DAYLIGHT,CLEAR,DRY,,NO JUNCTION INVOLVED,STRAIGHT/GRADE,ASPHALT,DRIVER ASLEEP OR FATIGUED,RAN OFF ROAD,I69SWBURMARD,LANE CONTROL
ELLETTSVILLE PD,ELLETTSVILLE,5/28/2019,6:15 PM,1,0,0,0,0,,,,N KELLI,TAMERA LN,,,,39.232992,-86.619264,LOCAL/CITY ROAD,N,RURAL,N,N,N,,DAYLIGHT,CLEAR,DRY,,NO JUNCTION INVOLVED,CURVE/HILLCREST,ASPHALT,DRIVER DISTRACTED - EXPLAIN IN NARRATIVE,OTHER - EXPLAIN IN NARRATIVE,KELLIDRTAMERADR,NONE
BLOOMINGTON PD,BLOOMINGTON,5/28/2019,4:44 PM,2,0,0,0,0,,,,N WALNUT,E KIRKWOOD AVE,,,,39.16664,-86.5336,LOCAL/CITY ROAD,Y,URBAN,N,N,N,,DAYLIGHT,CLEAR,DRY,,FOUR-WAY INTERSECTION,STRAIGHT/LEVEL,ASPHALT,RAN OFF ROAD RIGHT,SAME DIRECTION SIDESWIPE,EKIRKWOODAVENWALNUTST,TRAFFIC CONTROL SIGNAL
BLOOMINGTON PD,BLOOMINGTON,5/28/2019,5:15 PM,2,0,1,0,0,,,,S KIRBY,SR 48,,,,39.16464,-86.528992,LOCAL/CITY ROAD,N,URBAN,N,N,N,,DAYLIGHT,CLOUDY,DRY,,FOUR-WAY INTERSECTION,STRAIGHT/GRADE,ASPHALT,FAILURE TO YIELD RIGHT OF WAY,RIGHT ANGLE,E3RDSTSKIRBYALY,STOP SIGN
MONROE SD,BLOOMINGTON,5/28/2019,11:55 PM,1,0,0,0,1,,,,SR 446,S CHAPEL HILL RD,,1500,N,39.02726119,-86.40690304,STATE ROAD,N,RURAL,N,Y,N,,DARK (NOT LIGHTED),CLEAR,DRY,,NO JUNCTION INVOLVED,CURVE/LEVEL,ASPHALT,ANIMAL/OBJECT IN ROADWAY,RAN OFF ROAD,SCHAPELHILLRDSR446S,NONE
BLOOMINGTON PD,BLOOMINGTON,5/28/2019,5:15 PM,3,0,1,0,0,,,,W 3RD,S WESTPLEX AVE,,,,0,0,LOCAL/CITY ROAD,N,URBAN,N,N,N,,DAYLIGHT,CLEAR,DRY,,FOUR-WAY INTERSECTION,STRAIGHT/LEVEL,ASPHALT,FOLLOWING TOO CLOSELY,REAR END,SOUTHWESTPLEXAVEWEST3RDST,NONE
MONROE SD,BLOOMINGTON,5/28/2019,8:55 AM,2,0,0,0,0,,,,W AIRPORT,S GARRISON CHAPEL RD,,2000,E,39.13703,-86.64308328,LOCAL/CITY ROAD,N,RURAL,N,N,Y,INTERMITTENT OR MOVING WORK,DAYLIGHT,CLEAR,DRY,,NO JUNCTION INVOLVED,STRAIGHT/LEVEL,ASPHALT,UNSAFE BACKING,RIGHT ANGLE,SGARRISONCHAPELRDWAIRPORTRD,NONE
ISP BLOOMINGTON 33,BLOOMINGTON,5/29/2019,11:50 AM,2,0,0,0,0,,,,S WALNUT,E HILLSIDE DR,,,,0,0,LOCAL/CITY ROAD,N,URBAN,N,N,N,,DAYLIGHT,RAIN,WET,,T-INTERSECTION,CURVE/LEVEL,ASPHALT,UNSAFE SPEED,REAR END,HILLSIDEAVEWALNUTST,TRAFFIC CONTROL SIGNAL