Agency,City,Collision Date,Collision Time,Vehicles Involved,Trailers Involved,Number Injured,Number Dead,Number Deer,House Number,Roadway Interchange,Roadway Ramp,Roadway Id,Intersecting Road,Interchange,Feet From,Direction,Latitude,Longitude,Roadway Class,Hit and Run?,Locality,School Zone?,Rumble Strips?,Construction?,Construction Type,Light Condition,Weather Conditions,Surface Condition,Type of Median,Roadway Junction Type,Road Character,Roadway Surface,Primary Factor,Manner of Collision,Unique Location Id,Traffic Control
MONROE SD,BLOOMINGTON,5/29/2019,9:43 AM,2,0,1,0,0,,,,S HANDY,S AIRLINE RD,,800,N,39.17787181,-86.48688,COUNTY ROAD,N,RURAL,N,N,N,,DAYLIGHT,RAIN,WET,,NO JUNCTION INVOLVED,CURVE/GRADE,ASPHALT,LEFT OF CENTER,HEAD ON BETWEEN TWO MOTOR VEHICLES,SOUTHAIRLINERDSOUTHHANDYRD,NONE
BLOOMINGTON PD,BLOOMINGTON,5/29/2019,12:28 PM,2,0,0,0,0,,,,SR 48,RUNKLE LN,,150,W,0,0,LOCAL/CITY ROAD,N,URBAN,N,N,N,,DAYLIGHT,RAIN,WET,,NO JUNCTION INVOLVED,STRAIGHT/LEVEL,ASPHALT,FAILURE TO YIELD RIGHT OF WAY,RIGHT ANGLE,SLIBERTYDRW3RDST,LANE CONTROL
MONROE SD,BLOOMINGTON,5/29/2019,8:05 AM,3,0,0,0,0,,,,SR 48,S CAVE RD,,,,39.15524,-86.62896996,COUNTY ROAD,N,RURAL,N,N,N,,DAWN/DUSK,RAIN,WET,,NO JUNCTION INVOLVED,CURVE/HILLCREST,ASPHALT,FAILURE TO YIELD RIGHT OF WAY,REAR END,48HWYCAVERD,NONE
BLOOMINGTON PD,BLOOMINGTON,5/30/2019,4:34 PM,2,0,0,0,0,,,,W BLOOMFIELD,I-69,Y,,,39.15081,-86.567955,LOCAL/CITY ROAD,N,URBAN,N,N,N,,DAYLIGHT,CLEAR,DRY,,NO JUNCTION INVOLVED,CURVE/GRADE,ASPHALT,FOLLOWING TOO CLOSELY,REAR END,I6937OPASWBLOOMFIELDRD,YIELD SIGN
BLOOMINGTON PD,BLOOMINGTON,5/30/2019,12:50 PM,2,0,0,0,0,,,,W BLOOMFIELD,I-69,Y,,,0,0,LOCAL/CITY ROAD,N,URBAN,N,N,N,,DAYLIGHT,CLOUDY,DRY,,FOUR-WAY INTERSECTION,CURVE/GRADE,ASPHALT,FOLLOWING TOO CLOSELY,REAR END,BLOOMFIELDRDI69S,YIELD SIGN
INDIANA UNIV BLOOMINGTON PD,BLOOMINGTON,5/30/2019,8:27 AM,2,0,1,0,0,,,,SR 45,E 10TH ST,,700,E,0,0,STATE ROAD,N,URBAN,N,N,N,,DAYLIGHT,CLOUDY,DRY,,NO JUNCTION INVOLVED,STRAIGHT/GRADE,ASPHALT,FOLLOWING TOO CLOSELY,REAR END,10THSTSR45,NONE
MONROE SD,BLOOMINGTON,5/30/2019,5:27 PM,2,0,0,0,0,,,,W COUNTRY CLUB,S WALNUT ST,,3000,W,39.13597,-86.5308504,LOCAL/CITY ROAD,N,URBAN,N,N,N,,DAYLIGHT,CLEAR,DRY,,NO JUNCTION INVOLVED,STRAIGHT/LEVEL,ASPHALT,FOLLOWING TOO CLOSELY,REAR END,SWALNUTSTWCOUNTRYCLUBRD,NONE
BLOOMINGTON PD,BLOOMINGTON,5/30/2019,4:29 PM,2,0,1,0,0,,,,N MADISON,W 17TH ST,,,,39.178992,-86.537792,LOCAL/CITY ROAD,N,URBAN,N,N,N,,DAYLIGHT,CLEAR,DRY,,FOUR-WAY INTERSECTION,STRAIGHT/GRADE,CONCRETE,FOLLOWING TOO CLOSELY,REAR END,NMADISONSTW17THST,TRAFFIC CONTROL SIGNAL
BLOOMINGTON PD,BLOOMINGTON,5/30/2019,10:00 AM,2,0,0,0,0,,,,N COLLEGE,W 11TH ST,,500,N,39.22615391,-86.53476,LOCAL/CITY ROAD,Y,URBAN,N,N,N,,DAYLIGHT,RAIN,WET,,NO JUNCTION INVOLVED,STRAIGHT/GRADE,ASPHALT,UNSAFE LANE MOVEMENT,REAR END,11THSTCOLLEGEAVE,NONE
BLOOMINGTON PD,BLOOMINGTON,5/30/2019,2:18 PM,2,0,0,0,0,,,,E 14TH,N INDIANA AVE,,100,W,39.176192,-86.52712,LOCAL/CITY ROAD,Y,URBAN,N,N,N,,DAYLIGHT,CLEAR,DRY,,NO JUNCTION INVOLVED,STRAIGHT/GRADE,ASPHALT,UNSAFE BACKING,BACKING CRASH,E14THSTNINDIANAAVE,NONE
BLOOMINGTON PD,BLOOMINGTON,5/30/2019,1:30 PM,1,0,0,0,0,,117,N,I-69 N,,,,,0,0,INTERSTATE,N,URBAN,N,N,N,,DAYLIGHT,CLEAR,DRY,,RAMP,CURVE/GRADE,ASPHALT,DRIVER ASLEEP OR FATIGUED,RAN OFF ROAD,I69N,NONE
MONROE SD,BLOOMINGTON,5/30/2019,8:54 PM,1,0,0,0,1,,,,I-69 S,,,200,S,41.15424437,-85.11144414,INTERSTATE,N,RURAL,N,N,N,,DAWN/DUSK,CLEAR,DRY,,NO JUNCTION INVOLVED,CURVE/LEVEL,ASPHALT,ANIMAL/OBJECT IN ROADWAY,COLLISION WITH DEER,I69S114,NONE
BLOOMINGTON PD,BLOOMINGTON,5/30/2019,9:00 AM,2,0,0,0,0,,,,N PETE ELLIS,E BRAESIDE DR,,,,39.168192,-86.49504,UNKNOWN,N,URBAN,N,N,N,,DAYLIGHT,CLOUDY,DRY,,T-INTERSECTION,STRAIGHT/LEVEL,ASPHALT,LEFT OF CENTER,HEAD ON BETWEEN TWO MOTOR VEHICLES,BRAESIDEDRPETEELLISDR,STOP SIGN
BLOOMINGTON PD,BLOOMINGTON,5/30/2019,3:10 AM,1,0,0,0,0,,,,S SARE,E ROGERS RD,,,,39.13584,-86.496288,LOCAL/CITY ROAD,N,URBAN,N,N,N,,DARK (LIGHTED),CLOUDY,WET,,FOUR-WAY INTERSECTION,CURVE/LEVEL,ASPHALT,DRIVER ASLEEP OR FATIGUED,RAN OFF ROAD,EROGERSRDSSARERD,ROUNDABOUT INTERSECTION
MONROE SD,BLOOMINGTON,5/30/2019,8:43 PM,1,0,1,0,0,,,,W GORDON,,,699,E,39.12152265,-86.53662889,COUNTY ROAD,N,RURAL,N,N,N,,DAYLIGHT,CLEAR,DRY,,NO JUNCTION INVOLVED,STRAIGHT/GRADE,ASPHALT,UNSAFE SPEED,OTHER - EXPLAIN IN NARRATIVE,GORDONPIKESROGERSST,NONE
BLOOMINGTON PD,BLOOMINGTON,5/31/2019,5:36 PM,2,0,2,0,0,,,,SR 46,KINGTSON DR S,,,,39.16421,-86.49304,LOCAL/CITY ROAD,N,URBAN,N,N,N,,DAYLIGHT,CLEAR,DRY,,FOUR-WAY INTERSECTION,STRAIGHT/LEVEL,ASPHALT,FOLLOWING TOO CLOSELY,REAR END,E3RDSTSKINGTSONDR,TRAFFIC CONTROL SIGNAL
BLOOMINGTON PD,BLOOMINGTON,5/31/2019,7:53 AM,1,0,0,0,0,,,,SR 46,SR 446,,,,39.16664,-86.462496,STATE ROAD,N,URBAN,N,N,N,,DAYLIGHT,CLEAR,DRY,,FOUR-WAY INTERSECTION,CURVE/LEVEL,ASPHALT,RAN OFF ROAD RIGHT,RAN OFF ROAD,SR446ESR46E,LANE CONTROL
ISP BLOOMINGTON 33,BLOOMINGTON,5/31/2019,1:15 PM,1,0,1,0,0,,,,I-69 N,,,304,S,41.09595805,-85.21359784,INTERSTATE,N,RURAL,N,N,N,,DAYLIGHT,CLEAR,DRY,,NO JUNCTION INVOLVED,STRAIGHT/GRADE,CONCRETE,RAN OFF ROAD RIGHT,RAN OFF ROAD,I69N107.0,LANE CONTROL
BLOOMINGTON PD,BLOOMINGTON,5/31/2019,2:05 AM,1,0,0,0,1,,,,I-69 S,,,500,N,41.24559967,-85.09191471,INTERSTATE,N,RURAL,N,N,N,,DARK (NOT LIGHTED),CLEAR,DRY,,NO JUNCTION INVOLVED,STRAIGHT/LEVEL,ASPHALT,ANIMAL/OBJECT IN ROADWAY,COLLISION WITH DEER,I69S120.5,NONE
INDIANA UNIV BLOOMINGTON PD,BLOOMINGTON,5/31/2019,2:45 PM,2,0,0,0,0,,,,S JORDAN,UNIVERSITY AVE,,,,39.1670686,-86.51599035,LOCAL/CITY ROAD,N,URBAN,N,N,N,,DAYLIGHT,CLEAR,DRY,,FOUR-WAY INTERSECTION,CURVE/HILLCREST,ASPHALT,WRONG WAY ON ONE WAY,LEFT TURN,JORDANAVEUNIVERSITYAVE,NONE
MONROE SD,BLOOMINGTON,6/1/2019,5:44 PM,1,0,0,0,0,8310,,,N LOW GAP,,,,,39.284624,-86.409104,LOCAL/CITY ROAD,N,RURAL,N,N,N,,DAYLIGHT,CLEAR,DRY,,NO JUNCTION INVOLVED,CURVE/LEVEL,ASPHALT,UNSAFE SPEED,RAN OFF ROAD,NLOWGAPRD,NONE
BLOOMINGTON PD,BLOOMINGTON,6/1/2019,12:00 AM,3,0,0,0,0,,,,N WASHINGTON,E 6TH ST,,,,39.167664,-86.5324,LOCAL/CITY ROAD,Y,URBAN,N,N,N,,DARK (LIGHTED),CLEAR,DRY,,FOUR-WAY INTERSECTION,STRAIGHT/LEVEL,ASPHALT,UNSAFE LANE MOVEMENT,SAME DIRECTION SIDESWIPE,E6THSTNWASHINGTONST,NONE
ISP BLOOMINGTON 33,BLOOMINGTON,6/1/2019,11:19 PM,1,0,0,0,0,,,,W TAPP,S ADAMS ST,,,,39.136565,-86.55422,LOCAL/CITY ROAD,N,URBAN,N,N,N,,DARK (LIGHTED),CLEAR,DRY,,TRAFFIC CIRCLE/ROUNDABOUT,CURVE/LEVEL,CONCRETE,OVERCORRECTING/OVERSTEERING,OTHER - EXPLAIN IN NARRATIVE,ADAMSSTTAPPRD,LANE CONTROL
MONROE SD,BLOOMINGTON,6/2/2019,3:16 AM,1,0,0,0,0,,,,N WAYPORT,E WINERY RD,,500,N,39.31342319,-86.52276286,LOCAL/CITY ROAD,N,RURAL,N,N,N,,DARK (NOT LIGHTED),CLEAR,WET,,NO JUNCTION INVOLVED,STRAIGHT/GRADE,ASPHALT,OTHER (ENVIRONMENTAL) - EXPLAIN IN NARR,OTHER - EXPLAIN IN NARRATIVE,NORTHWAYPORTRDNORTHWINERYRD,NONE
BLOOMINGTON PD,BLOOMINGTON,6/2/2019,4:41 AM,2,0,0,0,0,,,,S BASSWOOD,S MULLER PKWY,,500,W,39.15859,-86.56786671,LOCAL/CITY ROAD,N,RURAL,N,N,N,,DARK (NOT LIGHTED),CLEAR,DRY,,NO JUNCTION INVOLVED,STRAIGHT/GRADE,ASPHALT,UNSAFE SPEED,REAR END,BASSWOODDRMULLERPKWY,NONE
BLOOMINGTON PD,BLOOMINGTON,6/2/2019,12:25 PM,2,0,0,0,0,1331,,,W 13TH,,,,,39.175152,-86.54956263,UNKNOWN,Y,,N,N,N,,DARK (LIGHTED),CLEAR,DRY,,NO JUNCTION INVOLVED,STRAIGHT/GRADE,CONCRETE,UNSAFE BACKING,BACKING CRASH,13THST,NONE
BLOOMINGTON PD,BLOOMINGTON,6/2/2019,4:37 PM,2,0,0,0,0,,,,W OLD SR 37,N DUNN ST,,,,39.208048,-86.528704,LOCAL/CITY ROAD,N,RURAL,N,N,N,,DAYLIGHT,CLEAR,DRY,,T-INTERSECTION,CURVE/GRADE,ASPHALT,FAILURE TO YIELD RIGHT OF WAY,RIGHT ANGLE,NDUNNSTNOLDSTATEROAD37HWY,STOP SIGN
BLOOMINGTON PD,BLOOMINGTON,6/3/2019,5:25 PM,2,0,0,0,0,,,,SR 45/46,N COLLEGE AVE,,,,0,0,LOCAL/CITY ROAD,N,URBAN,N,N,N,,DAYLIGHT,CLEAR,DRY,,FOUR-WAY INTERSECTION,STRAIGHT/LEVEL,ASPHALT,FAILURE TO YIELD RIGHT OF WAY,RIGHT ANGLE,NCOLLEGEAVESR45E,TRAFFIC CONTROL SIGNAL
BLOOMINGTON PD,BLOOMINGTON,6/3/2019,6:45 PM,2,0,0,0,0,,,,W 11TH,N COLLEGE AVE,,,,39.173232,-86.534752,LOCAL/CITY ROAD,N,URBAN,N,N,N,,DAYLIGHT,CLEAR,DRY,,FOUR-WAY INTERSECTION,STRAIGHT/LEVEL,ASPHALT,IMPROPER PASSING,OTHER - EXPLAIN IN NARRATIVE,SCOLLEGEAVEW11THST,TRAFFIC CONTROL SIGNAL
MONROE SD,BLOOMINGTON,6/3/2019,3:59 AM,1,0,0,0,0,,,,I-69 N,,,2500,S,41.23833117,-85.09281739,INTERSTATE,N,RURAL,N,Y,N,,DARK (LIGHTED),CLEAR,DRY,,NO JUNCTION INVOLVED,CURVE/LEVEL,ASPHALT,RAN OFF ROAD RIGHT,RAN OFF ROAD,I69N120,NONE
BLOOMINGTON PD,BLOOMINGTON,6/3/2019,4:55 PM,2,0,1,0,0,,,,N COLLEGE,W 12TH ST,,100,N,0,0,LOCAL/CITY ROAD,N,URBAN,N,N,N,,DAYLIGHT,CLEAR,DRY,,NO JUNCTION INVOLVED,STRAIGHT/GRADE,ASPHALT,UNSAFE LANE MOVEMENT,LEFT TURN,NCOLLEGEAVEW12THST,NONE
BLOOMINGTON PD,BLOOMINGTON,6/3/2019,5:10 PM,2,0,1,0,0,,,,W COUNTRY CLUB,ENTRANCE TO PRIVATE DRIVE,,,,39.13597,-86.53111,LOCAL/CITY ROAD,N,URBAN,N,Y,N,,DAYLIGHT,CLEAR,DRY,,FOUR-WAY INTERSECTION,STRAIGHT/LEVEL,ASPHALT,FAILURE TO YIELD RIGHT OF WAY,LEFT TURN,SWALNUTSTWCOUNTRYCLUBDR,NONE
BLOOMINGTON PD,BLOOMINGTON,6/3/2019,12:30 PM,4,0,3,0,0,,,,W TAPP,S PINEHURST DR,,100,E,39.13638,-86.54994865,LOCAL/CITY ROAD,N,URBAN,N,N,N,,DAYLIGHT,CLEAR,DRY,,T-INTERSECTION,STRAIGHT/HILLCREST,ASPHALT,BRAKE FAILURE OR DEFECTIVE,REAR END,PINEHURSTDRTAPPRD,NONE
BLOOMINGTON PD,BLOOMINGTON,6/4/2019,4:36 PM,2,0,0,0,0,,,,S LIBERTY,SR 45,,100,S,39.13886966,-86.56938417,LOCAL/CITY ROAD,N,URBAN,N,N,N,,DAYLIGHT,CLEAR,DRY,,NO JUNCTION INVOLVED,CURVE/LEVEL,ASPHALT,FAILURE TO YIELD RIGHT OF WAY,RIGHT ANGLE,BLOOMFIELDRDLIBERTYDR,NONE
BLOOMINGTON PD,BLOOMINGTON,6/4/2019,4:15 PM,2,0,0,0,0,,,,SR 45/46,N WALNUT ST,,150,E,39.18636487,-86.53387063,STATE ROAD,Y,URBAN,N,N,N,,DAYLIGHT,CLEAR,DRY,,NO JUNCTION INVOLVED,STRAIGHT/GRADE,ASPHALT,FOLLOWING TOO CLOSELY,REAR END,NWALNUTSTSR46W,LANE CONTROL
MONROE SD,BLOOMINGTON,6/4/2019,6:54 AM,2,0,0,0,0,,,,SR 46,N SMITH PIKE,,,,39.16424,-86.480688,STATE ROAD,N,URBAN,N,N,N,,DAYLIGHT,CLEAR,DRY,,FOUR-WAY INTERSECTION,STRAIGHT/GRADE,ASPHALT,CELL PHONE USAGE,REAR END,NSMITHPIKESR46W,TRAFFIC CONTROL SIGNAL
BLOOMINGTON PD,BLOOMINGTON,6/4/2019,3:20 PM,2,0,1,0,0,,,,E MOORES,S FENBROOK LN,,,,39.15022,-86.48726,LOCAL/CITY ROAD,N,URBAN,N,N,N,,DAYLIGHT,CLEAR,DRY,,T-INTERSECTION,STRAIGHT/LEVEL,ASPHALT,FOLLOWING TOO CLOSELY,REAR END,EMOORESPIKESFENBROOKLN,NONE
BLOOMINGTON PD,BLOOMINGTON,6/4/2019,3:21 PM,2,0,0,0,0,,,,N WALNUT,E BLUE RIDGE DR,,500,N,39.196848,-86.5344,LOCAL/CITY ROAD,Y,URBAN,N,N,N,,DAYLIGHT,CLEAR,DRY,,NO JUNCTION INVOLVED,STRAIGHT/LEVEL,ASPHALT,RAN OFF ROAD RIGHT,SAME DIRECTION SIDESWIPE,EBLUERIDGEDRNWALNUTST,NONE
BLOOMINGTON PD,BLOOMINGTON,6/4/2019,2:45 PM,2,1,0,0,0,,,,SR 48,S HICKORY DR,,,,39.16468,-86.58588,LOCAL/CITY ROAD,N,URBAN,N,N,N,,DAYLIGHT,CLEAR,DRY,,T-INTERSECTION,STRAIGHT/LEVEL,ASPHALT,LEFT OF CENTER,LEFT TURN,SHICKORYDRW3RDST,STOP SIGN
BLOOMINGTON PD,BLOOMINGTON,6/4/2019,3:20 PM,1,0,0,0,0,,,,W KIRKWOOD,N FAIRVIEW ST,,30,E,39.166704,-86.5408,LOCAL/CITY ROAD,Y,URBAN,N,N,N,,DAYLIGHT,CLEAR,DRY,,NO JUNCTION INVOLVED,STRAIGHT/LEVEL,ASPHALT,IMPROPER LANE USAGE,SAME DIRECTION SIDESWIPE,NFAIRVIEWSTWKIRKWOODAVE,NONE
BLOOMINGTON PD,BLOOMINGTON,6/5/2019,8:50 AM,2,0,1,0,0,,,,W GRIMES,S WALNUT ST,,100,E,39.15344,-86.53324724,LOCAL/CITY ROAD,N,URBAN,N,N,N,,DAYLIGHT,CLOUDY,WET,,NO JUNCTION INVOLVED,STRAIGHT/LEVEL,ASPHALT,FAILURE TO YIELD RIGHT OF WAY,RIGHT ANGLE,GRIMESLNWALNUTST,NONE
MONROE SD,BLOOMINGTON,6/5/2019,5:51 PM,3,0,0,0,0,,,,SR 46,I-69 S,,,,0,0,STATE ROAD,N,URBAN,N,Y,Y,X-OVER/LANE SHIFT,DAYLIGHT,CLOUDY,DRY,,RAMP,STRAIGHT/LEVEL,ASPHALT,FOLLOWING TOO CLOSELY,REAR END,SBI69RAMPSR46W,LANE CONTROL
MONROE SD,BLOOMINGTON,6/5/2019,7:58 AM,2,0,0,0,0,,,,S CORY,W 3RD ST,,500,S,39.11160795,-86.56015,LOCAL/CITY ROAD,N,RURAL,N,N,N,,DAYLIGHT,RAIN,WET,NONE,NO JUNCTION INVOLVED,STRAIGHT/LEVEL,ASPHALT,OTHER (ENVIRONMENTAL) - EXPLAIN IN NARR,OPPOSITE DIRECTION SIDESWIPE,SCORYLNWTHIRDST,NONE
BLOOMINGTON PD,BLOOMINGTON,6/5/2019,12:53 PM,2,0,0,0,0,,,,E 2ND,S HENDERSON ST,,,,39.16136,-86.52722,LOCAL/CITY ROAD,Y,URBAN,N,N,Y,WORK ON SHOULDER,DAYLIGHT,CLEAR,DRY,,FOUR-WAY INTERSECTION,STRAIGHT/LEVEL,ASPHALT,IMPROPER LANE USAGE,SAME DIRECTION SIDESWIPE,EAST2NDSTSOUTHHENDERSONST,STOP SIGN
BLOOMINGTON PD,BLOOMINGTON,6/5/2019,4:23 PM,3,0,0,0,0,,,,S ROGERS,W ALLEN ST,,,,39.15559,-86.53874,LOCAL/CITY ROAD,N,URBAN,N,N,N,,DAYLIGHT,CLEAR,DRY,,FOUR-WAY INTERSECTION,STRAIGHT/LEVEL,ASPHALT,FOLLOWING TOO CLOSELY,REAR END,SROGERSSTWALLENST,NONE
BLOOMINGTON PD,BLOOMINGTON,6/5/2019,9:56 AM,2,0,0,0,0,,,,W 10TH,N MORTON ST,,50,W,39.171744,-86.536,LOCAL/CITY ROAD,N,URBAN,N,Y,Y,WORK ON SHOULDER,DAYLIGHT,CLOUDY,WET,,T-INTERSECTION,CURVE/LEVEL,ASPHALT,DRIVER DISTRACTED - EXPLAIN IN NARRATIVE,RIGHT ANGLE,NMORTONSTW10THST,NONE
BLOOMINGTON PD,BLOOMINGTON,6/5/2019,6:53 AM,2,1,0,0,0,,,,W 3RD,,,,,0,0,LOCAL/CITY ROAD,Y,URBAN,N,N,N,,DAYLIGHT,CLEAR,DRY,,NO JUNCTION INVOLVED,STRAIGHT/LEVEL,ASPHALT,IMPROPER TURNING,SAME DIRECTION SIDESWIPE,I69WEST3RDST,TRAFFIC CONTROL SIGNAL
MONROE SD,BLOOMINGTON,6/5/2019,5:19 PM,2,0,0,0,0,,,,W ARLINGTON,,,200,E,39.18493882,-86.55040113,LOCAL/CITY ROAD,N,URBAN,N,N,N,,DAYLIGHT,CLOUDY,DRY,,NO JUNCTION INVOLVED,STRAIGHT/LEVEL,ASPHALT,ANIMAL/OBJECT IN ROADWAY,COLLISION WITH OBJECT IN ROAD,I69OPASWARLINGTONRD,NONE
BLOOMINGTON PD,BLOOMINGTON,6/5/2019,9:50 AM,1,0,2,0,0,,,,W COUNTRY CLUB,S ROCKPORT RD,,500,E,39.13638633,-86.54694242,LOCAL/CITY ROAD,N,URBAN,N,N,N,,DAYLIGHT,CLOUDY,WET,,NO JUNCTION INVOLVED,STRAIGHT/GRADE,ASPHALT,OVERCORRECTING/OVERSTEERING,RAN OFF ROAD,COUNTRYCLUBDRROCKPORTRD,LANE CONTROL
BLOOMINGTON PD,BLOOMINGTON,6/6/2019,5:50 PM,2,0,0,0,0,,,,SR 45/46,N WALNUT ST,,50,E,39.18636696,-86.53422354,LOCAL/CITY ROAD,N,URBAN,N,N,N,,DAYLIGHT,CLEAR,DRY,,T-INTERSECTION,STRAIGHT/LEVEL,ASPHALT,FAILURE TO YIELD RIGHT OF WAY,RIGHT ANGLE,ESTATEROAD46HWYNWALNUTST,NONE
MONROE SD,BLOOMINGTON,6/6/2019,5:52 PM,2,0,0,0,0,,,,E RHORER,S WALNUT ST PIKE,,,,39.12144,-86.526496,COUNTY ROAD,N,RURAL,N,N,N,,DAYLIGHT,CLEAR,DRY,,FOUR-WAY INTERSECTION,STRAIGHT/LEVEL,ASPHALT,FOLLOWING TOO CLOSELY,REAR END,ERHORERRDSWALNUTSTREETPIKE,STOP SIGN
MONROE SD,BLOOMINGTON,6/6/2019,12:07 PM,2,0,0,0,0,,,,N CURRY,W JONATHON DR,,,,0,0,LOCAL/CITY ROAD,N,RURAL,N,N,N,,DAYLIGHT,CLEAR,DRY,,NO JUNCTION INVOLVED,STRAIGHT/LEVEL,ASPHALT,FAILURE TO YIELD RIGHT OF WAY,RIGHT ANGLE,SCURRYPIKEWJOHNATHONDR,TRAFFIC CONTROL SIGNAL
MONROE SD,BLOOMINGTON,6/6/2019,12:10 PM,3,0,2,0,0,,,,N SMITH,W WOODYARD RD,,,,0,0,LOCAL/CITY ROAD,N,RURAL,N,N,N,,DAYLIGHT,CLEAR,DRY,,NO JUNCTION INVOLVED,STRAIGHT/GRADE,ASPHALT,FOLLOWING TOO CLOSELY,REAR END,SMITHPIKEWOODYARDRD,STOP SIGN
BLOOMINGTON PD,BLOOMINGTON,6/6/2019,7:04 AM,2,0,0,0,0,,,,SR 45/46,N MONROE ST,,300,W,39.18699904,-86.54785641,STATE ROAD,N,URBAN,N,Y,Y,LANE CLOSURE,DAYLIGHT,CLEAR,DRY,,FOUR-WAY INTERSECTION,STRAIGHT/GRADE,ASPHALT,IMPROPER LANE USAGE,SAME DIRECTION SIDESWIPE,MONROESTSR46E,LANE CONTROL
MONROE SD,BLOOMINGTON,6/6/2019,6:23 PM,2,0,0,0,0,,,,N BOTTOM,W LAWSON RD,,,,39.26248,-86.546096,LOCAL/CITY ROAD,N,RURAL,N,N,N,,DAYLIGHT,CLEAR,DRY,,T-INTERSECTION,STRAIGHT/LEVEL,ASPHALT,FAILURE TO YIELD RIGHT OF WAY,LEFT TURN,NBOTTOMRDWLAWSONRD,STOP SIGN
MONROE SD,BLOOMINGTON,6/6/2019,4:49 AM,1,0,0,0,0,,,,S FAIRFAX,E CLEVE BUTCHER RD,,,,39.059984,-86.498432,COUNTY ROAD,N,RURAL,N,N,N,,DARK (NOT LIGHTED),CLEAR,WET,,NO JUNCTION INVOLVED,CURVE/LEVEL,ASPHALT,RAN OFF ROAD RIGHT,RAN OFF ROAD,CLEVEBUTCHERRDFAIRFAXRD,NONE
BLOOMINGTON PD,BLOOMINGTON,6/6/2019,7:38 AM,2,0,0,0,0,,,,S WALNUT,E DODDS ST,,,,39.15742,-86.53365,LOCAL/CITY ROAD,N,URBAN,N,N,N,,DAYLIGHT,CLEAR,DRY,,FOUR-WAY INTERSECTION,STRAIGHT/LEVEL,ASPHALT,FAILURE TO YIELD RIGHT OF WAY,LEFT TURN,DODDSSTWALNUTST,YIELD SIGN
MONROE SD,BLOOMINGTON,6/6/2019,5:58 PM,2,0,0,0,0,4303,,,SR 446,,,,,39.116202,-86.428355,UNKNOWN,N,RURAL,N,N,N,,DAYLIGHT,CLEAR,DRY,,NO JUNCTION INVOLVED,STRAIGHT/LEVEL,ASPHALT,UNSAFE BACKING,BACKING CRASH,SIN446RD,NONE
ISP BLOOMINGTON 33,BLOOMINGTON,6/6/2019,10:01 AM,2,0,0,0,0,,,,W AIRPORT,S BUNGER RD,,,,39.136848,-86.606,COUNTY ROAD,N,RURAL,N,N,N,,DAYLIGHT,CLEAR,DRY,,T-INTERSECTION,STRAIGHT/LEVEL,ASPHALT,IMPROPER TURNING,HEAD ON BETWEEN TWO MOTOR VEHICLES,AIRPORTRDBUNGERRD,STOP SIGN
BLOOMINGTON PD,BLOOMINGTON,6/7/2019,7:44 AM,1,0,0,0,0,,,,I-69 N,W TAPP RD,,1000,S,39.0307367,-86.550785,US ROUTE,N,URBAN,N,N,N,,DAYLIGHT,CLEAR,DRY,,NO JUNCTION INVOLVED,STRAIGHT/GRADE,ASPHALT,TIRE FAILURE OR DEFECTIVE,RAN OFF ROAD,US69NWTAPPRD,LANE CONTROL
INDIANA UNIV BLOOMINGTON PD,BLOOMINGTON,6/7/2019,6:20 PM,2,0,0,0,0,,,,E 3RD,S SWAIN AVE,,25,E,39.16425,-86.51526216,LOCAL/CITY ROAD,N,URBAN,N,N,N,,DAYLIGHT,CLEAR,DRY,,NO JUNCTION INVOLVED,STRAIGHT/GRADE,ASPHALT,UNSAFE LANE MOVEMENT,LEFT TURN,SWAINAVETHIRDST,NONE
MONROE SD,BLOOMINGTON,6/7/2019,11:08 AM,2,0,0,0,0,,,,N SMITH,W WOODYARD RD,,1200,N,0,0,LOCAL/CITY ROAD,N,RURAL,N,N,B,,DAYLIGHT,CLEAR,DRY,,NO JUNCTION INVOLVED,STRAIGHT/GRADE,ASPHALT,FOLLOWING TOO CLOSELY,REAR END,NSMITHPIKEWWOODYARDRD,LANE CONTROL
BLOOMINGTON PD,BLOOMINGTON,6/7/2019,12:35 PM,2,0,0,0,0,,,,S ADAMS,W KIRKWOOD AVE,,50,S,39.166816,-86.549488,LOCAL/CITY ROAD,N,URBAN,N,N,N,,DAYLIGHT,CLEAR,DRY,,NO JUNCTION INVOLVED,CURVE/GRADE,ASPHALT,IMPROPER LANE USAGE,SAME DIRECTION SIDESWIPE,SADAMSSTWKIRKWOODAVE,LANE CONTROL
ISP BLOOMINGTON 33,BLOOMINGTON,6/7/2019,8:37 PM,1,0,0,0,0,,114,1,I-69 N,SR 37 N,Y,,,0,0,INTERSTATE,N,RURAL,N,N,N,,DAYLIGHT,CLEAR,DRY,,RAMP,CURVE/GRADE,CONCRETE,UNSAFE SPEED,OTHER - EXPLAIN IN NARRATIVE,I69,LANE CONTROL
MONROE SD,BLOOMINGTON,6/7/2019,12:28 AM,3,0,0,0,0,,,,N SMITH,W FORREST PARK DR,,,,39.20821,-86.58316,LOCAL/CITY ROAD,N,URBAN,N,N,N,,DAYLIGHT,CLEAR,DRY,,T-INTERSECTION,STRAIGHT/HILLCREST,ASPHALT,FOLLOWING TOO CLOSELY,REAR END,FORRESTPARKDRSMITHPIKE,LANE CONTROL
BLOOMINGTON PD,BLOOMINGTON,6/7/2019,2:05 AM,3,0,0,0,0,,,,S MADISON,W GRAHAM DR,,500,S,39.13851802,-86.53720568,LOCAL/CITY ROAD,N,URBAN,N,N,N,,DARK (LIGHTED),CLEAR,DRY,,NO JUNCTION INVOLVED,STRAIGHT/GRADE,ASPHALT,RAN OFF ROAD RIGHT,RAN OFF ROAD,GRAHAMDRMADISONST,NONE