Agency,City,Collision Date,Collision Time,Vehicles Involved,Trailers Involved,Number Injured,Number Dead,Number Deer,House Number,Roadway Interchange,Roadway Ramp,Roadway Id,Intersecting Road,Interchange,Feet From,Direction,Latitude,Longitude,Roadway Class,Hit and Run?,Locality,School Zone?,Rumble Strips?,Construction?,Construction Type,Light Condition,Weather Conditions,Surface Condition,Type of Median,Roadway Junction Type,Road Character,Roadway Surface,Primary Factor,Manner of Collision,Unique Location Id,Traffic Control
BLOOMINGTON PD,BLOOMINGTON,6/7/2019,8:58 PM,2,0,0,0,0,,,,S ROGERS,W 4TH ST,,,,39.165696,-86.538592,LOCAL/CITY ROAD,Y,,N,N,N,,DAWN/DUSK,CLEAR,DRY,,FOUR-WAY INTERSECTION,STRAIGHT/LEVEL,ASPHALT,FOLLOWING TOO CLOSELY,REAR END,SROGERSSTW4THST,STOP SIGN
MONROE SD,BLOOMINGTON,6/7/2019,6:38 PM,2,0,0,0,0,,,,S WALNUT,E DILLMAN RD,,,,39.092944,-86.544,COUNTY ROAD,N,URBAN,N,N,N,,DAYLIGHT,CLEAR,DRY,,FOUR-WAY INTERSECTION,CURVE/GRADE,ASPHALT,FAILURE TO YIELD RIGHT OF WAY,LEFT/RIGHT TURN,EDILLMANRDOLDSR37RD,TRAFFIC CONTROL SIGNAL
ELLETTSVILLE PD,ELLETTSVILLE,6/7/2019,5:24 AM,1,0,0,0,1,,,,SR 46,,,500,W,39.259385,-86.65738167,STATE ROAD,N,URBAN,N,N,N,,DARK (NOT LIGHTED),CLEAR,DRY,,NO JUNCTION INVOLVED,STRAIGHT/LEVEL,ASPHALT,ANIMAL/OBJECT IN ROADWAY,COLLISION WITH DEER,RIDGEWAYDRDRSR46S,NONE
BLOOMINGTON PD,BLOOMINGTON,6/8/2019,12:48 PM,2,0,0,0,0,,,,S CURRY,SR 48,,50,S,39.164544,-86.560096,LOCAL/CITY ROAD,N,URBAN,N,N,N,,DAYLIGHT,CLOUDY,DRY,,NO JUNCTION INVOLVED,STRAIGHT/LEVEL,ASPHALT,IMPROPER LANE USAGE,SAME DIRECTION SIDESWIPE,SCURRYPIKEW3RDST,LANE CONTROL
INDIANA UNIV BLOOMINGTON PD,BLOOMINGTON,6/8/2019,5:18 PM,2,0,0,0,0,,,,E 3RD,S JORDAN AVE,,,,39.16426,-86.51642,LOCAL/CITY ROAD,N,URBAN,N,N,N,,DAYLIGHT,CLOUDY,DRY,,FOUR-WAY INTERSECTION,STRAIGHT/GRADE,ASPHALT,UNSAFE LANE MOVEMENT,LEFT TURN,JORDANAVETHIRDST,TRAFFIC CONTROL SIGNAL
BLOOMINGTON PD,BLOOMINGTON,6/8/2019,9:51 PM,2,0,0,0,0,,,,W KIRKWOOD,S ROGERS ST,,,,39.166672,-86.538608,LOCAL/CITY ROAD,Y,URBAN,N,N,N,,DARK (LIGHTED),CLOUDY,DRY,,FOUR-WAY INTERSECTION,STRAIGHT/LEVEL,ASPHALT,IMPROPER TURNING,RIGHT TURN,KIRKWOODAVEROGERSST,TRAFFIC CONTROL SIGNAL
ISP BLOOMINGTON 33,BLOOMINGTON,6/8/2019,5:45 AM,1,0,0,0,1,,,,S FAIRFAX,E HARBOR HILL RD,,,,39.03428,-86.49036,COUNTY ROAD,N,RURAL,N,N,N,,DARK (LIGHTED),CLEAR,DRY,,T-INTERSECTION,STRAIGHT/LEVEL,ASPHALT,ANIMAL/OBJECT IN ROADWAY,COLLISION WITH DEER,FAIRFAXRDHARBORHILLRD,LANE CONTROL
MONROE SD,BLOOMINGTON,6/8/2019,5:18 AM,1,0,0,0,0,,,,S VICTOR,,,900,S,0,0,COUNTY ROAD,N,RURAL,N,N,N,,DARK (NOT LIGHTED),CLEAR,DRY,,NO JUNCTION INVOLVED,CURVE/LEVEL,ASPHALT,DRIVER ASLEEP OR FATIGUED,RAN OFF ROAD,SVICTORPIKESR37S,NONE
DNR LAW ENFORCEMENT,BLOOMINGTON,6/9/2019,12:40 PM,2,0,0,0,0,,,,SR 46,E 10TH ST,,500,S,39.17036824,-86.50145612,STATE ROAD,N,URBAN,N,N,N,,DAYLIGHT,CLOUDY,WET,,NO JUNCTION INVOLVED,STRAIGHT/GRADE,ASPHALT,ROADWAY SURFACE CONDITION,REAR END,10THSTREETSTSR46S,NONE
MONROE SD,BLOOMINGTON,6/9/2019,1:22 PM,2,0,1,0,0,,,,S OLD SR 37,SR 37,,,,38.99816888,-86.54550805,STATE ROAD,N,URBAN,N,N,N,,DAYLIGHT,CLOUDY,WET,,T-INTERSECTION,CURVE/LEVEL,ASPHALT,LEFT OF CENTER,HEAD ON BETWEEN TWO MOTOR VEHICLES,OLDSTRD37HWYSR37S,TRAFFIC CONTROL SIGNAL
MONROE SD,BLOOMINGTON,6/9/2019,7:22 PM,2,0,0,0,0,,,,SR 45,E MARTIN DR,,296,S,0,0,STATE ROAD,N,RURAL,N,N,N,,DAYLIGHT,RAIN,WET,,NO JUNCTION INVOLVED,CURVE/HILLCREST,ASPHALT,LEFT OF CENTER,OPPOSITE DIRECTION SIDESWIPE,MARTINDRSR45,NONE
MONROE SD,BLOOMINGTON,6/9/2019,11:11 AM,1,0,1,0,0,,,,E SAMPLE,W OLD SR 37,,1750,W,39.25864,-86.5012,LOCAL/CITY ROAD,N,RURAL,N,N,N,,DAYLIGHT,RAIN,WET,,NO JUNCTION INVOLVED,CURVE/GRADE,ASPHALT,SPEED TOO FAST FOR WEATHER CONDITIONS,RAN OFF ROAD,ESAMPLERDNOLDSTATEROAD37RD,LANE CONTROL
MONROE SD,BLOOMINGTON,6/9/2019,7:10 PM,1,0,0,0,0,,,,E ANDERSON,N OLD SR 37,,300,E,39.266,-86.501696,COUNTY ROAD,N,RURAL,N,N,N,,DAYLIGHT,RAIN,WET,,T-INTERSECTION,CURVE/LEVEL,ASPHALT,SPEED TOO FAST FOR WEATHER CONDITIONS,RAN OFF ROAD,EANDERSONRDNOLDSTATE37RD,NONE
ISP BLOOMINGTON 33,BLOOMINGTON,6/9/2019,9:35 PM,1,0,0,0,0,,,,I-69 S,,,100,N,0,0,INTERSTATE,N,RURAL,N,N,N,,DARK (NOT LIGHTED),CLEAR,DRY,,NO JUNCTION INVOLVED,STRAIGHT/LEVEL,ASPHALT,RAN OFF ROAD RIGHT,COLLISION WITH OBJECT IN ROAD,I69106,LANE CONTROL
MONROE SD,BLOOMINGTON,6/9/2019,5:33 PM,2,0,2,0,0,,,,SR 37,W CHURCH LN,,,,39.10726,-86.53149,STATE ROAD,N,URBAN,N,N,N,,DAYLIGHT,RAIN,WET,,FOUR-WAY INTERSECTION,STRAIGHT/LEVEL,ASPHALT,FOLLOWING TOO CLOSELY,REAR END,SR37SWCHURCHLN,TRAFFIC CONTROL SIGNAL
MONROE SD,BLOOMINGTON,6/9/2019,3:56 PM,1,0,0,0,0,,,,SR 446,S OLD RICHARDSON RD,,70,N,39.11959221,-86.43134,STATE ROAD,N,RURAL,N,N,N,,DAYLIGHT,RAIN,WET,,NO JUNCTION INVOLVED,CURVE/LEVEL,ASPHALT,SPEED TOO FAST FOR WEATHER CONDITIONS,RAN OFF ROAD,SOLDRICHARDSONRDSR446S,NONE
MONROE SD,BLOOMINGTON,6/9/2019,8:30 PM,2,0,0,0,0,,,,SR 45,S DUNCAN RD,,100,E,39.13525261,-86.59597096,STATE ROAD,N,RURAL,N,Y,N,,DAWN/DUSK,RAIN,WET,,NO JUNCTION INVOLVED,STRAIGHT/LEVEL,ASPHALT,LEFT OF CENTER,HEAD ON BETWEEN TWO MOTOR VEHICLES,SOUTHDUNCANROWSR45W,NONE
BLOOMINGTON PD,BLOOMINGTON,6/9/2019,3:21 PM,2,0,1,0,0,,,,W TAPP,S ADAMS ST,,,,39.136565,-86.5544,LOCAL/CITY ROAD,Y,URBAN,N,N,N,,DAYLIGHT,RAIN,WET,,TRAFFIC CIRCLE/ROUNDABOUT,STRAIGHT/HILLCREST,ASPHALT,LEFT OF CENTER,HEAD ON BETWEEN TWO MOTOR VEHICLES,SADAMSSTWTAPPRD,NONE
BLOOMINGTON PD,BLOOMINGTON,6/10/2019,6:58 PM,2,0,1,0,0,,,,SR 48,S CURRY PIKE,,,,39.16464,-86.58296,LOCAL/CITY ROAD,N,URBAN,N,N,N,,DAYLIGHT,CLEAR,DRY,,FOUR-WAY INTERSECTION,STRAIGHT/LEVEL,ASPHALT,DISREGARD SIGNAL/REG SIGN,LEFT TURN,SCURRYPIKEW3RDST,TRAFFIC CONTROL SIGNAL
INDIANA UNIV BLOOMINGTON PD,BLOOMINGTON,6/10/2019,7:52 AM,2,0,0,0,0,,,,SR 45,N RANGE RD,,,,39.171504,-86.495312,LOCAL/CITY ROAD,N,URBAN,N,N,Y,WORK ON SHOULDER,DAYLIGHT,CLOUDY,WET,,FOUR-WAY INTERSECTION,STRAIGHT/LEVEL,ASPHALT,FOLLOWING TOO CLOSELY,REAR END,10THSTREETRANGERD,TRAFFIC CONTROL SIGNAL
MONROE SD,BLOOMINGTON,6/10/2019,5:24 PM,2,0,0,0,0,,,,N CURRY,W VERNAL PIKE,,,,39.17915,-86.58309,LOCAL/CITY ROAD,N,RURAL,N,N,N,,DAYLIGHT,CLEAR,DRY,,FOUR-WAY INTERSECTION,STRAIGHT/LEVEL,ASPHALT,FOLLOWING TOO CLOSELY,REAR END,NORTHCURRYPIKEWESTVERNALPIKE,TRAFFIC CONTROL SIGNAL
BLOOMINGTON PD,BLOOMINGTON,6/10/2019,4:03 PM,2,0,2,0,0,,,,SR 45/46,N FEE LN,,,,39.186032,-86.51984,LOCAL/CITY ROAD,N,URBAN,N,N,N,,DAYLIGHT,CLEAR,DRY,,FOUR-WAY INTERSECTION,STRAIGHT/LEVEL,ASPHALT,UNSAFE SPEED,REAR END,NFEELNNSTATEROAD4546BYP,TRAFFIC CONTROL SIGNAL
BLOOMINGTON PD,BLOOMINGTON,6/10/2019,2:56 PM,2,0,0,0,0,,,,S COLLEGE MALL,E COVENANTER DR,,,,39.15518,-86.49774,LOCAL/CITY ROAD,N,URBAN,N,N,N,,DAYLIGHT,CLEAR,DRY,,FOUR-WAY INTERSECTION,STRAIGHT/LEVEL,ASPHALT,FOLLOWING TOO CLOSELY,REAR END,ECOVENANTERDRSCOLLEGEMALLRD,TRAFFIC CONTROL SIGNAL
MONROE SD,BLOOMINGTON,6/10/2019,6:43 PM,2,0,0,0,0,,,,I-69 N,E SAMPLE RD,Y,,,39.27125,-86.52750503,INTERSTATE,N,RURAL,N,Y,N,,DAYLIGHT,CLEAR,DRY,,INTERCHANGE,STRAIGHT/LEVEL,ASPHALT,IMPROPER LANE USAGE,SAME DIRECTION SIDESWIPE,ESAMPLERDI69N,NONE
BLOOMINGTON PD,BLOOMINGTON,6/10/2019,5:53 PM,2,0,0,0,0,,,,S SMITH,E MORNINGSIDE DR,,,,39.166432,-86.4812,LOCAL/CITY ROAD,N,URBAN,N,N,N,,DAYLIGHT,CLEAR,DRY,,FOUR-WAY INTERSECTION,STRAIGHT/GRADE,ASPHALT,FAILURE TO YIELD RIGHT OF WAY,RIGHT ANGLE,EMORNINGSIDEDRSSMITHRD,STOP SIGN
ELLETTSVILLE PD,ELLETTSVILLE,6/10/2019,12:11 PM,2,0,0,0,0,,,,SR 46,N DEER PARK DR,,500,W,39.21257534,-86.58882993,STATE ROAD,N,URBAN,N,N,N,,DAYLIGHT,CLOUDY,DRY,,NO JUNCTION INVOLVED,STRAIGHT/LEVEL,ASPHALT,IMPROPER LANE USAGE,SAME DIRECTION SIDESWIPE,DEERPARKDRSR46W,OTHER REGULATORY SIGN/MARKING
BLOOMINGTON PD,BLOOMINGTON,6/10/2019,5:50 PM,2,0,0,0,0,,,,W 4TH,S ROGERS ST,,50,E,39.165696,-86.538592,LOCAL/CITY ROAD,N,URBAN,N,N,N,,DAYLIGHT,CLEAR,DRY,,NO JUNCTION INVOLVED,STRAIGHT/LEVEL,ASPHALT,UNSAFE BACKING,BACKING CRASH,SROGERSSTW4THST,NONE
MONROE SD,ELLETTSVILLE,6/10/2019,10:18 PM,2,0,0,0,0,,,,W ARLINGTON,N SHELBURN RD,,,,39.18670499,-86.55120504,LOCAL/CITY ROAD,N,RURAL,N,N,N,,DARK (LIGHTED),CLEAR,DRY,,NO JUNCTION INVOLVED,CURVE/LEVEL,ASPHALT,FOLLOWING TOO CLOSELY,REAR END,NORTHSHELBURNRDWESTARLINGTONRD,NONE
MONROE SD,BLOOMINGTON,6/11/2019,6:38 PM,2,0,0,0,0,,,,S WALNUT ST PIKE,E RHORER RD,,,,39.12144,-86.526496,LOCAL/CITY ROAD,N,URBAN,N,N,Y,WORK ON SHOULDER,DAYLIGHT,CLEAR,DRY,,FOUR-WAY INTERSECTION,STRAIGHT/LEVEL,ASPHALT,DISREGARD SIGNAL/REG SIGN,RIGHT ANGLE,ERHORERRDSWALNUTSTPIKE,STOP SIGN
INDIANA UNIV BLOOMINGTON PD,BLOOMINGTON,6/11/2019,12:50 PM,2,0,0,0,0,,,,E 17TH,N DUNN ST,,,,39.17904,-86.5284,UNKNOWN,N,URBAN,N,N,N,,DAYLIGHT,CLEAR,DRY,,NO JUNCTION INVOLVED,STRAIGHT/LEVEL,ASPHALT,UNSAFE BACKING,BACKING CRASH,DUNNSTEAST17THST,NONE
BLOOMINGTON PD,BLOOMINGTON,6/11/2019,12:15 PM,2,0,0,0,0,,,,E HILLSIDE,S LINCOLN ST,,,,39.150576,-86.5312,LOCAL/CITY ROAD,N,URBAN,N,N,N,,DAYLIGHT,CLEAR,DRY,,T-INTERSECTION,STRAIGHT/GRADE,ASPHALT,FOLLOWING TOO CLOSELY,REAR END,EHILLSIDEDRSLINCOLNST,NONE
ISP BLOOMINGTON 33,BLOOMINGTON,6/11/2019,10:50 AM,2,1,1,0,0,,,,SR 45,S BUNGER RD,,200,W,39.12925,-86.60428267,STATE ROAD,N,RURAL,N,N,N,,DAYLIGHT,CLEAR,DRY,,T-INTERSECTION,STRAIGHT/LEVEL,ASPHALT,OVERCORRECTING/OVERSTEERING,OPPOSITE DIRECTION SIDESWIPE,BUNGERRDSR45,LANE CONTROL
MONROE SD,BLOOMINGTON,6/12/2019,8:48 AM,2,1,0,0,0,,,,W GORDON,S WALNUT ST PIKE,,100,W,39.12145,-86.52664134,LOCAL/CITY ROAD,N,URBAN,N,N,Y,INTERMITTENT OR MOVING WORK,DAYLIGHT,CLEAR,DRY,,FOUR-WAY INTERSECTION,STRAIGHT/LEVEL,ASPHALT,OTHER (DRIVER) - EXPLAIN IN NARRATIVE,SAME DIRECTION SIDESWIPE,ERHORERRDSWALNUTSTREETPIKE,STOP SIGN
BLOOMINGTON PD,BLOOMINGTON,6/12/2019,10:11 AM,2,0,0,0,0,,,,W KIRKWOOD,S ADAMS ST,,50,E,39.16681365,-86.54931161,LOCAL/CITY ROAD,N,URBAN,N,N,N,,DAYLIGHT,CLEAR,DRY,,NO JUNCTION INVOLVED,CURVE/GRADE,ASPHALT,FOLLOWING TOO CLOSELY,REAR END,ADAMSSTKIRKWOODAVE,LANE CONTROL
BLOOMINGTON PD,BLOOMINGTON,6/12/2019,2:00 AM,2,0,0,0,0,,,,E ALLEN,S DUNN ST,,100,W,39.15556,-86.52807134,LOCAL/CITY ROAD,Y,URBAN,N,Y,N,,DARK (NOT LIGHTED),CLEAR,DRY,,NO JUNCTION INVOLVED,STRAIGHT/LEVEL,ASPHALT,UNSAFE LANE MOVEMENT,OPPOSITE DIRECTION SIDESWIPE,EALLENSTSDUNNST,NONE
MONROE SD,BLOOMINGTON,6/12/2019,6:46 AM,1,0,0,0,0,8828,,,SR 45,,,,,39.09571278,-86.65865999,STATE ROAD,N,RURAL,N,N,N,,DAYLIGHT,CLEAR,DRY,,NO JUNCTION INVOLVED,STRAIGHT/LEVEL,ASPHALT,RAN OFF ROAD RIGHT,RAN OFF ROAD,SR45W,LANE CONTROL
BLOOMINGTON PD,BLOOMINGTON,6/12/2019,2:18 PM,2,0,1,0,0,,,,W 17TH,N CRESCENT RD,,,,39.179248,-86.556592,LOCAL/CITY ROAD,Y,URBAN,N,N,N,,DAYLIGHT,CLEAR,DRY,,T-INTERSECTION,STRAIGHT/LEVEL,ASPHALT,LEFT OF CENTER,OPPOSITE DIRECTION SIDESWIPE,NCRESCENTRDW17ST,STOP SIGN
ELLETTSVILLE PD,ELLETTSVILLE,6/12/2019,8:07 PM,1,0,0,0,1,,,,W MCNEELY,N AJUGA CT,,,,39.237675,-86.614965,LOCAL/CITY ROAD,N,URBAN,N,N,N,,DAWN/DUSK,CLEAR,WET,,NO JUNCTION INVOLVED,STRAIGHT/LEVEL,ASPHALT,ANIMAL/OBJECT IN ROADWAY,COLLISION WITH DEER,NORTHMCNEELYSTVINCALN,LANE CONTROL
INDIANA UNIV BLOOMINGTON PD,BLOOMINGTON,6/13/2019,3:35 PM,2,0,0,0,0,,,,SR 46,E 10TH ST,,200,S,39.15040736,-86.50234,STATE ROAD,N,URBAN,N,N,N,,DAYLIGHT,CLOUDY,DRY,,NO JUNCTION INVOLVED,STRAIGHT/LEVEL,ASPHALT,UNSAFE LANE MOVEMENT,LEFT TURN,10THSTSR46N,LANE CONTROL
INDIANA UNIV BLOOMINGTON PD,BLOOMINGTON,6/13/2019,11:20 PM,1,0,2,0,0,,,,N JORDAN,E 10TH ST,,531,S,39.11542969,-86.51567,LOCAL/CITY ROAD,N,URBAN,N,N,Y,LANE CLOSURE,DARK (LIGHTED),CLEAR,DRY,,NO JUNCTION INVOLVED,STRAIGHT/GRADE,ASPHALT,ROADWAY SURFACE CONDITION,OTHER - EXPLAIN IN NARRATIVE,JORDANAVETENTHST,NONE
MONROE SD,BLOOMINGTON,6/13/2019,8:02 PM,4,0,0,0,0,,,,N CURRY,W WOODYARD RD,,,,39.190672,-86.582992,LOCAL/CITY ROAD,N,URBAN,N,N,N,,DAWN/DUSK,CLEAR,DRY,,FOUR-WAY INTERSECTION,STRAIGHT/LEVEL,ASPHALT,CELL PHONE USAGE,REAR END,NCURRYPIKEWWOODYARDRD,TRAFFIC CONTROL SIGNAL
BLOOMINGTON PD,BLOOMINGTON,6/13/2019,6:51 AM,2,0,1,0,0,,,,SR 46,E 7TH ST,,,,39.167648,-86.500096,STATE ROAD,Y,URBAN,N,N,N,,DAWN/DUSK,CLEAR,DRY,,T-INTERSECTION,STRAIGHT/GRADE,ASPHALT,FOLLOWING TOO CLOSELY,REAR END,7THSTSR46E,LANE CONTROL
BLOOMINGTON PD,BLOOMINGTON,6/13/2019,10:48 AM,2,0,0,0,0,,,,W 3RD,S CORY LN,,,,39.164544,-86.560096,LOCAL/CITY ROAD,Y,URBAN,N,N,N,,DAYLIGHT,CLOUDY,DRY,,FOUR-WAY INTERSECTION,STRAIGHT/LEVEL,ASPHALT,DISREGARD SIGNAL/REG SIGN,SAME DIRECTION SIDESWIPE,SCORYLNWTHIRDST,TRAFFIC CONTROL SIGNAL
BLOOMINGTON PD,BLOOMINGTON,6/13/2019,12:09 PM,2,0,0,0,0,,,,S WALNUT,E NORTH DR,,200,S,39.14421671,-86.53172963,LOCAL/CITY ROAD,N,URBAN,N,N,N,,DAYLIGHT,CLEAR,DRY,,NO JUNCTION INVOLVED,STRAIGHT/LEVEL,ASPHALT,IMPROPER TURNING,RIGHT TURN,NORTHDRWALNUTST,LANE CONTROL
BLOOMINGTON PD,BLOOMINGTON,6/13/2019,4:07 PM,2,1,0,0,0,,,,S WALNUT,W GORDON PIKE,,300,N,39.15314838,-86.53135,LOCAL/CITY ROAD,N,URBAN,N,N,N,,DAYLIGHT,CLEAR,DRY,,NO JUNCTION INVOLVED,STRAIGHT/GRADE,ASPHALT,DRIVER DISTRACTED - EXPLAIN IN NARRATIVE,REAR END,GORDONPIKESWALNUTST,NONE
BLOOMINGTON PD,BLOOMINGTON,6/13/2019,5:58 PM,3,0,0,0,0,,,,S WASHINGTON,E DODDS ST,,150,S,39.14922814,-86.532355,LOCAL/CITY ROAD,N,URBAN,N,N,N,,DAYLIGHT,CLEAR,DRY,,NO JUNCTION INVOLVED,STRAIGHT/LEVEL,ASPHALT,DRIVER ASLEEP OR FATIGUED,SAME DIRECTION SIDESWIPE,EDODDSSTSWASHINGTONST,NONE
MONROE SD,BLOOMINGTON,6/13/2019,4:48 PM,2,0,1,0,0,,,,SR 45,S GARRISON CHAPEL RD,,,,39.111024,-86.638304,STATE ROAD,N,RURAL,N,N,N,,DAYLIGHT,CLEAR,DRY,,FOUR-WAY INTERSECTION,STRAIGHT/LEVEL,ASPHALT,FAILURE TO YIELD RIGHT OF WAY,RIGHT ANGLE,GARRISONCHAPELRDSR45W,STOP SIGN
MONROE SD,ELLETTSVILLE,6/13/2019,5:31 PM,2,0,0,0,0,,,,SR 46,,,2000,W,39.25962,-86.65737668,STATE ROAD,N,RURAL,N,N,N,,DAYLIGHT,CLEAR,DRY,,NO JUNCTION INVOLVED,CURVE/LEVEL,ASPHALT,LEFT OF CENTER,OPPOSITE DIRECTION SIDESWIPE,SR46WWCHAFINCHAPELRD,NO PASSING ZONE
MONROE SD,BLOOMINGTON,6/13/2019,8:24 AM,2,0,0,0,0,,,,W BELLE,S HICKORY DR,,,,39.16344,-86.58584,COUNTY ROAD,N,URBAN,N,N,N,,DAYLIGHT,CLEAR,DRY,,NO JUNCTION INVOLVED,STRAIGHT/LEVEL,ASPHALT,UNSAFE BACKING,BACKING CRASH,SHICKORYDRWBELLEAVE,NONE
INDIANA UNIV BLOOMINGTON PD,BLOOMINGTON,6/14/2019,2:39 PM,2,0,0,0,0,,,,E 3RD,S SWAIN AVE,,,,39.08034156,-86.51512936,LOCAL/CITY ROAD,N,URBAN,N,N,N,,DAYLIGHT,CLEAR,DRY,,T-INTERSECTION,STRAIGHT/LEVEL,ASPHALT,UNSAFE LANE MOVEMENT,LEFT/RIGHT TURN,E3RDSTSSWAINAVE,LANE CONTROL
BLOOMINGTON PD,BLOOMINGTON,6/14/2019,8:39 PM,2,0,0,0,0,,,,S LIBERTY,SR 48,,,,39.16461,-86.57913,LOCAL/CITY ROAD,N,URBAN,N,N,N,,DAYLIGHT,CLOUDY,DRY,,FOUR-WAY INTERSECTION,STRAIGHT/LEVEL,CONCRETE,IMPROPER TURNING,LEFT TURN,SLIBERTYDRW3RDST,STOP SIGN
BLOOMINGTON PD,BLOOMINGTON,6/14/2019,4:00 PM,2,0,0,0,0,,,,S SARE,E CANADA DR,,,,39.12659,-86.50431,LOCAL/CITY ROAD,N,URBAN,N,N,N,,DAYLIGHT,CLOUDY,DRY,,FOUR-WAY INTERSECTION,STRAIGHT/LEVEL,ASPHALT,FOLLOWING TOO CLOSELY,REAR END,EASTCANADADRSOUTHSARERD,STOP SIGN
BLOOMINGTON PD,BLOOMINGTON,6/14/2019,2:10 PM,2,0,3,0,0,,,,S WALNUT,W GORDON PIKE,,300,N,39.15314838,-86.53135,LOCAL/CITY ROAD,N,URBAN,N,N,N,,DAYLIGHT,CLEAR,DRY,,NO JUNCTION INVOLVED,STRAIGHT/GRADE,ASPHALT,FAILURE TO YIELD RIGHT OF WAY,HEAD ON BETWEEN TWO MOTOR VEHICLES,GORDONPIKESWALNUTST,NONE
BLOOMINGTON PD,BLOOMINGTON,6/14/2019,1:24 PM,2,0,2,0,0,,,,E 3RD,E ROOSEVELT ST,,200,W,39.164304,-86.50649762,LOCAL/CITY ROAD,N,URBAN,N,N,N,,DAYLIGHT,CLEAR,DRY,,NO JUNCTION INVOLVED,STRAIGHT/LEVEL,ASPHALT,FAILURE TO YIELD RIGHT OF WAY,SAME DIRECTION SIDESWIPE,3RDSTROOSEVELTST,NONE
MONROE SD,BLOOMINGTON,6/14/2019,7:41 AM,2,0,0,0,0,,,,N CURRY,W STEBU LN,,,,0,0,LOCAL/CITY ROAD,N,RURAL,N,N,N,,DAYLIGHT,CLEAR,DRY,NONE,T-INTERSECTION,STRAIGHT/LEVEL,ASPHALT,FOLLOWING TOO CLOSELY,REAR END,NCURRYPIKEWSTEBULN,NONE
BLOOMINGTON PD,BLOOMINGTON,6/14/2019,12:55 PM,2,0,0,0,0,,,,S COLLEGE MALL,COLLEGE MALL ACCESS,,,,39.160944,-86.497696,LOCAL/CITY ROAD,N,URBAN,N,N,N,,DAYLIGHT,CLEAR,DRY,,FOUR-WAY INTERSECTION,STRAIGHT/LEVEL,ASPHALT,FOLLOWING TOO CLOSELY,REAR END,COLLEGEMALLACCESSRDCOLLEGEMALLRD,TRAFFIC CONTROL SIGNAL
MONROE SD,BLOOMINGTON,6/14/2019,2:57 AM,1,0,0,0,0,,,,S FAIRFAX,E CHERRY LN,,,,39.09784,-86.5168,LOCAL/CITY ROAD,N,URBAN,N,N,N,,DARK (LIGHTED),CLEAR,DRY,,T-INTERSECTION,STRAIGHT/GRADE,ASPHALT,RAN OFF ROAD RIGHT,OTHER - EXPLAIN IN NARRATIVE,CHERRYLNSFAIRFAXRD,LANE CONTROL
BLOOMINGTON PD,BLOOMINGTON,6/14/2019,3:10 PM,1,0,1,0,0,,,,S ROGERS,W COOLIDGE DR,,,,39.141328,-86.538528,LOCAL/CITY ROAD,N,URBAN,N,N,N,,DAYLIGHT,CLEAR,DRY,,FOUR-WAY INTERSECTION,STRAIGHT/GRADE,ASPHALT,BRAKE FAILURE OR DEFECTIVE,LEFT TURN,SROGERSSTWCOOLIDGEDR,STOP SIGN
ELLETTSVILLE PD,ELLETTSVILLE,6/14/2019,3:41 PM,2,0,0,0,0,,,,SR 46,N JACCOB ST,,,,39.24337,-86.63376,STATE ROAD,N,URBAN,N,N,N,,DAYLIGHT,CLEAR,DRY,,NO JUNCTION INVOLVED,STRAIGHT/GRADE,ASPHALT,UNSAFE SPEED,REAR END,JACOBSTSR46W,NONE
ELLETTSVILLE PD,ELLETTSVILLE,6/14/2019,3:41 PM,2,1,0,0,0,,,,SR 46,N JACCOB ST,,200,E,39.24337,-86.63377732,STATE ROAD,N,URBAN,N,N,N,,DAYLIGHT,CLEAR,DRY,,NO JUNCTION INVOLVED,STRAIGHT/GRADE,ASPHALT,UNSAFE SPEED,REAR END,JACOBSTSR46W,NONE
INDIANA UNIV BLOOMINGTON PD,BLOOMINGTON,6/15/2019,2:53 PM,1,0,0,0,0,,,,E 3RD,S COLLEGE MALL RD,,50,E,39.16424,-86.49827432,STATE ROAD,Y,URBAN,N,N,N,,DAYLIGHT,RAIN,WET,,FOUR-WAY INTERSECTION,STRAIGHT/LEVEL,ASPHALT,OVERCORRECTING/OVERSTEERING,OTHER - EXPLAIN IN NARRATIVE,COLLEGEMALLRDSR46E,TRAFFIC CONTROL SIGNAL
BLOOMINGTON PD,BLOOMINGTON,6/15/2019,8:35 PM,4,0,0,0,0,,,,N WALNUT,SR 45/46,,,,39.186368,-86.5344,LOCAL/CITY ROAD,N,URBAN,Y,N,N,,DAYLIGHT,RAIN,WET,,NO JUNCTION INVOLVED,STRAIGHT/LEVEL,ASPHALT,SPEED TOO FAST FOR WEATHER CONDITIONS,LEFT TURN,NWALNUTSTSTATEROAD45AND46BYP,TRAFFIC CONTROL SIGNAL
BLOOMINGTON PD,BLOOMINGTON,6/15/2019,10:00 AM,3,0,0,0,0,,,,N COLLEGE,W KIRKWOOD AVE,,,,39.16664,-86.5348,LOCAL/CITY ROAD,N,URBAN,N,N,N,,DAYLIGHT,CLOUDY,WET,,NO JUNCTION INVOLVED,STRAIGHT/LEVEL,CONCRETE,FOLLOWING TOO CLOSELY,REAR END,KIRKWOODAVENCOLLEGEAVE,TRAFFIC CONTROL SIGNAL