Agency,City,Collision Date,Collision Time,Vehicles Involved,Trailers Involved,Number Injured,Number Dead,Number Deer,House Number,Roadway Interchange,Roadway Ramp,Roadway Id,Intersecting Road,Interchange,Feet From,Direction,Latitude,Longitude,Roadway Class,Hit and Run?,Locality,School Zone?,Rumble Strips?,Construction?,Construction Type,Light Condition,Weather Conditions,Surface Condition,Type of Median,Roadway Junction Type,Road Character,Roadway Surface,Primary Factor,Manner of Collision,Unique Location Id,Traffic Control
MONROE SD,BLOOMINGTON,6/15/2019,4:45 PM,1,0,0,0,0,,,,E ROBINSON,N HUDOFF RD,,1300,W,39.25099241,-86.46775443,COUNTY ROAD,N,RURAL,N,N,N,,DAYLIGHT,RAIN,WET,,NO JUNCTION INVOLVED,STRAIGHT/GRADE,ASPHALT,RAN OFF ROAD RIGHT,RAN OFF ROAD,HUDOFFRDROBINSONRD,NONE
MONROE SD,BLOOMINGTON,6/15/2019,7:14 PM,1,0,0,0,0,,,,I-69 N,,,100,S,0,0,INTERSTATE,N,RURAL,N,N,N,,DAYLIGHT,RAIN,WET,,NO JUNCTION INVOLVED,CURVE/GRADE,ASPHALT,OTHER (ENVIRONMENTAL) - EXPLAIN IN NARR,RAN OFF ROAD,I69NSR37S,LANE CONTROL
ISP BLOOMINGTON 33,BLOOMINGTON,6/15/2019,8:35 PM,1,0,0,0,0,,,,I-69 N,,,100,N,41.38017958,-85.07445188,INTERSTATE,N,RURAL,N,N,N,,DAYLIGHT,CLEAR,WATER (STANDING OR MOVING),,NO JUNCTION INVOLVED,CURVE/GRADE,ASPHALT,SPEED TOO FAST FOR WEATHER CONDITIONS,RAN OFF ROAD,I69N130.0,LANE CONTROL
MONROE SD,BLOOMINGTON,6/15/2019,4:34 PM,1,0,0,0,0,,123,S,I-69 S,,,,,0,0,INTERSTATE,N,RURAL,N,N,N,,DAYLIGHT,CLEAR,DRY,,RAMP,CURVE/LEVEL,ASPHALT,RAN OFF ROAD RIGHT,RAN OFF ROAD,I69S,NONE
MONROE SD,BLOOMINGTON,6/15/2019,8:15 PM,2,0,1,0,0,,,,I-69 S,,,500,S,41.16101667,-85.10786235,INTERSTATE,N,URBAN,N,N,N,,DAYLIGHT,RAIN,WET,,NO JUNCTION INVOLVED,STRAIGHT/GRADE,ASPHALT,SPEED TOO FAST FOR WEATHER CONDITIONS,RIGHT ANGLE,I69S114.5,NONE
BLOOMINGTON PD,BLOOMINGTON,6/15/2019,5:33 AM,3,0,0,0,0,,,,N MONROE,W 12TH ST,,200,N,39.17490131,-86.547104,LOCAL/CITY ROAD,N,URBAN,N,N,N,,DARK (LIGHTED),RAIN,WET,,NO JUNCTION INVOLVED,STRAIGHT/LEVEL,ASPHALT,IMPROPER LANE USAGE,SAME DIRECTION SIDESWIPE,12THSTMONROEST,LANE CONTROL
ISP BLOOMINGTON 33,ELLETTSVILLE,6/15/2019,9:58 PM,2,,0,0,0,,,,N MT TABOR,W COWDEN RD,,183,N,39.266864,-86.620704,COUNTY ROAD,,RURAL,N,N,N,,DARK (NOT LIGHTED),RAIN,WET,,NO JUNCTION INVOLVED,,GRAVEL,UNSAFE BACKING,BACKING CRASH,,
MONROE SD,BLOOMINGTON,6/15/2019,9:49 AM,2,0,0,0,0,,,,S CURRY,W FARMER AVE,,100,S,39.13996935,-86.58262,COUNTY ROAD,N,URBAN,N,N,N,,DAYLIGHT,RAIN,WET,,NO JUNCTION INVOLVED,STRAIGHT/LEVEL,ASPHALT,UNSAFE LANE MOVEMENT,SAME DIRECTION SIDESWIPE,SCURRYPIKEWFARMERAVE,LANE CONTROL
MONROE SD,BLOOMINGTON,6/15/2019,8:00 PM,1,0,0,0,0,,,,W BOLIN,S CROP CIR,,900,E,39.1003,-86.5647579,LOCAL/CITY ROAD,N,RURAL,N,N,N,,DARK (NOT LIGHTED),RAIN,WET,,NO JUNCTION INVOLVED,STRAIGHT/LEVEL,ASPHALT,OTHER (ENVIRONMENTAL) - EXPLAIN IN NARR,COLLISION WITH OBJECT IN ROAD,SCROPCIRWBOLINLN,NONE
MONROE SD,BLOOMINGTON,6/15/2019,1:03 PM,1,0,0,0,0,,,,W GIFFORD,S WOODSIDE DR,,360,E,39.154528,-86.588832,COUNTY ROAD,N,RURAL,N,N,N,,DAYLIGHT,RAIN,WET,,NO JUNCTION INVOLVED,STRAIGHT/LEVEL,ASPHALT,ANIMAL/OBJECT IN ROADWAY,COLLISION WITH OBJECT IN ROAD,WESTGIFFORDRDWOODSIDEDR,NONE
BLOOMINGTON PD,BLOOMINGTON,6/16/2019,9:30 AM,2,0,2,0,0,,,,S COLLEGE,W 3RD ST,,,,39.16463,-86.5349,LOCAL/CITY ROAD,N,URBAN,N,N,N,,DAYLIGHT,CLEAR,WET,,FOUR-WAY INTERSECTION,STRAIGHT/GRADE,ASPHALT,DISREGARD SIGNAL/REG SIGN,RIGHT ANGLE,3RDSTCOLLEGEAVE,TRAFFIC CONTROL SIGNAL
BLOOMINGTON PD,BLOOMINGTON,6/16/2019,6:38 PM,2,0,0,0,0,,,,S COLLEGE,W 3RD ST,,,,39.16464,-86.534816,LOCAL/CITY ROAD,N,URBAN,N,N,N,,DAYLIGHT,RAIN,WET,,FOUR-WAY INTERSECTION,STRAIGHT/LEVEL,ASPHALT,DISREGARD SIGNAL/REG SIGN,LEFT/RIGHT TURN,SCOLLEGEAVEW3RDST,TRAFFIC CONTROL SIGNAL
BLOOMINGTON PD,BLOOMINGTON,6/16/2019,3:23 PM,3,0,1,0,0,,,,SR 46,S PARK RIDGE RD,,100,E,39.16424,-86.476096,LOCAL/CITY ROAD,N,URBAN,N,N,N,,DAYLIGHT,CLEAR,DRY,,NO JUNCTION INVOLVED,STRAIGHT/LEVEL,ASPHALT,FOLLOWING TOO CLOSELY,REAR END,E3RDSTSPARKRIDGERD,NONE
MONROE SD,BLOOMINGTON,6/16/2019,2:21 PM,3,0,0,0,0,,,,SR 46,W ARLINGTON RD,,,,39.207648,-86.573792,STATE ROAD,N,RURAL,N,N,N,,DAYLIGHT,CLEAR,DRY,DRIVABLE,FOUR-WAY INTERSECTION,STRAIGHT/LEVEL,ASPHALT,FAILURE TO YIELD RIGHT OF WAY,RIGHT ANGLE,SR46WWARLINGTONRD,TRAFFIC CONTROL SIGNAL
INDIANA UNIV BLOOMINGTON PD,BLOOMINGTON,6/16/2019,3:16 PM,2,0,0,0,0,,,,E 14TH,N WALNUT ST,,,,39.17595,-86.53356,LOCAL/CITY ROAD,N,URBAN,N,N,N,,DAYLIGHT,CLEAR,DRY,,FOUR-WAY INTERSECTION,STRAIGHT/GRADE,ASPHALT,FAILURE TO YIELD RIGHT OF WAY,RIGHT ANGLE,FOURTEENTHSTWALNUTST,STOP SIGN
MONROE SD,BLOOMINGTON,6/16/2019,4:00 PM,1,0,0,0,0,,,,SR 46,E KERR RD,,250,E,39.1666,-86.46260161,STATE ROAD,N,RURAL,N,N,N,,DAYLIGHT,CLEAR,DRY,NONE,NO JUNCTION INVOLVED,STRAIGHT/LEVEL,ASPHALT,RAN OFF ROAD RIGHT,RAN OFF ROAD,EKERRCREEKRDSR46E,LANE CONTROL
MONROE SD,ELLETTSVILLE,6/16/2019,3:33 PM,3,0,1,0,0,,,,SR 46,W FLATWOODS RD,,,,39.252448,-86.653904,STATE ROAD,N,RURAL,N,N,N,,DAYLIGHT,CLEAR,DRY,,NO JUNCTION INVOLVED,STRAIGHT/LEVEL,ASPHALT,FOLLOWING TOO CLOSELY,REAR END,SR46WWFLATWOODSRD,NONE
MONROE SD,BLOOMINGTON,6/16/2019,9:46 PM,1,0,0,0,1,,,,W OLD SR 37,E ROBINSON RD,,1200,N,39.24032,-86.49928,COUNTY ROAD,N,RURAL,N,N,N,,DARK (NOT LIGHTED),CLOUDY,WET,,NO JUNCTION INVOLVED,STRAIGHT/GRADE,ASPHALT,ANIMAL/OBJECT IN ROADWAY,COLLISION WITH DEER,EROBINSONRDOLDSR37RD,NONE
BLOOMINGTON PD,BLOOMINGTON,6/17/2019,6:50 PM,3,0,2,0,0,,,,SR 46,S PETE ELLIS DR,,100,E,39.16424,-86.495088,LOCAL/CITY ROAD,N,URBAN,N,N,N,,DAYLIGHT,CLOUDY,WET,,NO JUNCTION INVOLVED,STRAIGHT/LEVEL,ASPHALT,FAILURE TO YIELD RIGHT OF WAY,LEFT TURN,E3RDSTSPETEELLISDR,NONE
MONROE SD,BLOOMINGTON,6/17/2019,6:20 AM,2,0,0,0,0,,,,W TAPP,I-69,,,,0,0,LOCAL/CITY ROAD,N,URBAN,N,N,N,,DAYLIGHT,CLOUDY,DRY,,RAMP,CURVE/GRADE,ASPHALT,FAILURE TO YIELD RIGHT OF WAY,SAME DIRECTION SIDESWIPE,I69NTAPPRD,NONE
BLOOMINGTON PD,BLOOMINGTON,6/17/2019,3:18 PM,2,0,0,0,0,,,,SR 45,N PETE ELLIS DR,,50,W,39.171504,-86.495312,LOCAL/CITY ROAD,Y,URBAN,N,N,Y,WORK ON SHOULDER,DAYLIGHT,CLOUDY,DRY,,FOUR-WAY INTERSECTION,STRAIGHT/GRADE,ASPHALT,UNSAFE LANE MOVEMENT,SAME DIRECTION SIDESWIPE,E10THSTNPETEELLISDR,TRAFFIC CONTROL SIGNAL
BLOOMINGTON PD,BLOOMINGTON,6/17/2019,9:22 AM,2,1,0,0,0,,,,E 3RD,S DUNN ST,,,,39.164448,-86.528096,LOCAL/CITY ROAD,N,URBAN,N,N,N,,DAYLIGHT,CLOUDY,DRY,,FOUR-WAY INTERSECTION,CURVE/GRADE,ASPHALT,OTHER (DRIVER) - EXPLAIN IN NARRATIVE,OPPOSITE DIRECTION SIDESWIPE,3RDSTDUNNST,LANE CONTROL
MONROE SD,BLOOMINGTON,6/17/2019,8:37 PM,2,0,0,0,0,,,,SR 45,N RUSSELL RD,,300,E,39.19388,-86.46777594,STATE ROAD,N,RURAL,N,N,N,,DAYLIGHT,CLOUDY,WET,,NO JUNCTION INVOLVED,CURVE/GRADE,ASPHALT,LEFT OF CENTER,SAME DIRECTION SIDESWIPE,RUSSELLRDSR45E,NONE
INDIANA UNIV BLOOMINGTON PD,BLOOMINGTON,6/17/2019,4:50 AM,1,0,0,0,1,,,,SR 45/46,N FEE LN,,,,39.18596,-86.51966,STATE ROAD,N,URBAN,N,N,N,,DARK (LIGHTED),CLEAR,WET,,FOUR-WAY INTERSECTION,CURVE/LEVEL,ASPHALT,ANIMAL/OBJECT IN ROADWAY,COLLISION WITH DEER,FEELNSR46,LANE CONTROL
BLOOMINGTON PD,BLOOMINGTON,6/17/2019,7:19 PM,2,0,2,0,0,,,,S WALNUT,E HILLSIDE DR,,,,39.15052,-86.53367,LOCAL/CITY ROAD,N,URBAN,N,N,N,,DAYLIGHT,CLOUDY,WET,,FOUR-WAY INTERSECTION,STRAIGHT/LEVEL,ASPHALT,FAILURE TO YIELD RIGHT OF WAY,LEFT TURN,EHILLSIDEDRSWALNUTST,TRAFFIC CONTROL SIGNAL
MONROE SD,BLOOMINGTON,6/17/2019,1:34 PM,2,0,3,0,0,,,,SR 37,E SMITHVILLE RD,,,,39.071056,-86.5356,STATE ROAD,N,RURAL,N,N,N,,DAYLIGHT,CLEAR,DRY,,NO JUNCTION INVOLVED,STRAIGHT/GRADE,ASPHALT,FAILURE TO YIELD RIGHT OF WAY,HEAD ON BETWEEN TWO MOTOR VEHICLES,EASTSMITHVILLERDSR37S,YIELD SIGN
DNR LAW ENFORCEMENT,ELLETTSVILLE,6/17/2019,6:30 PM,1,0,0,0,0,,,,N COUNTY LINE,SR 46,,,,39.31364,-86.685528,UNKNOWN,N,RURAL,N,N,N,,DAYLIGHT,CLOUDY,MUDDY,,NO JUNCTION INVOLVED,NON-ROADWAY CRASH,OTHER - EXPLAIN IN NARRATIVE,DRIVER ILLNESS,OTHER - EXPLAIN IN NARRATIVE,SOUTHCOUNTYLINEROADRDS,NONE
MONROE SD,BLOOMINGTON,6/17/2019,5:20 PM,1,0,0,0,1,,,,N HARTSTRAIT,W WOODYARD RD,,600,S,39.208544,-86.611504,LOCAL/CITY ROAD,N,RURAL,N,N,N,,DAYLIGHT,RAIN,WET,,NO JUNCTION INVOLVED,STRAIGHT/GRADE,ASPHALT,ANIMAL/OBJECT IN ROADWAY,COLLISION WITH DEER,NHARTSTRAITRDWWOODYARDRD,NONE
MONROE SD,BLOOMINGTON,6/17/2019,5:59 AM,1,0,0,0,1,,,,SR 446,E TOWER RIDGE RD,,1500,S,39.01096899,-86.40118971,STATE ROAD,N,RURAL,N,N,N,,DAWN/DUSK,CLOUDY,DRY,,NO JUNCTION INVOLVED,STRAIGHT/LEVEL,ASPHALT,ANIMAL/OBJECT IN ROADWAY,COLLISION WITH DEER,SR446STOWERRIDGERD,NONE
MONROE SD,BLOOMINGTON,6/17/2019,7:17 AM,1,0,0,0,0,,,,SR 45,S BREEDEN RD,,100,W,39.08682893,-86.67233641,STATE ROAD,N,RURAL,N,N,N,,DAYLIGHT,CLOUDY,DRY,,NO JUNCTION INVOLVED,CURVE/GRADE,ASPHALT,RAN OFF ROAD RIGHT,RAN OFF ROAD,SOUTHBREEDENRDSR45W,NONE
BLOOMINGTON PD,BLOOMINGTON,6/18/2019,12:19 PM,3,0,0,0,0,,,,KINGSTON DR S,SR 46,,,,39.16424,-86.492944,LOCAL/CITY ROAD,N,URBAN,N,N,N,,DAYLIGHT,CLOUDY,DRY,,NO JUNCTION INVOLVED,STRAIGHT/GRADE,ASPHALT,FOLLOWING TOO CLOSELY,REAR END,3RDSTKINGSTONDR,NONE
MONROE SD,BLOOMINGTON,6/18/2019,1:52 PM,1,0,0,0,0,,,,SR 46,N SMITH PIKE,,75,W,39.21026774,-86.58341169,STATE ROAD,N,URBAN,N,N,N,,DAYLIGHT,CLEAR,DRY,,NO JUNCTION INVOLVED,STRAIGHT/LEVEL,ASPHALT,RAN OFF ROAD RIGHT,RAN OFF ROAD,NORTHSMITHPIKESR46W,TRAFFIC CONTROL SIGNAL
BLOOMINGTON PD,BLOOMINGTON,6/18/2019,2:59 PM,1,0,0,0,0,,,,E MILLER,S HUNTINGTON DR,,,,39.14827559,-86.52082808,UNKNOWN,Y,URBAN,N,N,N,,DAYLIGHT,CLEAR,DRY,,NO JUNCTION INVOLVED,STRAIGHT/LEVEL,ASPHALT,RAN OFF ROAD RIGHT,RAN OFF ROAD,SHUNTINGTONDR,NONE
BLOOMINGTON PD,BLOOMINGTON,6/18/2019,1:03 PM,2,0,0,0,0,,,,N GATES,W RUNKLE WAY,,,,39.16636,-86.57601,LOCAL/CITY ROAD,N,URBAN,N,N,N,,DAYLIGHT,RAIN,WET,,T-INTERSECTION,STRAIGHT/LEVEL,ASPHALT,IMPROPER TURNING,LEFT/RIGHT TURN,NGATESDRWRUNKLEWAY,LANE CONTROL
BLOOMINGTON PD,BLOOMINGTON,6/18/2019,3:10 PM,1,0,0,0,0,1891,,,S RENWICK,E SEMINARY DR,,,,39.14656,-86.50081,LOCAL/CITY ROAD,N,URBAN,N,N,N,,DAYLIGHT,CLEAR,DRY,,T-INTERSECTION,CURVE/LEVEL,ASPHALT,RAN OFF ROAD RIGHT,RAN OFF ROAD,SRENWICKBLVD,NONE
INDIANA UNIV BLOOMINGTON PD,BLOOMINGTON,6/19/2019,3:50 PM,3,0,0,0,0,,,,E 10TH,SR 46,,,,39.171648,-86.502096,LOCAL/CITY ROAD,Y,URBAN,N,N,N,,DAYLIGHT,RAIN,WET,,FOUR-WAY INTERSECTION,STRAIGHT/GRADE,ASPHALT,FOLLOWING TOO CLOSELY,REAR END,SR46UNIONVILLERD,TRAFFIC CONTROL SIGNAL
INDIANA UNIV BLOOMINGTON PD,BLOOMINGTON,6/19/2019,5:42 PM,2,0,0,0,0,,,,E 3RD,S SWAIN AVE,,,,39.16425,-86.51526,LOCAL/CITY ROAD,N,URBAN,N,N,N,,DAYLIGHT,CLOUDY,WET,,T-INTERSECTION,STRAIGHT/GRADE,ASPHALT,UNSAFE LANE MOVEMENT,LEFT TURN,SWAINAVETHIRDST,LANE CONTROL
BLOOMINGTON PD,BLOOMINGTON,6/19/2019,1:09 PM,2,0,0,0,0,,,,SR 45/46,I-69,Y,,,39.194144,-86.554592,STATE ROAD,N,URBAN,N,N,Y,LANE CLOSURE,DAYLIGHT,CLOUDY,DRY,,T-INTERSECTION,CURVE/GRADE,ASPHALT,FAILURE TO YIELD RIGHT OF WAY,SAME DIRECTION SIDESWIPE,SR37RDSR46W,NONE
MONROE SD,BLOOMINGTON,6/19/2019,5:43 PM,1,0,0,0,0,,,,E BOLTINGHOUSE,E OLD MEYERS RD,,420,S,39.17456561,-86.47299,LOCAL/CITY ROAD,N,RURAL,N,N,N,,DAYLIGHT,RAIN,WET,,NO JUNCTION INVOLVED,STRAIGHT/GRADE,ASPHALT,SPEED TOO FAST FOR WEATHER CONDITIONS,RAN OFF ROAD,EBOLTINGHOUSERDEOLDMEYERSRD,NONE
BLOOMINGTON PD,BLOOMINGTON,6/19/2019,2:55 PM,2,0,0,0,0,,,,E MILLER,S HIGHLAND AVE,,,,39.146992,-86.517392,LOCAL/CITY ROAD,N,URBAN,N,N,N,,DAYLIGHT,RAIN,WET,,FOUR-WAY INTERSECTION,STRAIGHT/GRADE,ASPHALT,FAILURE TO YIELD RIGHT OF WAY,RIGHT ANGLE,EMILLERDRSHIGHLANDAVE,STOP SIGN
MONROE SD,BLOOMINGTON,6/19/2019,1:59 PM,1,0,0,0,0,,,,I-69 N,,,5280,S,0,0,STATE ROAD,N,URBAN,N,Y,N,,DAYLIGHT,RAIN,WET,,NO JUNCTION INVOLVED,STRAIGHT/LEVEL,ASPHALT,RAN OFF ROAD RIGHT,RAN OFF ROAD,SR69N129,NONE
MONROE SD,BLOOMINGTON,6/19/2019,1:11 AM,1,0,0,0,1,,,,SR 37,,,2000,S,39.08758969,-86.54457085,STATE ROAD,N,RURAL,N,N,N,,DARK (NOT LIGHTED),CLEAR,DRY,,NO JUNCTION INVOLVED,CURVE/LEVEL,ASPHALT,ANIMAL/OBJECT IN ROADWAY,COLLISION WITH DEER,DILLMANRDSR37S,NONE
MONROE SD,BLOOMINGTON,6/19/2019,6:51 PM,2,0,0,0,0,,,,SR 45,S BUNGER RD,,,,39.12936,-86.604336,STATE ROAD,N,RURAL,N,N,N,,DAYLIGHT,RAIN,WET,,T-INTERSECTION,STRAIGHT/GRADE,ASPHALT,SPEED TOO FAST FOR WEATHER CONDITIONS,REAR END,SOUTHBUNGERRDSR45W,NONE
BLOOMINGTON PD,BLOOMINGTON,6/19/2019,5:40 PM,2,0,0,0,0,,,,W ARLINGTON,W GOURLEY PIKE,,,,39.186544,-86.551168,LOCAL/CITY ROAD,N,URBAN,N,N,N,,DAYLIGHT,CLOUDY,WET,,T-INTERSECTION,STRAIGHT/LEVEL,ASPHALT,FOLLOWING TOO CLOSELY,REAR END,WARLINGTONRDWGOURLEYPIKE,NONE
ISP BLOOMINGTON 33,BLOOMINGTON,6/19/2019,11:30 AM,2,0,0,0,0,,,,W DITTEMORE,N DENNY RD,,1050,E,39.29742337,-86.54379036,COUNTY ROAD,N,RURAL,N,N,Y,LANE CLOSURE,DAYLIGHT,CLEAR,DRY,,NO JUNCTION INVOLVED,STRAIGHT/LEVEL,ASPHALT,UNSAFE BACKING,BACKING CRASH,DENNYRDDITTEMORERD,OTHER REGULATORY SIGN/MARKING
MONROE SD,BLOOMINGTON,6/19/2019,12:30 AM,1,0,1,0,0,,,,W OLD SR 37,E BOLTINGHOUSE RD,,,,39.21904,-86.472896,LOCAL/CITY ROAD,N,RURAL,N,N,N,,DARK (NOT LIGHTED),FOG/SMOKE/SMOG,DRY,,NO JUNCTION INVOLVED,CURVE/LEVEL,ASPHALT,SPEED TOO FAST FOR WEATHER CONDITIONS,RAN OFF ROAD,BOLTINGHOUSERDNORTHOLD37RD,NONE
INDIANA UNIV BLOOMINGTON PD,BLOOMINGTON,6/20/2019,8:35 PM,2,0,0,0,0,,,,E 10TH,N SUNRISE DR,,,,39.17158,-86.51248,LOCAL/CITY ROAD,N,URBAN,N,N,N,,DAYLIGHT,CLEAR,DRY,,FOUR-WAY INTERSECTION,STRAIGHT/LEVEL,ASPHALT,FOLLOWING TOO CLOSELY,REAR END,NSUNRISEDRTENTHST,LANE CONTROL
MONROE SD,BLOOMINGTON,6/20/2019,2:40 PM,1,0,1,0,0,,,,SR 46,E KINGS RD,,500,W,39.16691335,-86.45672046,STATE ROAD,N,RURAL,N,N,N,,DAYLIGHT,CLOUDY,DRY,,NO JUNCTION INVOLVED,STRAIGHT/LEVEL,ASPHALT,RAN OFF ROAD RIGHT,RAN OFF ROAD,EKINGSRDSR46E,NO PASSING ZONE
BLOOMINGTON PD,BLOOMINGTON,6/20/2019,8:15 AM,2,0,0,0,0,,,,W COUNTRY CLUB,S ROGERS ST,,60,E,39.13604,-86.53827519,LOCAL/CITY ROAD,N,RURAL,N,N,N,,DAYLIGHT,CLEAR,DRY,,NO JUNCTION INVOLVED,STRAIGHT/GRADE,ASPHALT,DRIVER DISTRACTED - EXPLAIN IN NARRATIVE,REAR END,COUNTRYCLUBRDROGERSRD,LANE CONTROL
BLOOMINGTON PD,BLOOMINGTON,6/20/2019,9:45 AM,2,0,0,0,0,,,,N COLLEGE,W 8TH ST,,,,39.16951,-86.53484,LOCAL/CITY ROAD,N,URBAN,N,N,N,,DAYLIGHT,CLEAR,DRY,,FOUR-WAY INTERSECTION,STRAIGHT/GRADE,ASPHALT,IMPROPER TURNING,LEFT TURN,8THSTCOLLEGEAVE,NONE
ELLETTSVILLE PD,ELLETTSVILLE,6/20/2019,6:24 PM,2,0,0,0,0,,,,N SALE,W VINE ST,,,,39.234384,-86.624064,LOCAL/CITY ROAD,N,URBAN,N,N,N,,DAYLIGHT,CLEAR,DRY,,NO JUNCTION INVOLVED,STRAIGHT/LEVEL,ASPHALT,FAILURE TO YIELD RIGHT OF WAY,OTHER - EXPLAIN IN NARRATIVE,NORTHSALESTWESTVINEST,STOP SIGN
MONROE SD,BLOOMINGTON,6/20/2019,2:53 PM,1,0,0,0,0,3807,,,S BUSHMILL,,,,,39.12482,-86.55032,LOCAL/CITY ROAD,Y,URBAN,N,N,N,,DAYLIGHT,CLEAR,DRY,,NO JUNCTION INVOLVED,STRAIGHT/LEVEL,ASPHALT,RAN OFF ROAD RIGHT,RAN OFF ROAD,SBUSHMILLDR,NONE
BLOOMINGTON PD,BLOOMINGTON,6/21/2019,12:35 PM,2,0,0,0,0,,,,S WOODSCREST,E 3RD ST,,1000,S,39.164272,-86.502416,LOCAL/CITY ROAD,N,URBAN,N,N,N,,DAYLIGHT,CLEAR,DRY,,FOUR-WAY INTERSECTION,STRAIGHT/LEVEL,ASPHALT,FAILURE TO YIELD RIGHT OF WAY,RIGHT ANGLE,3RDSTWOODSCRESTDR,OTHER REGULATORY SIGN/MARKING
BLOOMINGTON PD,BLOOMINGTON,6/21/2019,4:28 PM,3,0,0,0,0,,,,SR 46,I-69,,,,38.99816888,-86.54550805,STATE ROAD,N,URBAN,N,N,Y,WORK ON SHOULDER,DAYLIGHT,CLOUDY,DRY,,NO JUNCTION INVOLVED,STRAIGHT/LEVEL,ASPHALT,FOLLOWING TOO CLOSELY,REAR END,46RDSR37N,NONE
BLOOMINGTON PD,BLOOMINGTON,6/21/2019,10:09 PM,2,0,0,0,0,,,,W 3RD,S PATTERSON DR,,,,39.16441,-86.55196,LOCAL/CITY ROAD,N,URBAN,N,N,N,,DARK (NOT LIGHTED),CLEAR,DRY,,FOUR-WAY INTERSECTION,STRAIGHT/LEVEL,ASPHALT,UNSAFE BACKING,REAR END,SPATTERSONDRW3RDST,TRAFFIC CONTROL SIGNAL
ISP BLOOMINGTON 33,BLOOMINGTON,6/21/2019,9:05 AM,2,1,0,0,0,,,,I-69 N,,,200,N,0,0,INTERSTATE,N,RURAL,N,N,N,,DAYLIGHT,CLEAR,DRY,,NO JUNCTION INVOLVED,STRAIGHT/GRADE,CONCRETE,UNSAFE LANE MOVEMENT,SAME DIRECTION SIDESWIPE,I69106.0,LANE CONTROL
MONROE SD,BLOOMINGTON,6/21/2019,4:59 PM,2,0,1,0,0,,,,N CURRY,,,3000,S,39.190672,-86.582992,LOCAL/CITY ROAD,N,URBAN,N,N,N,,DAYLIGHT,CLOUDY,DRY,,NO JUNCTION INVOLVED,STRAIGHT/LEVEL,ASPHALT,FAILURE TO YIELD RIGHT OF WAY,RIGHT ANGLE,NCURRYPIKEWWOODYARDRD,NONE
BLOOMINGTON PD,BLOOMINGTON,6/21/2019,2:25 PM,2,0,0,0,0,,,,N WALNUT,E 6TH ST,,,,39.167648,-86.533584,LOCAL/CITY ROAD,N,URBAN,N,N,N,,DAYLIGHT,CLEAR,DRY,,FOUR-WAY INTERSECTION,STRAIGHT/LEVEL,ASPHALT,UNSAFE LANE MOVEMENT,OPPOSITE DIRECTION SIDESWIPE,E6THSTNWALNUTST,TRAFFIC CONTROL SIGNAL
BLOOMINGTON PD,BLOOMINGTON,6/21/2019,9:44 PM,2,0,1,0,0,,,,N WALNUT,W 15TH ST,,,,39.176848,-86.533424,LOCAL/CITY ROAD,N,URBAN,N,N,N,,DARK (LIGHTED),CLOUDY,WET,,NO JUNCTION INVOLVED,STRAIGHT/GRADE,ASPHALT,UNSAFE LANE MOVEMENT,REAR END,15THSTNWALNUTST,NONE
BLOOMINGTON PD,BLOOMINGTON,6/21/2019,8:38 AM,2,0,0,0,0,,,,W 6TH,N MADISON ST,,70,E,39.167664,-86.53704902,LOCAL/CITY ROAD,N,URBAN,N,N,N,,DAYLIGHT,CLEAR,DRY,,NO JUNCTION INVOLVED,STRAIGHT/LEVEL,ASPHALT,FAILURE TO YIELD RIGHT OF WAY,LEFT TURN,6THSTMADISONST,LANE CONTROL
BLOOMINGTON PD,BLOOMINGTON,6/22/2019,8:39 PM,2,0,0,0,0,,,,SR 45/46,N KINSER PIKE,,,,39.186544,-86.537888,STATE ROAD,N,URBAN,N,N,N,,DAWN/DUSK,CLEAR,DRY,,FOUR-WAY INTERSECTION,STRAIGHT/LEVEL,ASPHALT,FAILURE TO YIELD RIGHT OF WAY,LEFT TURN,NKINSERPIKESR45W,TRAFFIC CONTROL SIGNAL
INDIANA UNIV BLOOMINGTON PD,BLOOMINGTON,6/22/2019,4:55 PM,1,0,0,0,0,,,,SR 45/46,N RANGE RD,,50,S,39.171504,-86.495312,STATE ROAD,N,URBAN,N,N,N,,DAYLIGHT,CLEAR,DRY,,NO JUNCTION INVOLVED,STRAIGHT/LEVEL,ASPHALT,UNSAFE LANE MOVEMENT,RAN OFF ROAD,RANGERDSR46E,LANE CONTROL
MONROE SD,BLOOMINGTON,6/22/2019,9:48 AM,2,0,0,0,0,,,,SR 46,N CURRY PIKE,,,,39.19369,-86.57139,STATE ROAD,N,URBAN,N,N,Y,X-OVER/LANE SHIFT,DAYLIGHT,RAIN,WATER (STANDING OR MOVING),,T-INTERSECTION,STRAIGHT/LEVEL,ASPHALT,ROADWAY SURFACE CONDITION,REAR END,CURRYPIKESR46W,TRAFFIC CONTROL SIGNAL
INDIANA UNIV BLOOMINGTON PD,BLOOMINGTON,6/22/2019,7:13 PM,1,0,1,0,0,,,,E ATWATER,S PARK AVE,,204,W,39.16311,-86.52401234,LOCAL/CITY ROAD,N,URBAN,N,N,N,,DAYLIGHT,CLEAR,DRY,,NO JUNCTION INVOLVED,STRAIGHT/LEVEL,ASPHALT,IMPROPER LANE USAGE,RAN OFF ROAD,ATWATERAVEPARKAVE,NONE