Agency,City,Collision Date,Collision Time,Vehicles Involved,Trailers Involved,Number Injured,Number Dead,Number Deer,House Number,Roadway Interchange,Roadway Ramp,Roadway Id,Intersecting Road,Interchange,Feet From,Direction,Latitude,Longitude,Roadway Class,Hit and Run?,Locality,School Zone?,Rumble Strips?,Construction?,Construction Type,Light Condition,Weather Conditions,Surface Condition,Type of Median,Roadway Junction Type,Road Character,Roadway Surface,Primary Factor,Manner of Collision,Unique Location Id,Traffic Control
BLOOMINGTON PD,BLOOMINGTON,7/19/2019,10:33 AM,2,0,0,0,0,,,,S LEONARD SPRINGS,W STAPLETON AVE,,100,N,39.13861061,-86.58253454,LOCAL/CITY ROAD,N,URBAN,N,N,N,,DAYLIGHT,CLEAR,DRY,,NO JUNCTION INVOLVED,STRAIGHT/HILLCREST,ASPHALT,VIEW OBSTRUCTED,REAR END,LEONARDSPRINGSRDSTAPLETONAVE,LANE CONTROL
MONROE SD,ELLETTSVILLE,7/19/2019,3:11 PM,2,0,1,0,0,,,,SR 46,,,1000,W,39.19369,-86.57130342,STATE ROAD,N,RURAL,N,Y,Y,LANE CLOSURE,DAYLIGHT,CLEAR,DRY,,NO JUNCTION INVOLVED,STRAIGHT/GRADE,ASPHALT,FOLLOWING TOO CLOSELY,REAR END,NCURRYPIKESR46W,LANE CONTROL
BLOOMINGTON PD,BLOOMINGTON,7/19/2019,7:17 PM,1,0,2,0,0,,,,W FOUNTAIN,W 11TH ST,,75,W,0,0,LOCAL/CITY ROAD,N,URBAN,N,N,N,,DAYLIGHT,CLEAR,DRY,,T-INTERSECTION,STRAIGHT/LEVEL,ASPHALT,IMPROPER TURNING,RAN OFF ROAD,W11THSTWFOUNTAINDR,STOP SIGN
MONROE SD,BLOOMINGTON,7/20/2019,7:53 AM,1,0,0,0,0,,,,N ANDY,N NORWAY DR,,70,S,39.20188,-86.58541,LOCAL/CITY ROAD,N,URBAN,N,N,N,,DAYLIGHT,CLEAR,DRY,,FOUR-WAY INTERSECTION,STRAIGHT/LEVEL,ASPHALT,DRIVER ILLNESS,OTHER - EXPLAIN IN NARRATIVE,ANDYWAYNORWAYDR,STOP SIGN
MONROE SD,BLOOMINGTON,7/20/2019,5:24 AM,1,0,0,0,0,,,,W WAMPLER,W BURMA RD,,2160,N,39.56397927,-86.5861,LOCAL/CITY ROAD,N,RURAL,N,N,N,,DARK (LIGHTED),CLEAR,DRY,,NO JUNCTION INVOLVED,CURVE/GRADE,ASPHALT,RAN OFF ROAD RIGHT,RAN OFF ROAD,BURMARDWAMPLERRD,NONE
BLOOMINGTON PD,BLOOMINGTON,7/21/2019,3:10 PM,2,2,0,0,0,,,,W KIRKWOOD,N COLLEGE AVE,,,,39.16664,-86.5348,LOCAL/CITY ROAD,Y,URBAN,N,N,N,,DAYLIGHT,CLEAR,DRY,,FOUR-WAY INTERSECTION,STRAIGHT/LEVEL,CONCRETE,IMPROPER TURNING,RIGHT TURN,SCOLLEGEAVEWKIRKWOODAVE,TRAFFIC CONTROL SIGNAL
MONROE SD,BLOOMINGTON,7/21/2019,6:24 PM,1,0,0,0,0,,,,E WINDFREE,E SALT CREEK DR,,500,N,0,0,LOCAL/CITY ROAD,N,RURAL,N,N,N,,DAYLIGHT,CLOUDY,DRY,,NO JUNCTION INVOLVED,CURVE/GRADE,ASPHALT,RAN OFF ROAD RIGHT,RAN OFF ROAD,SATCREEKDRWINDFREELN,NONE
DNR LAW ENFORCEMENT,BLOOMINGTON,7/21/2019,7:15 PM,2,0,0,0,0,,,,S FAIRFAX,,,,,39.07346106,-86.50460699,COUNTY ROAD,N,RURAL,N,N,N,,DAWN/DUSK,RAIN,WET,,NO JUNCTION INVOLVED,CURVE/GRADE,ASPHALT,UNSAFE SPEED,OPPOSITE DIRECTION SIDESWIPE,FAIRFAXRDNONERD,NONE
BLOOMINGTON PD,BLOOMINGTON,7/22/2019,8:30 PM,2,0,0,0,0,,,,S COLLEGE,W 3RD ST,,,,39.16464,-86.534816,LOCAL/CITY ROAD,N,URBAN,N,N,N,,DAWN/DUSK,CLEAR,DRY,,FOUR-WAY INTERSECTION,STRAIGHT/LEVEL,ASPHALT,FOLLOWING TOO CLOSELY,REAR END,SOUTHCOLLEGEAVEWEST3RDST,TRAFFIC CONTROL SIGNAL
MONROE SD,BLOOMINGTON,7/22/2019,5:33 PM,1,0,0,0,0,,,,I-69 S,,,15,N,41.38017958,-85.07445188,INTERSTATE,N,RURAL,N,Y,N,,DAYLIGHT,CLEAR,DRY,,NO JUNCTION INVOLVED,STRAIGHT/LEVEL,ASPHALT,RAN OFF ROAD RIGHT,RAN OFF ROAD,I69S130,LANE CONTROL
BLOOMINGTON PD,BLOOMINGTON,7/23/2019,3:57 PM,2,1,0,0,0,,,,SR 45/46,W ARLINGTON RD (BRIDGE),,,,39.194144,-86.554592,LOCAL/CITY ROAD,N,URBAN,N,N,Y,X-OVER/LANE SHIFT,DAYLIGHT,CLEAR,DRY,,NO JUNCTION INVOLVED,STRAIGHT/LEVEL,ASPHALT,OVERSIZE/OVERWEIGHT LOAD,OTHER - EXPLAIN IN NARRATIVE,NARLINGTONDRWESTSTATEROAD4546RD,NONE
BLOOMINGTON PD,BLOOMINGTON,7/23/2019,11:40 AM,2,0,0,0,0,,,,S ADAMS,W KIRKWOOD AVE,,,,39.166816,-86.549488,LOCAL/CITY ROAD,N,URBAN,N,N,N,,DAYLIGHT,CLEAR,DRY,,FOUR-WAY INTERSECTION,CURVE/GRADE,ASPHALT,UNSAFE LANE MOVEMENT,SAME DIRECTION SIDESWIPE,ADAMSSTKIRKWOODAVE,TRAFFIC CONTROL SIGNAL
MONROE SD,BLOOMINGTON,7/23/2019,3:03 PM,3,0,0,0,0,,,,SR 46,S LORI LN,,,,39.166448,-86.466,STATE ROAD,N,RURAL,N,N,N,,DAYLIGHT,CLEAR,DRY,,T-INTERSECTION,STRAIGHT/LEVEL,ASPHALT,FOLLOWING TOO CLOSELY,REAR END,SLORILNSR46E,NONE
BLOOMINGTON PD,BLOOMINGTON,7/24/2019,8:05 PM,2,0,0,0,0,,,,W KIRKWOOD,N COLLEGE AVE,,,,39.16664,-86.5348,LOCAL/CITY ROAD,N,URBAN,Y,N,N,,DAYLIGHT,CLEAR,DRY,,FOUR-WAY INTERSECTION,STRAIGHT/LEVEL,ASPHALT,UNSAFE LANE MOVEMENT,SAME DIRECTION SIDESWIPE,SCOLLEGEAVEWKIRKWOODAVE,TRAFFIC CONTROL SIGNAL
ISP BLOOMINGTON 33,BLOOMINGTON,7/24/2019,7:55 AM,2,0,0,0,0,,,,I-69 N,N SR 37 BUSINESS,Y,100,N,0,0,INTERSTATE,N,RURAL,N,N,N,,DAYLIGHT,CLEAR,DRY,,NO JUNCTION INVOLVED,STRAIGHT/LEVEL,ASPHALT,UNSAFE LANE MOVEMENT,SAME DIRECTION SIDESWIPE,I69113.5,LANE CONTROL
BLOOMINGTON PD,BLOOMINGTON,7/24/2019,8:38 AM,3,0,0,0,0,,,,E MILLER,S WALNUT ST,,,,0,0,LOCAL/CITY ROAD,N,URBAN,N,N,N,,DAYLIGHT,CLEAR,DRY,,T-INTERSECTION,STRAIGHT/GRADE,ASPHALT,FOLLOWING TOO CLOSELY,REAR END,MILLERDRWALNUTST,TRAFFIC CONTROL SIGNAL
BLOOMINGTON PD,BLOOMINGTON,7/24/2019,1:00 PM,2,0,0,0,0,205,,,E 20TH,,,,,39.18184,-86.53213518,UNKNOWN,Y,URBAN,N,N,N,,DAYLIGHT,CLEAR,DRY,,NO JUNCTION INVOLVED,STRAIGHT/GRADE,CONCRETE,IMPROPER TURNING,LEFT/RIGHT TURN,E20THST,NONE
BLOOMINGTON PD,BLOOMINGTON,7/24/2019,12:05 PM,2,0,0,0,0,,,,N WALNUT,E 1ST ST,,,,39.17784,-86.533408,LOCAL/CITY ROAD,N,URBAN,N,N,N,,DAYLIGHT,CLEAR,DRY,,FOUR-WAY INTERSECTION,STRAIGHT/LEVEL,ASPHALT,OTHER (DRIVER) - EXPLAIN IN NARRATIVE,OTHER - EXPLAIN IN NARRATIVE,E1STSTNWALNIUTST,TRAFFIC CONTROL SIGNAL
BLOOMINGTON PD,BLOOMINGTON,7/24/2019,11:21 AM,1,0,1,0,0,,,,W KIRKWOOD,B-LINE TRAIL,,,,0,0,LOCAL/CITY ROAD,N,URBAN,N,N,N,,DAYLIGHT,CLEAR,DRY,,FOUR-WAY INTERSECTION,STRAIGHT/LEVEL,ASPHALT,FAILURE TO YIELD RIGHT OF WAY,RIGHT ANGLE,BLINETRLWKIRKWOODAVE,YIELD SIGN
MONROE SD,BLOOMINGTON,7/25/2019,12:13 PM,1,0,0,0,0,,,,N BRUMMETTS CREEK,E FLEENER RD,,,,39.22114852,-86.41169278,COUNTY ROAD,N,RURAL,N,N,N,,DAYLIGHT,CLEAR,DRY,,T-INTERSECTION,STRAIGHT/LEVEL,ASPHALT,ANIMAL/OBJECT IN ROADWAY,COLLISION WITH DEER,EFLEENERRDNBRUMMETTSCREEKRD,NONE
MONROE SD,BLOOMINGTON,7/25/2019,8:00 AM,2,0,0,0,0,436,,,S WESTERN,,,,,39.16504,-86.586528,LOCAL/CITY ROAD,Y,URBAN,N,N,N,,UNKNOWN,CLEAR,DRY,,NO JUNCTION INVOLVED,STRAIGHT/LEVEL,ASPHALT,UNSAFE LANE MOVEMENT,SAME DIRECTION SIDESWIPE,SWESTERNDR,NONE
BLOOMINGTON PD,BLOOMINGTON,7/25/2019,6:25 PM,3,0,2,0,0,,,,W 12TH,N ILLINOIS ST,,,,39.174352,-86.5504,LOCAL/CITY ROAD,N,URBAN,N,N,N,,DAYLIGHT,CLEAR,DRY,,T-INTERSECTION,STRAIGHT/LEVEL,ASPHALT,UNSAFE SPEED,SAME DIRECTION SIDESWIPE,ILLINOISSTW12THST,STOP SIGN
BLOOMINGTON PD,BLOOMINGTON,7/26/2019,3:35 PM,2,0,1,0,0,,,,E WINSLOW,S WALNUT ST PIKE,,,,39.136144,-86.528688,LOCAL/CITY ROAD,N,URBAN,N,N,N,,DAYLIGHT,CLEAR,DRY,,NO JUNCTION INVOLVED,STRAIGHT/LEVEL,ASPHALT,FOLLOWING TOO CLOSELY,REAR END,EWINSLOWRDSWALNUTSTREETPIKE,NONE
INDIANA UNIV BLOOMINGTON PD,BLOOMINGTON,7/26/2019,8:40 PM,2,0,0,0,0,,,,E 3RD,S SWAIN AVE,,100,W,39.16425,-86.51525134,LOCAL/CITY ROAD,N,URBAN,N,N,N,,DAYLIGHT,CLEAR,DRY,,NO JUNCTION INVOLVED,STRAIGHT/GRADE,ASPHALT,UNSAFE LANE MOVEMENT,SAME DIRECTION SIDESWIPE,SWAINAVETHIRDST,LANE CONTROL
ISP BLOOMINGTON 33,BLOOMINGTON,7/26/2019,2:05 PM,2,0,0,0,0,,,,SR 46,S PARK RIDGE RD,,,,39.16424,-86.476096,LOCAL/CITY ROAD,N,URBAN,N,N,N,,DARK (LIGHTED),CLEAR,DRY,,FOUR-WAY INTERSECTION,STRAIGHT/LEVEL,ASPHALT,FAILURE TO YIELD RIGHT OF WAY,RIGHT ANGLE,3RDSTSOUTHPARKRIDGERD,STOP SIGN
BLOOMINGTON PD,BLOOMINGTON,7/26/2019,5:20 PM,2,0,0,0,0,,,,W 2ND,S WALKER ST,,,,39.161648,-86.546128,UNKNOWN,N,URBAN,N,N,N,,DAYLIGHT,CLEAR,DRY,,FOUR-WAY INTERSECTION,STRAIGHT/LEVEL,ASPHALT,FOLLOWING TOO CLOSELY,REAR END,SWALKERSTW2NDST,TRAFFIC CONTROL SIGNAL
BLOOMINGTON PD,BLOOMINGTON,7/26/2019,8:30 AM,2,0,0,0,0,,,,S WALNUT,E MILLER DR,,200,N,39.16802932,-86.53265,LOCAL/CITY ROAD,N,URBAN,N,N,N,,DAYLIGHT,CLEAR,DRY,,NO JUNCTION INVOLVED,STRAIGHT/LEVEL,ASPHALT,FOLLOWING TOO CLOSELY,REAR END,MILLERDRWALNUTST,LANE CONTROL
ISP BLOOMINGTON 33,BLOOMINGTON,7/26/2019,8:18 AM,1,0,2,0,0,,,,SR 37,E SMITHVILLE RD,,300,N,39.07187776,-86.53567758,STATE ROAD,N,RURAL,N,N,N,,DAYLIGHT,CLEAR,DRY,,NO JUNCTION INVOLVED,STRAIGHT/GRADE,ASPHALT,RAN OFF ROAD RIGHT,RAN OFF ROAD,SMITHVILLERDSR37,LANE CONTROL
MONROE SD,BLOOMINGTON,7/26/2019,9:30 PM,1,0,0,0,1,,,,N MT TABOR,N BOTTOM RD,,500,N,39.310944,-86.633184,COUNTY ROAD,N,RURAL,N,N,N,,DARK (NOT LIGHTED),CLEAR,DRY,,NO JUNCTION INVOLVED,STRAIGHT/LEVEL,ASPHALT,ANIMAL/OBJECT IN ROADWAY,COLLISION WITH DEER,NBOTTOMRDNMOUNTTABORRD,NONE
INDIANA UNIV BLOOMINGTON PD,BLOOMINGTON,7/26/2019,9:30 AM,1,0,0,0,0,,,,N SUNRISE,E 7TH ST,,300,N,39.20025651,-86.51242,LOCAL/CITY ROAD,N,URBAN,N,N,N,,DAYLIGHT,CLEAR,DRY,,NO JUNCTION INVOLVED,STRAIGHT/LEVEL,ASPHALT,UNSAFE BACKING,OTHER - EXPLAIN IN NARRATIVE,E7THSTNSUNRISEAVE,NONE
MONROE SD,BLOOMINGTON,7/26/2019,10:01 AM,2,0,0,0,0,,,,S CURRY,W BELLE AVE,,,,39.163552,-86.582896,LOCAL/CITY ROAD,N,URBAN,N,N,N,,DAYLIGHT,CLEAR,DRY,,T-INTERSECTION,STRAIGHT/LEVEL,ASPHALT,FAILURE TO YIELD RIGHT OF WAY,RIGHT ANGLE,SCURRYPIKEWBELLEAVE,STOP SIGN
ELLETTSVILLE PD,ELLETTSVILLE,7/26/2019,9:54 AM,2,0,0,0,0,,,,SR 46,N SEASONS DR,,,,39.21691557,-86.59802648,STATE ROAD,N,URBAN,N,N,N,,DAYLIGHT,CLEAR,DRY,,NO JUNCTION INVOLVED,STRAIGHT/LEVEL,ASPHALT,FAILURE TO YIELD RIGHT OF WAY,SAME DIRECTION SIDESWIPE,RIDGEWOODDRSR46W,OTHER REGULATORY SIGN/MARKING
BLOOMINGTON PD,BLOOMINGTON,7/27/2019,7:59 PM,2,0,2,0,0,,,,W BLOOMFIELD,I-69 N,Y,,,0,0,STATE ROAD,N,URBAN,N,N,N,,DAYLIGHT,CLEAR,DRY,,FOUR-WAY INTERSECTION,STRAIGHT/LEVEL,ASPHALT,FAILURE TO YIELD RIGHT OF WAY,LEFT TURN,SR37NWBLOOMFIELDRD,TRAFFIC CONTROL SIGNAL
BLOOMINGTON PD,BLOOMINGTON,7/27/2019,12:14 PM,2,0,0,0,0,,,,N WALNUT,,,700,N,39.186368,-86.5344,LOCAL/CITY ROAD,N,URBAN,N,N,N,,DAYLIGHT,CLEAR,DRY,,NO JUNCTION INVOLVED,STRAIGHT/LEVEL,ASPHALT,FOLLOWING TOO CLOSELY,REAR END,NWALNUTSTSR46W,NONE
BLOOMINGTON PD,BLOOMINGTON,7/27/2019,1:04 AM,1,0,0,0,0,,,,W GRIMES,S MORTON ST,,,,39.15344,-86.536304,LOCAL/CITY ROAD,N,URBAN,Y,N,N,,DARK (LIGHTED),CLOUDY,DRY,,T-INTERSECTION,STRAIGHT/GRADE,ASPHALT,OTHER (DRIVER) - EXPLAIN IN NARRATIVE,OTHER - EXPLAIN IN NARRATIVE,GRIMESLNMORTONST,NONE
BLOOMINGTON PD,BLOOMINGTON,7/28/2019,10:02 PM,2,0,0,0,0,,,,SR 45/46,N COLLEGE AVE,,,,39.186368,-86.5344,STATE ROAD,N,URBAN,N,N,N,,DARK (LIGHTED),CLEAR,DRY,,NO JUNCTION INVOLVED,STRAIGHT/LEVEL,ASPHALT,FAILURE TO YIELD RIGHT OF WAY,HEAD ON BETWEEN TWO MOTOR VEHICLES,SR4546EWALNUTST,TRAFFIC CONTROL SIGNAL
MONROE SD,BLOOMINGTON,7/28/2019,10:00 PM,2,0,0,0,0,,,,E SMITHVILLE,SR 37,,,,39.070945,-86.536255,LOCAL/CITY ROAD,N,RURAL,N,N,N,,DARK (NOT LIGHTED),CLEAR,DRY,,FOUR-WAY INTERSECTION,STRAIGHT/LEVEL,ASPHALT,FOLLOWING TOO CLOSELY,REAR END,ESMITHVILLERDSIN37RD,STOP SIGN
MONROE SD,BLOOMINGTON,7/28/2019,9:31 AM,1,0,0,0,0,,,,N CURRY,N LINTEL DR,,,,39.19266,-86.5756,LOCAL/CITY ROAD,Y,RURAL,N,N,N,,DAYLIGHT,CLEAR,DRY,,NO JUNCTION INVOLVED,STRAIGHT/LEVEL,ASPHALT,RAN OFF ROAD RIGHT,RAN OFF ROAD,LINTELDRNCURRYPIKE,NONE
MONROE SD,BLOOMINGTON,7/28/2019,3:36 PM,2,0,0,0,0,,,,SR 446,E WALDRIP CREEK RD,,3400,N,39.07034647,-86.41613186,STATE ROAD,N,RURAL,N,N,N,,DAYLIGHT,CLEAR,DRY,,NO JUNCTION INVOLVED,STRAIGHT/LEVEL,CONCRETE,FOLLOWING TOO CLOSELY,REAR END,EWALDRIPCREEKRDSR446S,NONE
MONROE SD,BLOOMINGTON,7/28/2019,5:56 AM,1,0,1,0,0,1550,,,SR 446,,,,,39.148464,-86.471256,STATE ROAD,N,RURAL,N,N,N,,DAWN/DUSK,CLEAR,DRY,,NO JUNCTION INVOLVED,CURVE/LEVEL,ASPHALT,RAN OFF ROAD RIGHT,RAN OFF ROAD,SR446N,NONE
BLOOMINGTON PD,BLOOMINGTON,7/29/2019,3:30 PM,2,0,0,0,0,,I69,,W 3RD,I-69,,,,0,0,LOCAL/CITY ROAD,Y,URBAN,N,N,N,,DAYLIGHT,RAIN,WATER (STANDING OR MOVING),,INTERCHANGE,STRAIGHT/LEVEL,CONCRETE,DISREGARD SIGNAL/REG SIGN,LEFT TURN,WTHIRDST,LANE CONTROL
BLOOMINGTON PD,BLOOMINGTON,7/29/2019,4:05 PM,2,0,0,0,0,,,,N WALNUT,SR 45/46,,,,39.186352,-86.534704,LOCAL/CITY ROAD,Y,URBAN,N,N,N,,DAYLIGHT,RAIN,WET,,FOUR-WAY INTERSECTION,STRAIGHT/LEVEL,ASPHALT,OTHER (VEHICLE) - EXPLAIN IN NARRATIVE,REAR END,NORTHCOLLEGEAVESTATEROAD46,LANE CONTROL
INDIANA UNIV BLOOMINGTON PD,BLOOMINGTON,7/29/2019,11:46 AM,1,0,2,0,0,,,,E 10TH,N JEFFERSON ST,,,,39.171648,-86.507088,LOCAL/CITY ROAD,N,URBAN,N,N,N,,DAYLIGHT,CLEAR,DRY,,RAILROAD CROSSINGS,CURVE/LEVEL,ASPHALT,OVERCORRECTING/OVERSTEERING,COLLISION WITH OBJECT IN ROAD,10THSTJEFFERSONST,LANE CONTROL
MONROE SD,BLOOMINGTON,7/29/2019,2:09 PM,2,0,0,0,0,,,,S WALNUT,S ORCHARD LN,,,,39.11584,-86.5312,LOCAL/CITY ROAD,N,URBAN,N,N,N,,DAYLIGHT,CLEAR,DRY,,NO JUNCTION INVOLVED,STRAIGHT/LEVEL,ASPHALT,FOLLOWING TOO CLOSELY,REAR END,SOLDSTATEROAD37ROWSORCHARDLN,NONE
MONROE SD,BLOOMINGTON,7/29/2019,3:46 PM,1,0,0,0,1,,,,SR 37,E SMITHVILLE RD,,200,N,39.07160384,-86.53565172,STATE ROAD,N,RURAL,N,N,N,,DAYLIGHT,RAIN,WET,,FOUR-WAY INTERSECTION,STRAIGHT/LEVEL,ASPHALT,ANIMAL/OBJECT IN ROADWAY,COLLISION WITH DEER,SMITHVILLERDSR37N,NONE
INDIANA UNIV BLOOMINGTON PD,BLOOMINGTON,7/29/2019,1:12 PM,1,1,0,0,0,,,,N DUNN,E 20TH ST,,,,39.1818,-86.52832,LOCAL/CITY ROAD,N,URBAN,N,N,N,,DAYLIGHT,CLEAR,DRY,,NO JUNCTION INVOLVED,STRAIGHT/GRADE,ASPHALT,OTHER (ENVIRONMENTAL) - EXPLAIN IN NARR,NON-COLLISION,DUNNSTTWENTIETHST,NONE
BLOOMINGTON PD,BLOOMINGTON,7/29/2019,4:28 PM,2,0,0,0,0,,,,N SMITH,E GRANDVIEW DR,,,,39.168848,-86.481296,LOCAL/CITY ROAD,N,URBAN,N,N,N,,DAYLIGHT,RAIN,WET,,T-INTERSECTION,STRAIGHT/GRADE,ASPHALT,FOLLOWING TOO CLOSELY,REAR END,EGRANDVIEWDRNSMITHRD,NONE
INDIANA UNIV BLOOMINGTON PD,BLOOMINGTON,7/29/2019,5:25 PM,2,0,0,0,0,,,,SR 45/46,N MARTHA ST,,,,39.1863,-86.53163,STATE ROAD,N,URBAN,N,N,N,,DAYLIGHT,RAIN,WET,,NO JUNCTION INVOLVED,STRAIGHT/LEVEL,ASPHALT,SPEED TOO FAST FOR WEATHER CONDITIONS,REAR END,MARTHASTSR46,NONE
BLOOMINGTON PD,BLOOMINGTON,7/29/2019,8:30 AM,2,0,0,0,0,,,,W 6TH,N WALNUT ST,,100,W,39.167648,-86.533584,LOCAL/CITY ROAD,Y,URBAN,N,N,N,,DAYLIGHT,CLEAR,DRY,,FOUR-WAY INTERSECTION,STRAIGHT/GRADE,ASPHALT,IMPROPER TURNING,SAME DIRECTION SIDESWIPE,NWALNUTSTW6THST,NONE
ISP BLOOMINGTON 33,BLOOMINGTON,7/29/2019,10:56 AM,2,0,0,0,0,,,,W COUNTY CLUB,S WALNUT ST,,,,39.13597,-86.53111,LOCAL/CITY ROAD,N,URBAN,N,N,N,,DAYLIGHT,CLEAR,DRY,,FOUR-WAY INTERSECTION,STRAIGHT/LEVEL,ASPHALT,FOLLOWING TOO CLOSELY,REAR END,COUNTYCLUBDRWALNUTST,TRAFFIC CONTROL SIGNAL
MONROE SD,BLOOMINGTON,7/30/2019,2:25 PM,1,1,0,0,0,,,,N CURRY,W VERNAL PIKE,,1500,S,39.179248,-86.5832,COUNTY ROAD,Y,URBAN,N,N,N,,DAYLIGHT,CLEAR,DRY,,NO JUNCTION INVOLVED,STRAIGHT/GRADE,ASPHALT,RAN OFF ROAD RIGHT,,NORTHCURRYPIKEWESTVERNALPIKE,NONE
MONROE SD,BLOOMINGTON,7/30/2019,1:40 PM,2,0,0,0,0,,,,N CURRY,W JONATHAN DR,,400,S,39.12605817,-86.58295,COUNTY ROAD,N,URBAN,N,N,N,,DAYLIGHT,CLEAR,DRY,,T-INTERSECTION,STRAIGHT/LEVEL,ASPHALT,FAILURE TO YIELD RIGHT OF WAY,RIGHT TURN,NORTHCURRYPIKEWESTJONATHANDR,OTHER REGULATORY SIGN/MARKING
MONROE SD,BLOOMINGTON,7/30/2019,10:20 AM,2,1,0,0,0,,,,S WALNUT,W CHURCH LN,,,,39.10726,-86.53149,COUNTY ROAD,N,RURAL,N,N,N,,DAYLIGHT,CLEAR,DRY,,NO JUNCTION INVOLVED,STRAIGHT/LEVEL,ASPHALT,UNSAFE BACKING,BACKING CRASH,SOLDSTATE37RDWCHURCHLN,TRAFFIC CONTROL SIGNAL
BLOOMINGTON PD,BLOOMINGTON,7/30/2019,8:55 AM,2,0,0,0,0,,,,SR 46,S PARK RIDGE RD,,,,39.16424,-86.476096,LOCAL/CITY ROAD,N,URBAN,N,N,N,,DAYLIGHT,CLEAR,DRY,,FOUR-WAY INTERSECTION,STRAIGHT/LEVEL,ASPHALT,FAILURE TO YIELD RIGHT OF WAY,RIGHT ANGLE,E3RDSTSPARKRIDGERD,STOP SIGN
MONROE SD,ELLETTSVILLE,7/30/2019,6:57 AM,4,0,1,0,0,,,,SR 46,W ARLINGTON RD,,300,W,39.20780192,-86.57483245,STATE ROAD,N,RURAL,N,N,Y,LANE CLOSURE,DAWN/DUSK,CLEAR,DRY,,NO JUNCTION INVOLVED,STRAIGHT/GRADE,CONCRETE,UNSAFE SPEED,REAR END,SR46WWARLINGTONRD,LANE CONTROL
BLOOMINGTON PD,BLOOMINGTON,7/30/2019,2:30 PM,2,0,2,0,0,,,,S LIBERTY,W CONSTITUTION AVE,,,,39.149552,-86.575936,LOCAL/CITY ROAD,N,URBAN,N,N,N,,DAYLIGHT,CLEAR,DRY,,T-INTERSECTION,STRAIGHT/GRADE,ASPHALT,FOLLOWING TOO CLOSELY,REAR END,SLIBERTYDRWCONSTITUTIONAVE,NONE
MONROE SD,BLOOMINGTON,7/30/2019,1:57 AM,1,0,0,0,0,,,,S OLD SR 37,S HARRODSBURG RD,,,,39.00071,-86.54482,STATE ROAD,N,RURAL,N,N,N,,DARK (NOT LIGHTED),CLEAR,DRY,,Y-INTERSECTION,CURVE/GRADE,ASPHALT,RAN OFF ROAD RIGHT,RAN OFF ROAD,SHARRODSBURGRDSR37S,NONE
BLOOMINGTON PD,BLOOMINGTON,7/30/2019,11:03 PM,2,0,1,0,0,,,,S ROGERS,W 3RD ST,,,,39.16472,-86.538592,LOCAL/CITY ROAD,N,URBAN,N,N,N,,DARK (LIGHTED),CLEAR,DRY,,FOUR-WAY INTERSECTION,STRAIGHT/GRADE,ASPHALT,FAILURE TO YIELD RIGHT OF WAY,HEAD ON BETWEEN TWO MOTOR VEHICLES,SROGERSSTW3RDST,TRAFFIC CONTROL SIGNAL
MONROE SD,BLOOMINGTON,7/31/2019,1:39 PM,2,0,0,0,0,,,,SR 45,S LIBERTY DR,,,,39.145152,-86.5776,STATE ROAD,N,URBAN,N,N,N,,DAYLIGHT,CLEAR,DRY,,FOUR-WAY INTERSECTION,STRAIGHT/LEVEL,ASPHALT,FAILURE TO YIELD RIGHT OF WAY,RIGHT ANGLE,SLIBERTYDRSR45W,TRAFFIC CONTROL SIGNAL
BLOOMINGTON PD,BLOOMINGTON,7/31/2019,7:15 PM,2,0,0,0,0,,,,S COLLEGE,W KIRKWOOD AVE,,,,39.16664,-86.5348,LOCAL/CITY ROAD,N,URBAN,N,N,N,,DAYLIGHT,CLEAR,DRY,,FOUR-WAY INTERSECTION,STRAIGHT/GRADE,ASPHALT,DISREGARD SIGNAL/REG SIGN,RIGHT ANGLE,SCOLLEGEAVEWKIRKWOODAVE,TRAFFIC CONTROL SIGNAL
MONROE SD,BLOOMINGTON,7/31/2019,5:17 AM,1,0,0,0,0,,,,E BETHEL,N STIDD DR,,1000,W,39.214752,-86.477504,LOCAL/CITY ROAD,N,RURAL,N,N,N,,DAWN/DUSK,CLEAR,DRY,,NO JUNCTION INVOLVED,CURVE/LEVEL,ASPHALT,RAN OFF ROAD RIGHT,RAN OFF ROAD,EBETHELLNNSTIDDDR,NONE
MONROE SD,ELLETTSVILLE,7/31/2019,4:15 PM,2,0,0,0,0,,,,N MAPLE GROVE,W MAPLE GROVE RD,,1000,N,39.24744,-86.547792,LOCAL/CITY ROAD,N,RURAL,N,N,N,,DAYLIGHT,CLEAR,DRY,,NO JUNCTION INVOLVED,STRAIGHT/LEVEL,ASPHALT,UNSAFE LANE MOVEMENT,SAME DIRECTION SIDESWIPE,NMAPLEGROVERDWMAPLEGROVERD,NONE
MONROE SD,BLOOMINGTON,7/31/2019,8:00 PM,2,0,0,0,0,,,,N PROFILE,SR 48,,,,39.16468,-86.586175,COUNTY ROAD,Y,RURAL,N,N,B,,DAYLIGHT,CLEAR,DRY,,FOUR-WAY INTERSECTION,STRAIGHT/LEVEL,ASPHALT,UNSAFE BACKING,BACKING CRASH,PROFILEPKWYW3RDST,TRAFFIC CONTROL SIGNAL
ELLETTSVILLE PD,ELLETTSVILLE,7/31/2019,10:43 PM,2,0,0,0,0,,,,SR 46,JUDY ST,,50,W,39.24434455,-86.63451451,STATE ROAD,N,URBAN,N,N,N,,DARK (LIGHTED),CLEAR,DRY,,NO JUNCTION INVOLVED,STRAIGHT/GRADE,ASPHALT,ENGINE FAILURE OR DEFECTIVE,BACKING CRASH,JUDYSTSR46W,LANE CONTROL