Agency,City,Collision Date,Collision Time,Vehicles Involved,Trailers Involved,Number Injured,Number Dead,Number Deer,House Number,Roadway Interchange,Roadway Ramp,Roadway Id,Intersecting Road,Interchange,Feet From,Direction,Latitude,Longitude,Roadway Class,Hit and Run?,Locality,School Zone?,Rumble Strips?,Construction?,Construction Type,Light Condition,Weather Conditions,Surface Condition,Type of Median,Roadway Junction Type,Road Character,Roadway Surface,Primary Factor,Manner of Collision,Unique Location Id,Traffic Control
ISP BLOOMINGTON 33,BLOOMINGTON,7/31/2019,2:00 PM,1,0,2,0,0,,,,SR 46,S FRIENDSHIP RD,,1375,W,39.15720808,-86.40891997,STATE ROAD,N,RURAL,N,N,N,,DAYLIGHT,CLEAR,DRY,,NO JUNCTION INVOLVED,CURVE/LEVEL,ASPHALT,RAN OFF ROAD RIGHT,RAN OFF ROAD,FRIENDSHIPRDSR46E,LANE CONTROL
MONROE SD,ELLETTSVILLE,7/31/2019,6:44 PM,2,0,0,0,0,,,,SR 46,,,300,E,39.20717799,-86.57292212,STATE ROAD,N,RURAL,N,Y,N,,DAWN/DUSK,CLEAR,DRY,,NO JUNCTION INVOLVED,STRAIGHT/LEVEL,ASPHALT,UNSAFE LANE MOVEMENT,SAME DIRECTION SIDESWIPE,SR46WWARLINGTONRD,NONE
INDIANA UNIV BLOOMINGTON PD,BLOOMINGTON,8/1/2019,12:32 PM,2,0,0,0,0,,,,SR 46,SR 46,,348,N,0,0,STATE ROAD,N,URBAN,N,N,N,,DAYLIGHT,CLEAR,DRY,,NO JUNCTION INVOLVED,STRAIGHT/GRADE,ASPHALT,UNSAFE LANE MOVEMENT,SAME DIRECTION SIDESWIPE,EIGHTHSTSR46,NONE
BLOOMINGTON PD,BLOOMINGTON,8/1/2019,11:52 AM,2,1,0,0,0,,,,W 2ND,S COLLEGE AVE,,,,39.16138,-86.53493,LOCAL/CITY ROAD,N,URBAN,N,N,N,,DAYLIGHT,CLEAR,DRY,,FOUR-WAY INTERSECTION,STRAIGHT/LEVEL,ASPHALT,OTHER (DRIVER) - EXPLAIN IN NARRATIVE,LEFT TURN,2NDSTCOLLEGEAVE,TRAFFIC CONTROL SIGNAL
MONROE SD,BLOOMINGTON,8/1/2019,12:53 PM,2,0,0,0,0,,,,N HARTSTRAIT,W DALLAS LN,,,,39.22075,-86.61201,LOCAL/CITY ROAD,N,RURAL,N,N,N,,DAYLIGHT,CLEAR,DRY,,T-INTERSECTION,CURVE/LEVEL,ASPHALT,LEFT OF CENTER,OPPOSITE DIRECTION SIDESWIPE,DALLASLNHARTSTRAITRD,LANE CONTROL
MONROE SD,BLOOMINGTON,8/1/2019,3:13 AM,1,0,0,0,0,,,,S RAMSEY DR,S RENWICK BLVD,,100,W,39.14618,-86.50305134,LOCAL/CITY ROAD,N,URBAN,N,N,N,,DARK (NOT LIGHTED),CLEAR,DRY,,NO JUNCTION INVOLVED,STRAIGHT/GRADE,ASPHALT,RAN OFF ROAD RIGHT,RAN OFF ROAD,RAMSEYDRRENWICKBLVD,NONE
BLOOMINGTON PD,BLOOMINGTON,8/1/2019,12:01 AM,2,0,0,0,0,1318,,,S WASHINGTON,E WILSON ST,,100,S,39.14123901,-86.53283,LOCAL/CITY ROAD,Y,URBAN,N,N,N,,DARK (NOT LIGHTED),CLEAR,DRY,,NO JUNCTION INVOLVED,STRAIGHT/GRADE,ASPHALT,IMPROPER LANE USAGE,REAR END,1318SWASHINGTONSTWILSONST,NONE
MONROE SD,BLOOMINGTON,8/1/2019,7:03 PM,1,0,0,0,0,,,,SR 45,N PRAIRIE GREEN CT,,100,E,0,0,STATE ROAD,N,RURAL,N,N,N,,DAYLIGHT,CLEAR,DRY,,T-INTERSECTION,STRAIGHT/LEVEL,ASPHALT,OTHER (VEHICLE) - EXPLAIN IN NARRATIVE,RAN OFF ROAD,NPRAIRIEGREENCTSR45E,NONE
MONROE SD,BLOOMINGTON,8/1/2019,12:22 PM,1,0,1,0,0,,,,W SAMPLE,N CANYON CT,,100,S,0,0,LOCAL/CITY ROAD,N,RURAL,N,N,N,,DAYLIGHT,CLOUDY,DRY,,T-INTERSECTION,CURVE/GRADE,ASPHALT,CELL PHONE USAGE,RAN OFF ROAD,CANYONDRSAMPLERD,NONE
ISP BLOOMINGTON 33,BLOOMINGTON,8/2/2019,7:15 AM,2,0,0,0,0,,,,SR 37,S WALNUT ST,,,,39.16464,-86.5336,STATE ROAD,N,RURAL,N,N,N,,DAWN/DUSK,CLEAR,DRY,,FOUR-WAY INTERSECTION,STRAIGHT/LEVEL,CONCRETE,FOLLOWING TOO CLOSELY,REAR END,SR37WALNUTST,TRAFFIC CONTROL SIGNAL
BLOOMINGTON PD,BLOOMINGTON,8/2/2019,5:34 PM,2,0,1,0,0,,,,SR 45,N SMITH RD,,,,39.172752,-86.482288,LOCAL/CITY ROAD,N,URBAN,N,N,N,,DAYLIGHT,CLEAR,DRY,,T-INTERSECTION,CURVE/GRADE,ASPHALT,FAILURE TO YIELD RIGHT OF WAY,RIGHT ANGLE,E10STNSMITHRD,STOP SIGN
MONROE SD,BLOOMINGTON,8/2/2019,4:52 PM,2,0,0,0,0,,,,SR 446,S KNIGHTRIDGE RD,,,,39.13587,-86.45682,STATE ROAD,N,RURAL,N,N,N,,DAYLIGHT,CLEAR,DRY,,FOUR-WAY INTERSECTION,STRAIGHT/LEVEL,ASPHALT,UNSAFE LANE MOVEMENT,SAME DIRECTION SIDESWIPE,SKNIGHTRIDGERDSR446S,NONE
BLOOMINGTON PD,BLOOMINGTON,8/3/2019,5:40 PM,2,0,0,0,0,,,,SR 48,S CURRY PIKE,,100,E,39.16464,-86.58296865,LOCAL/CITY ROAD,N,URBAN,N,N,N,,DAYLIGHT,CLEAR,DRY,,FOUR-WAY INTERSECTION,STRAIGHT/LEVEL,ASPHALT,FOLLOWING TOO CLOSELY,REAR END,SCURRYPIKEW3RDST,NONE
INDIANA UNIV BLOOMINGTON PD,BLOOMINGTON,8/3/2019,2:08 PM,2,0,0,0,0,,,,E 3RD,S SWAIN AVE,,,,39.16425,-86.51526,LOCAL/CITY ROAD,N,URBAN,N,N,N,,DAYLIGHT,CLEAR,DRY,,NO JUNCTION INVOLVED,STRAIGHT/LEVEL,ASPHALT,UNSAFE LANE MOVEMENT,SAME DIRECTION SIDESWIPE,SWAINAVETHIRDST,NONE
BLOOMINGTON PD,BLOOMINGTON,8/3/2019,10:00 AM,2,0,0,0,0,,,,S GATES,SR 48,,,,39.16459,-86.5762,LOCAL/CITY ROAD,N,URBAN,N,N,N,,DAYLIGHT,CLEAR,DRY,,FOUR-WAY INTERSECTION,STRAIGHT/LEVEL,ASPHALT,UNSAFE LANE MOVEMENT,LEFT/RIGHT TURN,NGATESDRW3RDST,TRAFFIC CONTROL SIGNAL
BLOOMINGTON PD,BLOOMINGTON,8/3/2019,12:10 PM,2,0,0,0,0,,,,S WALNUT,W COUNTRY CLUB DR,,,,39.13597,-86.53111,LOCAL/CITY ROAD,N,URBAN,N,N,N,,DAYLIGHT,CLEAR,DRY,,FOUR-WAY INTERSECTION,STRAIGHT/GRADE,ASPHALT,FAILURE TO YIELD RIGHT OF WAY,LEFT TURN,SWALNUTSTWCOUNTRYCLUBDR,TRAFFIC CONTROL SIGNAL
BLOOMINGTON PD,BLOOMINGTON,8/3/2019,11:30 AM,2,0,0,0,0,,,,SR 46,I-69,Y,,,39.22693499,-86.6149,LOCAL/CITY ROAD,N,RURAL,N,N,Y,X-OVER/LANE SHIFT,DAYLIGHT,CLEAR,DRY,,NO JUNCTION INVOLVED,STRAIGHT/GRADE,ASPHALT,FOLLOWING TOO CLOSELY,REAR END,INTERSTATE69NORTHHWYWSTATEROAD46HWY,NONE
ELLETTSVILLE PD,ELLETTSVILLE,8/3/2019,10:52 AM,2,0,0,0,0,,,,SR 46,N HARTSTRAIT RD,,1500,E,39.22766,-86.61606992,STATE ROAD,N,URBAN,Y,N,N,,DAYLIGHT,CLEAR,DRY,,NO JUNCTION INVOLVED,STRAIGHT/GRADE,ASPHALT,FAILURE TO YIELD RIGHT OF WAY,RIGHT ANGLE,HARTSTRAITRDSR46W,LANE CONTROL
MONROE SD,BLOOMINGTON,8/3/2019,9:38 PM,1,0,0,0,1,,,,S CURRY,W CONSTITUTION AVE,,50,S,39.14598458,-86.58262,COUNTY ROAD,N,URBAN,Y,N,N,,DARK (NOT LIGHTED),CLEAR,DRY,,NO JUNCTION INVOLVED,STRAIGHT/LEVEL,ASPHALT,ANIMAL/OBJECT IN ROADWAY,COLLISION WITH ANIMAL OTHER,CONSTITUTIONAVECURRYPIKE,NONE
MONROE SD,BLOOMINGTON,8/3/2019,7:32 PM,2,0,1,0,0,,,,W ALLEN,S ADAMS ST,,,,39.155952,-86.550592,LOCAL/CITY ROAD,N,RURAL,N,N,N,,DAYLIGHT,CLEAR,DRY,,FOUR-WAY INTERSECTION,STRAIGHT/HILLCREST,ASPHALT,FAILURE TO YIELD RIGHT OF WAY,RIGHT ANGLE,ADAMSSTALLENST,STOP SIGN
MONROE SD,BLOOMINGTON,8/3/2019,6:04 PM,2,0,0,0,0,,,,S FAIRFAX,E SCHACHT RD,,,,39.06071,-86.49854996,LOCAL/CITY ROAD,N,RURAL,N,N,N,,DAYLIGHT,CLEAR,DRY,,T-INTERSECTION,CURVE/LEVEL,ASPHALT,FOLLOWING TOO CLOSELY,REAR END,SFAIRFAXRDSCHACHTRD,NONE
ISP BLOOMINGTON 33,ELLETTSVILLE,8/3/2019,2:02 PM,1,0,1,0,0,,,,SR 46,W GRANT ST,,10,N,39.23931943,-86.629445,STATE ROAD,N,URBAN,N,N,N,,DAYLIGHT,CLEAR,DRY,,INTERCHANGE,STRAIGHT/HILLCREST,ASPHALT,RAN OFF ROAD RIGHT,RAN OFF ROAD,GRANTSTSR46,LANE CONTROL
BLOOMINGTON PD,BLOOMINGTON,8/3/2019,6:10 PM,2,0,0,0,0,,,,W DIXIE,S ROGERS ST,,60,W,39.15664,-86.538592,LOCAL/CITY ROAD,N,URBAN,N,N,N,,DAYLIGHT,CLEAR,DRY,,T-INTERSECTION,STRAIGHT/LEVEL,ASPHALT,OTHER (DRIVER) - EXPLAIN IN NARRATIVE,RIGHT ANGLE,SROGERSSTWDIXIEST,STOP SIGN
BLOOMINGTON PD,BLOOMINGTON,8/4/2019,7:58 AM,2,0,0,0,0,,,,SR 45/46,N KINSER PIKE,,,,39.186544,-86.537888,LOCAL/CITY ROAD,Y,URBAN,N,N,N,,DAYLIGHT,CLEAR,DRY,,FOUR-WAY INTERSECTION,STRAIGHT/LEVEL,ASPHALT,UNSAFE BACKING,BACKING CRASH,NKINSERPIKEWSTATEROAD4546BYP,TRAFFIC CONTROL SIGNAL
BLOOMINGTON PD,BLOOMINGTON,8/4/2019,10:26 AM,2,0,0,0,0,,,,S SARE,E CANADA DR,,,,39.12659,-86.50431,LOCAL/CITY ROAD,N,URBAN,N,N,N,,DAYLIGHT,CLEAR,DRY,,FOUR-WAY INTERSECTION,STRAIGHT/GRADE,ASPHALT,FOLLOWING TOO CLOSELY,REAR END,CANADADRSARERD,STOP SIGN
BLOOMINGTON PD,BLOOMINGTON,8/4/2019,5:35 PM,2,0,1,0,0,3216,,,S ACADIA,,,,,39.13433167,-86.51939167,LOCAL/CITY ROAD,Y,URBAN,N,N,N,,DAYLIGHT,CLEAR,DRY,,FOUR-WAY INTERSECTION,CURVE/GRADE,CONCRETE,OTHER (DRIVER) - EXPLAIN IN NARRATIVE,RIGHT TURN,SACADIACT,NONE
BLOOMINGTON PD,BLOOMINGTON,8/4/2019,2:49 PM,2,0,0,0,0,3205,,,SR 45,ENTRANCE TO SAM'S CLUB,,,,39.148448,-86.573,UNKNOWN,N,URBAN,N,N,N,,DAYLIGHT,CLEAR,DRY,,T-INTERSECTION,STRAIGHT/LEVEL,ASPHALT,FAILURE TO YIELD RIGHT OF WAY,LEFT TURN,WSTATEROAD45RD,NONE
MONROE SD,BLOOMINGTON,8/5/2019,4:40 PM,2,0,0,0,0,,,,S WALNUT,S ORCHARD LN,,,,0,0,LOCAL/CITY ROAD,Y,URBAN,N,N,N,,DAYLIGHT,CLEAR,DRY,,T-INTERSECTION,STRAIGHT/LEVEL,ASPHALT,FOLLOWING TOO CLOSELY,REAR END,SOLDIN37RDSORCHARDLN,STOP SIGN
BLOOMINGTON PD,BLOOMINGTON,8/5/2019,6:00 PM,2,0,0,0,0,,,,S SARE,E CANADA DR,,100,S,39.11602582,-86.50431,LOCAL/CITY ROAD,N,URBAN,N,N,N,,DAYLIGHT,CLEAR,DRY,,T-INTERSECTION,STRAIGHT/GRADE,ASPHALT,OTHER (DRIVER) - EXPLAIN IN NARRATIVE,RIGHT ANGLE,ECANADADRSSARERD,STOP SIGN
MONROE SD,BLOOMINGTON,8/5/2019,2:36 PM,2,1,0,0,0,,,,SR 46,N CURRY PIKE,,,,39.19369,-86.57139,STATE ROAD,N,RURAL,N,Y,Y,LANE CLOSURE,DAYLIGHT,CLEAR,DRY,,FOUR-WAY INTERSECTION,STRAIGHT/GRADE,ASPHALT,DRIVER DISTRACTED - EXPLAIN IN NARRATIVE,REAR END,NCURRYPIKESR46W,TRAFFIC CONTROL SIGNAL
MONROE SD,BLOOMINGTON,8/5/2019,9:57 AM,2,0,0,0,0,,,,W GOURLEY,N KINSER PIKE,,,,39.185392,-86.537856,LOCAL/CITY ROAD,N,URBAN,N,N,N,,DAYLIGHT,CLEAR,DRY,,FOUR-WAY INTERSECTION,STRAIGHT/LEVEL,ASPHALT,UNSAFE BACKING,BACKING CRASH,NKINSERPIKEWGOURLEYPIKE,STOP SIGN
MONROE SD,BLOOMINGTON,8/5/2019,12:25 PM,1,0,0,0,0,,,,E NORTH SHORE,,,1500,W,0,0,LOCAL/CITY ROAD,N,RURAL,N,N,N,,DAYLIGHT,CLEAR,DRY,,NO JUNCTION INVOLVED,CURVE/HILLCREST,ASPHALT,ANIMAL/OBJECT IN ROADWAY,COLLISION WITH OBJECT IN ROAD,ENORTHSHOREDRNGRAYAVE,NONE
MONROE SD,BLOOMINGTON,8/5/2019,7:19 PM,1,0,1,0,0,,,,S BREEDEN,W GRAVES RD,,3000,N,39.058176,-86.671264,LOCAL/CITY ROAD,N,RURAL,N,N,N,,DAWN/DUSK,CLEAR,DRY,,NO JUNCTION INVOLVED,CURVE/GRADE,ASPHALT,RAN OFF ROAD RIGHT,RAN OFF ROAD,SBREEDENRDWGRAVESRD,NO PASSING ZONE
MONROE SD,BLOOMINGTON,8/5/2019,9:26 AM,1,0,1,0,0,,,,SR 446,E BURGOON CHURCH RD,,200,S,39.05508937,-86.40844554,STATE ROAD,N,RURAL,N,N,N,,DAYLIGHT,CLEAR,DRY,,NO JUNCTION INVOLVED,CURVE/LEVEL,ASPHALT,RAN OFF ROAD RIGHT,RAN OFF ROAD,EBURGOONCHURCHRDSR446S,LANE CONTROL
MONROE SD,BLOOMINGTON,8/5/2019,4:40 PM,1,0,2,0,0,,,,W MAY,S LEONARD SPRINGS RD,,3400,W,39.09344,-86.591792,LOCAL/CITY ROAD,N,RURAL,N,N,N,,DAYLIGHT,CLEAR,DRY,,NO JUNCTION INVOLVED,STRAIGHT/HILLCREST,CONCRETE,UNSAFE SPEED,NON-COLLISION,SLEONARDSPRINGSRDWMAYRD,NONE
BLOOMINGTON PD,BLOOMINGTON,8/6/2019,4:10 PM,2,0,0,0,0,,,,S PATTERSON,S ADAMS ST,,60,S,39.15807036,-86.55188,LOCAL/CITY ROAD,Y,URBAN,N,N,N,,DAYLIGHT,CLEAR,DRY,,NO JUNCTION INVOLVED,STRAIGHT/LEVEL,ASPHALT,UNSAFE BACKING,BACKING CRASH,SADAMSSTSPATTERSONDR,NONE
ISP BLOOMINGTON 33,BLOOMINGTON,8/7/2019,11:25 AM,2,0,0,0,0,,,,S PETE ELLIS,SR 46,,,,39.16424,-86.495088,LOCAL/CITY ROAD,N,URBAN,N,N,N,,DAYLIGHT,CLEAR,DRY,,T-INTERSECTION,STRAIGHT/LEVEL,ASPHALT,FAILURE TO YIELD RIGHT OF WAY,SAME DIRECTION SIDESWIPE,E3RDSTPETEELLISDR,TRAFFIC CONTROL SIGNAL
MONROE SD,BLOOMINGTON,8/7/2019,3:40 PM,2,0,0,0,0,,,,SR 46,E KINGS RD,,,,39.16664,-86.454992,STATE ROAD,N,RURAL,N,N,N,,DAYLIGHT,CLEAR,DRY,,T-INTERSECTION,CURVE/LEVEL,ASPHALT,INSECURE/LEAKY LOAD,COLLISION WITH OBJECT IN ROAD,EKINGSRDSR46E,STOP SIGN
ISP BLOOMINGTON 33,BLOOMINGTON,8/7/2019,11:00 AM,2,0,0,0,0,,,,SR 46,N CURRY PIKE,,,,39.19369,-86.57139,STATE ROAD,N,RURAL,N,N,B,,DAYLIGHT,CLEAR,DRY,,FOUR-WAY INTERSECTION,STRAIGHT/LEVEL,ASPHALT,FAILURE TO YIELD RIGHT OF WAY,REAR END,CURRYPIKESR46,LANE CONTROL
BLOOMINGTON PD,BLOOMINGTON,8/8/2019,12:50 PM,2,0,0,0,0,,,,S COLLEGE MALL,E 3RD ST,,,,39.16424,-86.4984,LOCAL/CITY ROAD,Y,URBAN,N,N,N,,DAYLIGHT,CLEAR,DRY,,NO JUNCTION INVOLVED,STRAIGHT/LEVEL,ASPHALT,OTHER (DRIVER) - EXPLAIN IN NARRATIVE,RIGHT ANGLE,COLLEGEMALLRDEAST3RDST,TRAFFIC CONTROL SIGNAL
BLOOMINGTON PD,BLOOMINGTON,8/8/2019,12:49 PM,2,0,0,0,0,,,,S COLLEGE MALL,SR 46,,,,39.16424,-86.49827,LOCAL/CITY ROAD,Y,URBAN,N,N,N,,DAYLIGHT,CLEAR,DRY,,NO JUNCTION INVOLVED,STRAIGHT/LEVEL,CONCRETE,OTHER (DRIVER) - EXPLAIN IN NARRATIVE,REAR END,COLLEGEMALLRDTHIRDST,TRAFFIC CONTROL SIGNAL
INDIANA UNIV BLOOMINGTON PD,BLOOMINGTON,8/8/2019,8:02 PM,2,0,1,0,0,,,,SR 45/46,E 17TH ST,,,,39.17984,-86.507088,STATE ROAD,N,URBAN,N,N,N,,DAWN/DUSK,RAIN,WET,,T-INTERSECTION,STRAIGHT/LEVEL,ASPHALT,FAILURE TO YIELD RIGHT OF WAY,LEFT TURN,EAST17THSTSR46,TRAFFIC CONTROL SIGNAL
INDIANA UNIV BLOOMINGTON PD,BLOOMINGTON,8/8/2019,11:32 AM,2,0,0,0,0,,,,E 3RD,E SWAIN AVE,,,,0,0,LOCAL/CITY ROAD,N,URBAN,N,N,N,,DAYLIGHT,CLEAR,DRY,,T-INTERSECTION,STRAIGHT/LEVEL,ASPHALT,IMPROPER TURNING,LEFT TURN,3RDSTSWAINAVE,LANE CONTROL
MONROE SD,BLOOMINGTON,8/8/2019,7:52 PM,1,0,0,0,0,,,,I-69 S,,,10,S,,,INTERSTATE,N,RURAL,N,Y,N,,DAYLIGHT,RAIN,WET,,NO JUNCTION INVOLVED,STRAIGHT/LEVEL,ASPHALT,SPEED TOO FAST FOR WEATHER CONDITIONS,RAN OFF ROAD,I69S129.0,NONE
MONROE SD,BLOOMINGTON,8/8/2019,7:16 AM,1,0,1,0,0,,,,S FAIRFAX,E ROBERTSON LN,,150,S,39.074672,-86.505968,LOCAL/CITY ROAD,N,RURAL,N,N,N,,DAWN/DUSK,CLEAR,DRY,,NO JUNCTION INVOLVED,STRAIGHT/LEVEL,ASPHALT,RAN OFF ROAD RIGHT,RAN OFF ROAD,EROBERTSONLNSFAIRFAXRD,NONE
MONROE SD,BLOOMINGTON,8/8/2019,5:46 PM,2,0,0,0,0,,,,S LEONARD SPRINGS,W WALNUT LEAF DR,,,,39.140352,-86.582576,LOCAL/CITY ROAD,N,URBAN,N,N,N,,DAYLIGHT,CLEAR,DRY,,T-INTERSECTION,STRAIGHT/LEVEL,ASPHALT,FOLLOWING TOO CLOSELY,REAR END,LEONARDSPRINGSRDWALNUTLEAFDR,LANE CONTROL
ELLETTSVILLE PD,ELLETTSVILLE,8/8/2019,6:15 PM,2,0,0,0,0,,,,SR 46,W FORREST PARK DR,,,,39.21202,-86.58713,STATE ROAD,N,URBAN,N,N,N,,DAYLIGHT,CLEAR,DRY,,T-INTERSECTION,STRAIGHT/LEVEL,ASPHALT,DRIVER DISTRACTED - EXPLAIN IN NARRATIVE,REAR END,FORRESTPARKDRSR46W,NONE
BLOOMINGTON PD,BLOOMINGTON,8/8/2019,11:15 PM,1,0,1,0,0,,,,W DODDS,B-LINE TRAIL,,,,0,0,LOCAL/CITY ROAD,N,URBAN,N,N,N,,DARK (LIGHTED),CLOUDY,DRY,,FOUR-WAY INTERSECTION,STRAIGHT/LEVEL,ASPHALT,FAILURE TO YIELD RIGHT OF WAY,RIGHT ANGLE,BLINETRLWDODDSST,STOP SIGN
BLOOMINGTON PD,BLOOMINGTON,8/9/2019,11:03 AM,2,0,0,0,0,,,,SR 48,S CURRY PIKE,,,,39.16464,-86.58296,LOCAL/CITY ROAD,N,URBAN,N,N,N,,DAYLIGHT,CLEAR,DRY,,FOUR-WAY INTERSECTION,STRAIGHT/LEVEL,ASPHALT,FOLLOWING TOO CLOSELY,REAR END,SCURRYPIKEW3RDST,LANE CONTROL
BLOOMINGTON PD,BLOOMINGTON,8/9/2019,3:57 PM,3,0,0,0,0,,,,SR 48,S GATES DR,,100,E,39.16459,-86.57620865,LOCAL/CITY ROAD,Y,URBAN,N,N,N,,DAYLIGHT,CLEAR,DRY,,FOUR-WAY INTERSECTION,STRAIGHT/LEVEL,ASPHALT,FAILURE TO YIELD RIGHT OF WAY,SAME DIRECTION SIDESWIPE,SGATESDRW3RDST,TRAFFIC CONTROL SIGNAL
BLOOMINGTON PD,BLOOMINGTON,8/9/2019,9:10 PM,2,0,0,0,0,,,,E WINSLOW,S WALNUT ST,,,,39.136144,-86.528688,,Y,URBAN,N,N,N,,DARK (LIGHTED),CLEAR,DRY,,T-INTERSECTION,STRAIGHT/LEVEL,ASPHALT,FOLLOWING TOO CLOSELY,REAR END,EASTWINSLOWRDSOUTHWALNUTST,NONE
MONROE SD,BLOOMINGTON,8/9/2019,8:00 AM,2,0,3,0,0,,,,S WALNUT,W CHURCH LN,,250,S,39.107248,-86.531392,COUNTY ROAD,N,RURAL,N,N,Y,WORK ON SHOULDER,DAYLIGHT,CLEAR,DRY,,NO JUNCTION INVOLVED,STRAIGHT/GRADE,ASPHALT,FAILURE TO YIELD RIGHT OF WAY,RIGHT ANGLE,SOLDSTATE37RDWCHURCHLN,LANE CONTROL
BLOOMINGTON PD,BLOOMINGTON,8/9/2019,4:54 PM,2,0,0,0,0,,,,S WALNUT,E NORTH DR,,100,S,39.144752,-86.531888,LOCAL/CITY ROAD,N,URBAN,Y,N,B,,DAYLIGHT,CLEAR,DRY,,T-INTERSECTION,STRAIGHT/LEVEL,ASPHALT,FAILURE TO YIELD RIGHT OF WAY,LEFT TURN,ENORTHDRSWALNUTST,NONE
BLOOMINGTON PD,BLOOMINGTON,8/9/2019,1:50 PM,2,0,0,0,0,,,,E 1ST,S HENDERSON ST,,,,39.159344,-86.52712,LOCAL/CITY ROAD,N,URBAN,N,N,N,,DAYLIGHT,CLEAR,DRY,,FOUR-WAY INTERSECTION,STRAIGHT/GRADE,ASPHALT,BRAKE FAILURE OR DEFECTIVE,REAR END,E1STSTSHENDERSONST,STOP SIGN
DNR LAW ENFORCEMENT,BLOOMINGTON,8/9/2019,10:03 AM,2,0,0,0,0,1188,,,N SEWELL,,,,,39.17458,-86.37843,UNKNOWN,N,RURAL,N,N,N,,DARK (NOT LIGHTED),CLEAR,DRY,,NO JUNCTION INVOLVED,STRAIGHT/GRADE,GRAVEL,OTHER (DRIVER) - EXPLAIN IN NARRATIVE,BACKING CRASH,SEWELLRD,NONE
BLOOMINGTON PD,BLOOMINGTON,8/9/2019,4:19 PM,3,0,2,0,0,2200,,,S WALNUT,E SOUTHERN DR,,300,S,39.14984,-86.533392,LOCAL/CITY ROAD,N,URBAN,N,N,N,,DAYLIGHT,CLEAR,DRY,,NO JUNCTION INVOLVED,STRAIGHT/LEVEL,ASPHALT,FOLLOWING TOO CLOSELY,REAR END,2200SOUTHWALNUTSTESOUTHERNDR,NONE
MONROE SD,BLOOMINGTON,8/9/2019,2:42 PM,2,0,0,0,0,,,,SR 48,DANIELS WAY,,,,39.1648,-86.5991,STATE ROAD,N,RURAL,N,N,N,,DAYLIGHT,CLEAR,DRY,,T-INTERSECTION,STRAIGHT/GRADE,ASPHALT,DRIVER DISTRACTED - EXPLAIN IN NARRATIVE,REAR END,DANIELSWAYSR48W,TRAFFIC CONTROL SIGNAL
BLOOMINGTON PD,BLOOMINGTON,8/9/2019,11:23 AM,2,0,0,0,0,,,,W CLUB HOUSE,N KINSER PIKE,,,,39.20082,-86.54286,LOCAL/CITY ROAD,N,URBAN,Y,N,N,,DAYLIGHT,CLEAR,DRY,,T-INTERSECTION,CURVE/GRADE,ASPHALT,FAILURE TO YIELD RIGHT OF WAY,RIGHT ANGLE,COUNTRYCLUBDRNKINSERPIKE,STOP SIGN
BLOOMINGTON PD,BLOOMINGTON,8/9/2019,2:28 PM,2,0,1,0,0,,,,W GOURLEY,N MONROE ST,,,,39.186448,-86.546816,LOCAL/CITY ROAD,N,URBAN,N,N,N,,DAYLIGHT,CLEAR,DRY,,FOUR-WAY INTERSECTION,STRAIGHT/GRADE,ASPHALT,FAILURE TO YIELD RIGHT OF WAY,RIGHT ANGLE,NMONROESTWGOURLEYPIKE,STOP SIGN
MONROE SD,BLOOMINGTON,8/10/2019,12:30 AM,1,0,0,0,0,9301,,,S FAIRFAX,,,,,39.015008,-86.482144,UNKNOWN,N,RURAL,N,N,N,,DARK (LIGHTED),CLEAR,DRY,,Y-INTERSECTION,STRAIGHT/GRADE,ASPHALT,RAN OFF ROAD RIGHT,RAN OFF ROAD,SFAIRFAXRD,NONE
MONROE SD,BLOOMINGTON,8/10/2019,10:20 PM,1,0,1,1,0,,,,SR 48,S GARRISON CHAPEL RD,,,,39.163552,-86.649696,STATE ROAD,Y,RURAL,N,N,N,,DARK (NOT LIGHTED),CLEAR,DRY,,T-INTERSECTION,CURVE/LEVEL,ASPHALT,OTHER (DRIVER) - EXPLAIN IN NARRATIVE,RAN OFF ROAD,GARRISONCHAPELRDSR48W,NONE
BLOOMINGTON PD,BLOOMINGTON,8/10/2019,1:45 AM,3,0,0,0,0,,,,W KIRKWOOD,N JACKSON ST,,,,39.166688,-86.539808,LOCAL/CITY ROAD,Y,URBAN,N,N,N,,DARK (LIGHTED),CLEAR,DRY,,FOUR-WAY INTERSECTION,STRAIGHT/GRADE,ASPHALT,UNSAFE SPEED,REAR END,JACKSONSTKIRKWOODAVE,NONE
BLOOMINGTON PD,BLOOMINGTON,8/11/2019,6:44 PM,1,0,1,0,0,,,,W BLOOMFIELD,S OAKDALE DR,,,,39.148544,-86.571504,LOCAL/CITY ROAD,N,URBAN,N,N,N,,DAYLIGHT,CLEAR,DRY,,FOUR-WAY INTERSECTION,CURVE/GRADE,CONCRETE,RAN OFF ROAD RIGHT,RAN OFF ROAD,SOAKDALEDRWBLOOMFIELDRD,TRAFFIC CONTROL SIGNAL
MONROE SD,BLOOMINGTON,8/11/2019,8:24 AM,2,0,1,0,0,,,,I-69 S,,,5,N,41.12433659,-85.18432635,INTERSTATE,N,RURAL,N,Y,N,,DAYLIGHT,CLEAR,DRY,,NO JUNCTION INVOLVED,STRAIGHT/LEVEL,CONCRETE,UNSAFE LANE MOVEMENT,SAME DIRECTION SIDESWIPE,I69S109.5,NONE
BLOOMINGTON PD,BLOOMINGTON,8/11/2019,5:17 AM,1,0,0,0,0,,,,N ILLINOIS,W 11TH ST,,50,N,39.173344,-86.550304,LOCAL/CITY ROAD,Y,URBAN,N,N,N,,DARK (NOT LIGHTED),CLEAR,DRY,,NO JUNCTION INVOLVED,STRAIGHT/LEVEL,ASPHALT,RAN OFF ROAD RIGHT,RAN OFF ROAD,NILLINOISSTW11THST,NONE