Agency,City,Collision Date,Collision Time,Vehicles Involved,Trailers Involved,Number Injured,Number Dead,Number Deer,House Number,Roadway Interchange,Roadway Ramp,Roadway Id,Intersecting Road,Interchange,Feet From,Direction,Latitude,Longitude,Roadway Class,Hit and Run?,Locality,School Zone?,Rumble Strips?,Construction?,Construction Type,Light Condition,Weather Conditions,Surface Condition,Type of Median,Roadway Junction Type,Road Character,Roadway Surface,Primary Factor,Manner of Collision,Unique Location Id,Traffic Control
MONROE SD,BLOOMINGTON,8/11/2019,5:10 PM,1,0,1,0,0,,,,S FAIRFAX,E CLEVE BUTCHER RD,,50,N,39.059984,-86.498432,COUNTY ROAD,N,RURAL,N,N,N,,UNKNOWN,CLEAR,DRY,,T-INTERSECTION,CURVE/LEVEL,ASPHALT,UNSAFE SPEED,RAN OFF ROAD,ECLEVEBUTCHERRDSFAIRFAXRD,NONE
BLOOMINGTON PD,BLOOMINGTON,8/12/2019,12:22 PM,2,0,0,0,0,,,,S WALNUT,E 3RD ST,,,,39.16464,-86.5336,LOCAL/CITY ROAD,N,URBAN,N,N,N,,DAYLIGHT,CLOUDY,DRY,,FOUR-WAY INTERSECTION,STRAIGHT/LEVEL,ASPHALT,DISREGARD SIGNAL/REG SIGN,RIGHT ANGLE,3RDSTWALNUTST,TRAFFIC CONTROL SIGNAL
BLOOMINGTON PD,BLOOMINGTON,8/12/2019,10:47 AM,2,0,0,0,0,,,,E 4TH,S DUNN ST,,75,W,39.165648,-86.528144,LOCAL/CITY ROAD,N,URBAN,N,N,N,,DAYLIGHT,CLOUDY,DRY,,NO JUNCTION INVOLVED,STRAIGHT/LEVEL,ASPHALT,OVERCORRECTING/OVERSTEERING,SAME DIRECTION SIDESWIPE,E4THSTSDUNNST,NONE
MONROE SD,BLOOMINGTON,8/12/2019,4:51 PM,2,0,2,0,0,,,,S OLD SR 37,W MOORMAN RD,,100,N,39.038576,-86.541184,LOCAL/CITY ROAD,N,RURAL,N,N,N,,DAYLIGHT,CLEAR,DRY,,NO JUNCTION INVOLVED,STRAIGHT/LEVEL,ASPHALT,FAILURE TO YIELD RIGHT OF WAY,HEAD ON BETWEEN TWO MOTOR VEHICLES,SOLDSTATEROAD37RDWMOORMANRD,NONE
BLOOMINGTON PD,BLOOMINGTON,8/12/2019,3:15 PM,2,0,1,0,0,,,,S ROGERS,W COOLIDGE DR,,,,39.14125,-86.53883,LOCAL/CITY ROAD,N,URBAN,N,N,N,,DAYLIGHT,CLEAR,DRY,,FOUR-WAY INTERSECTION,STRAIGHT/LEVEL,ASPHALT,DRIVER DISTRACTED - EXPLAIN IN NARRATIVE,REAR END,SROGERSSTWCOOLIDGEDR,NONE
BLOOMINGTON PD,BLOOMINGTON,8/12/2019,11:15 AM,3,0,3,0,0,,,,W 3RD,S MULLER PKWY,,,,39.1645,-86.5627,LOCAL/CITY ROAD,N,URBAN,N,N,N,,DAYLIGHT,CLOUDY,DRY,,RAILROAD CROSSINGS,STRAIGHT/LEVEL,ASPHALT,FOLLOWING TOO CLOSELY,REAR END,SMULLERPKWYW3RDST,NONE
INDIANA UNIV BLOOMINGTON PD,BLOOMINGTON,8/13/2019,2:00 PM,2,0,0,0,0,1600,,,SR 45,N PETE ELLIS DR,,,,39.171504,-86.512288,UNKNOWN,Y,URBAN,N,N,N,,DAYLIGHT,CLEAR,DRY,,NO JUNCTION INVOLVED,STRAIGHT/LEVEL,ASPHALT,OTHER (VEHICLE) - EXPLAIN IN NARRATIVE,OTHER - EXPLAIN IN NARRATIVE,E10THSTREETST,NONE
BLOOMINGTON PD,BLOOMINGTON,8/13/2019,6:18 PM,2,0,1,0,0,,,,N WALNUT,N FRITZ DR,,,,39.191248,-86.532896,LOCAL/CITY ROAD,N,URBAN,N,N,N,,DAYLIGHT,CLEAR,DRY,,T-INTERSECTION,STRAIGHT/LEVEL,ASPHALT,STEERING FAILURE,REAR END,FRITZDRNWALNUTST,NONE
ELLETTSVILLE PD,ELLETTSVILLE,8/13/2019,2:38 PM,2,0,0,0,0,,,,S 2ND,SR 46,,,,39.232064,-86.622176,LOCAL/CITY ROAD,N,URBAN,N,N,N,,DAYLIGHT,CLEAR,DRY,,T-INTERSECTION,STRAIGHT/LEVEL,ASPHALT,UNSAFE BACKING,BACKING CRASH,2NDST46HWY,STOP SIGN
BLOOMINGTON PD,BLOOMINGTON,8/13/2019,3:06 AM,1,0,0,0,0,2500,,,S ROCKPORT,,,,,39.14107,-86.54566,UNKNOWN,Y,URBAN,N,N,N,,DARK (LIGHTED),RAIN,WET,,NO JUNCTION INVOLVED,CURVE/GRADE,ASPHALT,SPEED TOO FAST FOR WEATHER CONDITIONS,RAN OFF ROAD,ROCKPORTRD,NONE
BLOOMINGTON PD,BLOOMINGTON,8/13/2019,7:08 PM,2,0,1,0,0,3291,,,S WALNUT ST PIKE,,,,,39.165648,-86.5336,LOCAL/CITY ROAD,N,URBAN,N,N,N,,DAYLIGHT,CLEAR,DRY,,NO JUNCTION INVOLVED,STRAIGHT/HILLCREST,ASPHALT,UNSAFE SPEED,RAN OFF ROAD,SWALNUTSTREETPIKE,NONE
ISP BLOOMINGTON 33,BLOOMINGTON,8/13/2019,6:02 AM,1,0,0,0,0,,,,SR 446,E HAYS RD,,,,39.04464,-86.407952,STATE ROAD,N,RURAL,N,N,N,,DARK (NOT LIGHTED),CLEAR,WET,,T-INTERSECTION,CURVE/GRADE,ASPHALT,RAN OFF ROAD RIGHT,RAN OFF ROAD,EASTHAYSRDSR446,LANE CONTROL
ELLETTSVILLE PD,ELLETTSVILLE,8/13/2019,5:04 PM,2,0,0,0,0,,,,SR 46,N BRIAR GATE DR,,200,E,39.21659,-86.59643731,STATE ROAD,N,URBAN,N,N,N,,DAYLIGHT,CLEAR,DRY,,NO JUNCTION INVOLVED,STRAIGHT/LEVEL,ASPHALT,FAILURE TO YIELD RIGHT OF WAY,RIGHT ANGLE,BRIARGATEDRSR46W,LANE CONTROL
MONROE SD,BLOOMINGTON,8/13/2019,8:30 AM,1,0,0,0,0,,,,SR 46,,,1200,E,39.20566084,-86.57043574,STATE ROAD,N,URBAN,N,Y,N,,DAYLIGHT,CLOUDY,WET,,NO JUNCTION INVOLVED,STRAIGHT/HILLCREST,CONCRETE,RAN OFF ROAD RIGHT,RAN OFF ROAD,SR46WWARLINGTONRD,NONE
BLOOMINGTON PD,BLOOMINGTON,8/13/2019,3:22 PM,2,0,0,0,0,,,,W TAPP,S LEONARD SPRINGS RD,,,,0,0,LOCAL/CITY ROAD,N,URBAN,N,N,N,,DAYLIGHT,CLEAR,DRY,,T-INTERSECTION,STRAIGHT/LEVEL,ASPHALT,FOLLOWING TOO CLOSELY,REAR END,SLEONARDSPRINGSRDWTAPPRD,STOP SIGN
BLOOMINGTON PD,BLOOMINGTON,8/14/2019,7:50 AM,2,0,0,0,0,,,,E WINSLOW,S WALNUT ST PIKE,,,,39.136144,-86.528688,LOCAL/CITY ROAD,N,URBAN,N,N,N,,DAYLIGHT,CLEAR,DRY,,FOUR-WAY INTERSECTION,STRAIGHT/LEVEL,ASPHALT,FOLLOWING TOO CLOSELY,REAR END,WALNUTSTPIKEWINSLOWRD,NONE
BLOOMINGTON PD,BLOOMINGTON,8/14/2019,5:50 PM,2,0,0,0,0,,,,SR 45/46,N DUNN ST,,150,W,39.186352,-86.52902538,LOCAL/CITY ROAD,Y,URBAN,N,N,N,,DAYLIGHT,CLEAR,DRY,,NO JUNCTION INVOLVED,STRAIGHT/LEVEL,ASPHALT,UNSAFE LANE MOVEMENT,SAME DIRECTION SIDESWIPE,ESTATERD46HWYNDUNNST,NONE
BLOOMINGTON PD,BLOOMINGTON,8/14/2019,5:15 PM,2,0,0,0,0,,,,S HENDERSON,E WINSLOW RD,,,,39.136144,-86.5268,LOCAL/CITY ROAD,N,URBAN,N,N,N,,DAYLIGHT,CLEAR,DRY,,FOUR-WAY INTERSECTION,STRAIGHT/LEVEL,ASPHALT,FOLLOWING TOO CLOSELY,REAR END,EASTWINSLOWRDSHENDERSONST,TRAFFIC CONTROL SIGNAL
MONROE SD,BLOOMINGTON,8/14/2019,12:36 PM,2,0,0,0,0,,,,N CURRY,W PROFILE PKWY,,,,39.17198,-86.58299,LOCAL/CITY ROAD,N,URBAN,N,N,N,,DAYLIGHT,CLEAR,DRY,,T-INTERSECTION,STRAIGHT/LEVEL,ASPHALT,FOLLOWING TOO CLOSELY,REAR END,NCURRYPIKEWPROFILEPKWY,TRAFFIC CONTROL SIGNAL
BLOOMINGTON PD,BLOOMINGTON,8/14/2019,1:32 PM,2,0,0,0,0,,,,W 3RD,S CORY LN,,,,39.164544,-86.560096,LOCAL/CITY ROAD,N,URBAN,N,N,N,,DAYLIGHT,CLEAR,DRY,,FOUR-WAY INTERSECTION,STRAIGHT/LEVEL,ASPHALT,FAILURE TO YIELD RIGHT OF WAY,LEFT TURN,SCORYLNW3RDST,TRAFFIC CONTROL SIGNAL
BLOOMINGTON PD,BLOOMINGTON,8/14/2019,4:05 PM,2,0,0,0,0,,,,E ATWATER,S MITCHELL ST,,,,39.16308,-86.51418,LOCAL/CITY ROAD,N,URBAN,N,N,N,,DAYLIGHT,CLEAR,DRY,,FOUR-WAY INTERSECTION,STRAIGHT/LEVEL,ASPHALT,FAILURE TO YIELD RIGHT OF WAY,RIGHT ANGLE,EATWATERAVESMITCHELLST,STOP SIGN
MONROE SD,BLOOMINGTON,8/14/2019,4:35 PM,2,0,0,0,0,,,,S LAKE RIDGE,S POINTE RIDGE LN,,,,39.03046,-86.50652,UNKNOWN,N,RURAL,N,N,N,,DAYLIGHT,CLEAR,DRY,,NO JUNCTION INVOLVED,STRAIGHT/GRADE,ASPHALT,IMPROPER TURNING,RIGHT TURN,LAKERIDGEDRSPOINTERIDGELN,NONE
MONROE SD,BLOOMINGTON,8/14/2019,3:33 PM,2,0,0,0,0,,,,SR 45/46,,,2640,W,39.18692,-86.54642151,STATE ROAD,N,RURAL,N,Y,Y,X-OVER/LANE SHIFT,DAYLIGHT,CLEAR,DRY,,NO JUNCTION INVOLVED,STRAIGHT/LEVEL,CONCRETE,FOLLOWING TOO CLOSELY,REAR END,NSTONELAKEDRSR46W,LANE CONTROL
BLOOMINGTON PD,BLOOMINGTON,8/14/2019,12:38 AM,2,0,0,0,0,,,,W KIRKWOOD,S MAPLE ST,,,,39.16672,-86.542096,LOCAL/CITY ROAD,N,URBAN,N,N,N,,DAYLIGHT,CLEAR,DRY,,FOUR-WAY INTERSECTION,STRAIGHT/LEVEL,ASPHALT,BRAKE FAILURE OR DEFECTIVE,REAR END,SMAPLESTWKIRKWOODAVE,LANE CONTROL
BLOOMINGTON PD,BLOOMINGTON,8/15/2019,3:25 PM,2,0,1,0,0,,,,SR 45/46,N KINSER PIKE,,100,W,39.186544,-86.537888,LOCAL/CITY ROAD,N,URBAN,N,N,N,,DAYLIGHT,CLEAR,DRY,,FOUR-WAY INTERSECTION,STRAIGHT/LEVEL,ASPHALT,FOLLOWING TOO CLOSELY,REAR END,NKINSERPIKEWSTATEROAD4546RD,TRAFFIC CONTROL SIGNAL
BLOOMINGTON PD,BLOOMINGTON,8/15/2019,3:49 PM,2,0,0,0,0,,,,S CURRY,SR 48,,,,39.16464,-86.58296,LOCAL/CITY ROAD,N,URBAN,N,N,N,,DAYLIGHT,CLEAR,DRY,,FOUR-WAY INTERSECTION,STRAIGHT/GRADE,ASPHALT,FAILURE TO YIELD RIGHT OF WAY,LEFT TURN,CURRYPIKEW3RDST,TRAFFIC CONTROL SIGNAL
MONROE SD,BLOOMINGTON,8/15/2019,7:44 AM,2,0,0,0,0,,,,S WALNUT,S ORCHARD LN,,450,N,39.11584,-86.5312,LOCAL/CITY ROAD,N,RURAL,N,N,N,,DAWN/DUSK,CLEAR,DRY,,NO JUNCTION INVOLVED,STRAIGHT/LEVEL,ASPHALT,BRAKE FAILURE OR DEFECTIVE,REAR END,SOLDSTATEROAD37RDSORCHARDLN,NONE
BLOOMINGTON PD,BLOOMINGTON,8/15/2019,1:40 PM,2,0,0,0,0,,,,E WINSLOW,S ALLENDALE DR,,,,39.134465,-86.515935,LOCAL/CITY ROAD,N,URBAN,N,N,N,,DAYLIGHT,CLEAR,DRY,,T-INTERSECTION,STRAIGHT/LEVEL,ASPHALT,FOLLOWING TOO CLOSELY,REAR END,EWINSLOWRDSALLENDALEDR,STOP SIGN
ISP BLOOMINGTON 33,BLOOMINGTON,8/15/2019,9:13 PM,1,0,1,0,1,,,,I-69 N,,,200,N,0,0,INTERSTATE,N,RURAL,N,N,N,,DARK (NOT LIGHTED),CLEAR,DRY,,NO JUNCTION INVOLVED,CURVE/LEVEL,CONCRETE,ANIMAL/OBJECT IN ROADWAY,COLLISION WITH DEER,I69104.5,LANE CONTROL
MONROE SD,ELLETTSVILLE,8/15/2019,1:11 PM,2,0,0,0,0,,,,N RIDGEWOOD,N CRIDER DR,,,,39.212016,-86.59872,COUNTY ROAD,Y,RURAL,N,N,N,,DAYLIGHT,CLEAR,DRY,,NO JUNCTION INVOLVED,STRAIGHT/GRADE,ASPHALT,IMPROPER LANE USAGE,SAME DIRECTION SIDESWIPE,NCRIDERDRNRIDGEWOODDR,LANE CONTROL
MONROE SD,BLOOMINGTON,8/15/2019,7:22 AM,2,0,0,0,0,,,,S FAIRFAX,E SANDERS SECOND AVE,,,,39.0821,-86.5158,LOCAL/CITY ROAD,N,URBAN,N,N,N,,DAYLIGHT,CLEAR,DRY,,NO JUNCTION INVOLVED,STRAIGHT/LEVEL,ASPHALT,FOLLOWING TOO CLOSELY,REAR END,ESANDERSSECONDAVESFAIRFAXRD,NONE
MONROE SD,BLOOMINGTON,8/15/2019,3:43 AM,1,0,0,0,1,,,,S FAIRFAX,E SCOTT RD,,200,N,39.05754132,-86.498432,COUNTY ROAD,N,RURAL,N,N,N,,DARK (NOT LIGHTED),CLEAR,DRY,,T-INTERSECTION,STRAIGHT/GRADE,ASPHALT,ANIMAL/OBJECT IN ROADWAY,COLLISION WITH DEER,FAIRFAXRDSCOTTLN,NONE
MONROE SD,BLOOMINGTON,8/15/2019,8:59 PM,1,0,0,0,0,,,,S FRIENDSHIP,E LAMPKINS RIDGE RD,,500,N,39.14409777,-86.40724501,COUNTY ROAD,N,RURAL,N,N,N,,DARK (NOT LIGHTED),CLEAR,DRY,,NO JUNCTION INVOLVED,CURVE/LEVEL,GRAVEL,DRIVER DISTRACTED - EXPLAIN IN NARRATIVE,RAN OFF ROAD,FRIENDSHIPRDLAMPKINSRIDGERD,NONE
MONROE SD,BLOOMINGTON,8/15/2019,7:57 PM,2,0,0,0,0,,,,W ROGERS,,,1500,W,39.06392,-86.54084018,COUNTY ROAD,N,RURAL,N,N,N,,DAWN/DUSK,CLEAR,DRY,,NO JUNCTION INVOLVED,STRAIGHT/GRADE,ASPHALT,OTHER (DRIVER) - EXPLAIN IN NARRATIVE,OPPOSITE DIRECTION SIDESWIPE,SOLDSTATEROAD37RDWROGERSRD,NONE
ISP BLOOMINGTON 33,BLOOMINGTON,8/16/2019,10:35 AM,1,0,0,0,0,,,,I-69 S,SR 45,Y,500,N,0,0,INTERSTATE,N,URBAN,N,N,N,,DAYLIGHT,CLEAR,DRY,,NO JUNCTION INVOLVED,CURVE/LEVEL,ASPHALT,RAN OFF ROAD RIGHT,RAN OFF ROAD,BLOOMFIELDRDI69,LANE CONTROL
BLOOMINGTON PD,BLOOMINGTON,8/16/2019,10:00 PM,3,0,1,0,0,,,,W COUNTRY CLUB,S WALNUT ST,,,,39.13597,-86.53111,LOCAL/CITY ROAD,N,URBAN,N,N,N,,DARK (LIGHTED),CLEAR,DRY,,FOUR-WAY INTERSECTION,STRAIGHT/GRADE,ASPHALT,OTHER (DRIVER) - EXPLAIN IN NARRATIVE,REAR END,SWALNUTSTWCOUNTRYCLUBDR,TRAFFIC CONTROL SIGNAL
MONROE SD,BLOOMINGTON,8/16/2019,7:08 PM,2,0,0,0,0,,,,N CURRY,W PROFILE PKWY,,500,N,39.22486217,-86.58299,COUNTY ROAD,N,RURAL,N,N,N,,DAYLIGHT,CLEAR,DRY,,T-INTERSECTION,STRAIGHT/LEVEL,ASPHALT,FOLLOWING TOO CLOSELY,REAR END,NCURRYPIKEWPROFILEPKWY,NONE
MONROE SD,BLOOMINGTON,8/16/2019,5:08 PM,2,0,0,0,0,,,,I-69 S,,,0,N,41.30251288,-85.08735685,INTERSTATE,N,RURAL,N,N,N,,DAYLIGHT,CLEAR,DRY,,NO JUNCTION INVOLVED,STRAIGHT/GRADE,ASPHALT,UNSAFE LANE MOVEMENT,SAME DIRECTION SIDESWIPE,I69S124.5,LANE CONTROL
MONROE SD,BLOOMINGTON,8/16/2019,9:46 AM,1,0,0,0,0,,,,S LEONARD SPRINGS,W CEDAR CHASE DR,,400,N,39.131648,-86.582496,LOCAL/CITY ROAD,N,RURAL,N,N,N,,DAYLIGHT,CLEAR,DRY,,NO JUNCTION INVOLVED,STRAIGHT/GRADE,ASPHALT,RAN OFF ROAD RIGHT,RAN OFF ROAD,SLEONARDSPRINGSRDWCEDARCHASEDR,LANE CONTROL
DNR LAW ENFORCEMENT,ELLETTSVILLE,8/16/2019,2:48 PM,2,0,0,0,0,,,,SR 46,N RED HILL RD,,,,39.24574,-86.63672,STATE ROAD,N,URBAN,N,N,N,,DAYLIGHT,CLOUDY,DRY,,NO JUNCTION INVOLVED,CURVE/GRADE,ASPHALT,FAILURE TO YIELD RIGHT OF WAY,LEFT TURN,REDHILLRDRDSR46W,NONE
ISP BLOOMINGTON 33,BLOOMINGTON,8/16/2019,7:35 AM,2,0,0,0,0,,,,W 6TH,N COLLEGE AVE,,75,E,39.167648,-86.53451938,LOCAL/CITY ROAD,N,URBAN,N,N,N,,DAYLIGHT,CLEAR,DRY,,NO JUNCTION INVOLVED,STRAIGHT/LEVEL,ASPHALT,IMPROPER TURNING,RIGHT TURN,6THSTCOLLEGEAVE,LANE CONTROL
BLOOMINGTON PD,BLOOMINGTON,8/16/2019,3:16 PM,2,0,0,0,0,,,,W GOURLEY,W CASCADE AVE,,400,N,39.1852,-86.541952,LOCAL/CITY ROAD,N,URBAN,N,N,N,,DAYLIGHT,CLEAR,DRY,,NO JUNCTION INVOLVED,CURVE/LEVEL,ASPHALT,LEFT OF CENTER,SAME DIRECTION SIDESWIPE,WCASCADEAVEWGOURLEYPIKE,NONE
ELLETTSVILLE PD,ELLETTSVILLE,8/16/2019,8:08 PM,2,0,0,0,0,,,,W RITTER,S 1ST ST,,,,39.229424,-86.623584,LOCAL/CITY ROAD,N,URBAN,N,N,N,,DAWN/DUSK,CLEAR,DRY,,NO JUNCTION INVOLVED,STRAIGHT/HILLCREST,ASPHALT,FAILURE TO YIELD RIGHT OF WAY,RIGHT ANGLE,SOUTHFIRSTSTWESTRITTERST,STOP SIGN
ISP BLOOMINGTON 33,BLOOMINGTON,8/17/2019,8:15 PM,1,0,1,0,0,,,,N WAYPORT,E SAMPLE RD,,1500,N,39.42480248,-86.52079745,COUNTY ROAD,N,RURAL,N,N,N,,DAYLIGHT,CLEAR,DRY,,NO JUNCTION INVOLVED,CURVE/GRADE,ASPHALT,RAN OFF ROAD RIGHT,RAN OFF ROAD,SAMPLERDWAYPORTRD,LANE CONTROL
ISP BLOOMINGTON 33,BLOOMINGTON,8/17/2019,8:57 PM,1,0,0,0,1,,,,E WINSLOW,S HIGH ST,,,,39.136415,-86.50834,LOCAL/CITY ROAD,N,RURAL,N,N,N,,DARK (LIGHTED),CLOUDY,DRY,,TRAFFIC CIRCLE/ROUNDABOUT,CURVE/GRADE,ASPHALT,ANIMAL/OBJECT IN ROADWAY,COLLISION WITH DEER,HIGHSTWINSLOWRD,LANE CONTROL
BLOOMINGTON PD,BLOOMINGTON,8/17/2019,11:00 PM,2,0,0,0,0,,,,S COLLEGE MALL,COLLEGE MALL ACCESS,,,,0,0,LOCAL/CITY ROAD,N,URBAN,N,N,N,,DARK (LIGHTED),CLEAR,DRY,,FOUR-WAY INTERSECTION,STRAIGHT/LEVEL,ASPHALT,FAILURE TO YIELD RIGHT OF WAY,OPPOSITE DIRECTION SIDESWIPE,NACCESSTOCOLLEGEMALLRDSCOLLEGEMALLRD,TRAFFIC CONTROL SIGNAL
MONROE SD,BLOOMINGTON,8/17/2019,1:01 AM,2,0,1,0,0,,,,S LIBERTY,,,2000,N,39.36263498,-86.58277202,LOCAL/CITY ROAD,N,RURAL,N,N,N,,DAYLIGHT,CLOUDY,WET,,NO JUNCTION INVOLVED,STRAIGHT/LEVEL,ASPHALT,SPEED TOO FAST FOR WEATHER CONDITIONS,REAR END,SLIBERYDRWCONSTITUTIONAVE,NONE
MONROE SD,BLOOMINGTON,8/17/2019,6:03 PM,2,0,0,0,0,,,,W KIRKWOOD,N RITTER ST,,,,39.166832,-86.550992,LOCAL/CITY ROAD,Y,URBAN,N,N,N,,DAYLIGHT,CLEAR,DRY,,T-INTERSECTION,STRAIGHT/LEVEL,ASPHALT,UNSAFE SPEED,RIGHT ANGLE,NRITTERSTWKIRKWOODAVE,NONE
BLOOMINGTON PD,BLOOMINGTON,8/17/2019,2:46 PM,1,0,0,0,1,,,,W OLD SR 37,E MEL CURRIE RD,,100,N,39.24750397,-86.50176,COUNTY ROAD,N,RURAL,N,N,N,,DAYLIGHT,CLEAR,DRY,,NO JUNCTION INVOLVED,STRAIGHT/GRADE,ASPHALT,ANIMAL/OBJECT IN ROADWAY,COLLISION WITH DEER,EMELCURRYRDNOLDSTATEROAD37HWY,NONE
BLOOMINGTON PD,BLOOMINGTON,8/18/2019,12:33 AM,2,0,0,0,0,,,,SR 45/46,N COLLEGE AVE,,,,39.186352,-86.534704,STATE ROAD,N,URBAN,N,N,Y,WORK ON SHOULDER,DAYLIGHT,CLEAR,DRY,,FOUR-WAY INTERSECTION,STRAIGHT/LEVEL,ASPHALT,OVERCORRECTING/OVERSTEERING,SAME DIRECTION SIDESWIPE,NCOLLEGEAVESR46W,TRAFFIC CONTROL SIGNAL
BLOOMINGTON PD,BLOOMINGTON,8/18/2019,11:33 AM,2,0,0,0,0,,,,SR 45/46,N DUNN ST,,,,39.186352,-86.528496,STATE ROAD,N,URBAN,N,N,N,,DAYLIGHT,CLEAR,DRY,,FOUR-WAY INTERSECTION,STRAIGHT/LEVEL,ASPHALT,FOLLOWING TOO CLOSELY,REAR END,NDUNNSTSR46E,TRAFFIC CONTROL SIGNAL
INDIANA UNIV BLOOMINGTON PD,BLOOMINGTON,8/18/2019,12:40 PM,2,0,0,0,0,,,,E 10TH,N JEFFERSON ST,,,,39.171648,-86.507088,LOCAL/CITY ROAD,N,URBAN,N,N,N,,DAYLIGHT,CLEAR,DRY,,T-INTERSECTION,STRAIGHT/LEVEL,ASPHALT,IMPROPER TURNING,LEFT/RIGHT TURN,10THSTJEFFERSONST,STOP SIGN
INDIANA UNIV BLOOMINGTON PD,BLOOMINGTON,8/18/2019,3:15 PM,2,0,0,0,0,,,,S HENDERSON,E ATWATER AVE,,,,39.16314,-86.52727,LOCAL/CITY ROAD,N,URBAN,N,N,N,,DAYLIGHT,CLEAR,DRY,,FOUR-WAY INTERSECTION,STRAIGHT/LEVEL,ASPHALT,DISREGARD SIGNAL/REG SIGN,RIGHT ANGLE,ATWATERAVEHENDERSONAVE,TRAFFIC CONTROL SIGNAL
MONROE SD,BLOOMINGTON,8/18/2019,11:25 AM,2,0,2,0,0,,,,S WALNUT,S ORCHARD LN,,200,S,39.11584,-86.5312,COUNTY ROAD,N,RURAL,N,N,N,,DAYLIGHT,CLEAR,DRY,,NO JUNCTION INVOLVED,STRAIGHT/GRADE,ASPHALT,LEFT OF CENTER,HEAD ON BETWEEN TWO MOTOR VEHICLES,SOLDSTATE37RDSORCHARDLN,LANE CONTROL
MONROE SD,ELLETTSVILLE,8/18/2019,4:49 PM,2,0,0,0,0,,,,SR 46,W ARLINGTON RD,,,,39.20763,-86.57988,STATE ROAD,N,RURAL,N,N,N,,DAYLIGHT,CLEAR,DRY,,T-INTERSECTION,CURVE/LEVEL,ASPHALT,FOLLOWING TOO CLOSELY,REAR END,NARLINIGTONRDSR46W,TRAFFIC CONTROL SIGNAL
MONROE SD,BLOOMINGTON,8/18/2019,9:30 PM,1,0,0,0,0,,,,SR 48,W VERNAL PIKE,,500,W,39.16871806,-86.66283373,STATE ROAD,N,RURAL,N,N,N,,DARK (NOT LIGHTED),CLEAR,WET,,T-INTERSECTION,CURVE/LEVEL,ASPHALT,UNSAFE SPEED,RAN OFF ROAD,SR48WWVERNALPIKE,NONE
MONROE SD,BLOOMINGTON,8/18/2019,6:40 AM,1,0,0,0,1,,,,SR 37,E DILLMAN RD,,1300,N,39.23017629,-86.54416,STATE ROAD,N,RURAL,N,N,N,,DAWN/DUSK,CLEAR,DRY,,NO JUNCTION INVOLVED,CURVE/GRADE,ASPHALT,ANIMAL/OBJECT IN ROADWAY,COLLISION WITH DEER,EASTDILMANRDSR37S,NONE
MONROE SD,BLOOMINGTON,8/18/2019,1:20 PM,2,0,0,0,0,,,,I-69,W FULLERTON PIKE,,500,S,39.1212155,-86.57021033,STATE ROAD,N,URBAN,N,N,N,,DAYLIGHT,CLEAR,DRY,,RAMP,STRAIGHT/LEVEL,ASPHALT,UNSAFE LANE MOVEMENT,OTHER - EXPLAIN IN NARRATIVE,FULLERTONPIKESR37N,NONE
MONROE SD,BLOOMINGTON,8/18/2019,9:46 PM,1,0,0,0,0,,,,SR 45,S DUNLAP RD,,200,W,39.11902366,-86.61946886,STATE ROAD,N,RURAL,N,N,N,,DARK (NOT LIGHTED),CLEAR,DRY,,T-INTERSECTION,CURVE/LEVEL,ASPHALT,ANIMAL/OBJECT IN ROADWAY,COLLISION WITH ANIMAL OTHER,SDUNLAPRDSR45W,NONE
BLOOMINGTON PD,BLOOMINGTON,8/19/2019,11:31 AM,4,0,0,0,0,,,,SR 46,E EASTGATE LN,,100,S,39.16998405,-86.50126402,STATE ROAD,N,URBAN,N,N,N,,DAYLIGHT,CLEAR,DRY,,NO JUNCTION INVOLVED,STRAIGHT/GRADE,ASPHALT,FOLLOWING TOO CLOSELY,REAR END,EASTGATELNSR46S,NONE
ELLETTSVILLE PD,ELLETTSVILLE,8/19/2019,5:10 PM,3,0,0,0,0,,,,SR 46,N HARTSTRAIT RD,,150,W,39.22766,-86.615927,STATE ROAD,N,URBAN,N,N,N,,DAYLIGHT,CLEAR,DRY,,T-INTERSECTION,STRAIGHT/LEVEL,ASPHALT,DRIVER DISTRACTED - EXPLAIN IN NARRATIVE,REAR END,HARTSTRAITRDSR46W,TRAFFIC CONTROL SIGNAL
ELLETTSVILLE PD,ELLETTSVILLE,8/19/2019,3:34 AM,2,0,3,0,0,,,,SR 46,N LAKEVIEW DR,,50,W,39.22123484,-86.60574082,STATE ROAD,N,URBAN,N,N,N,,DAYLIGHT,CLEAR,DRY,,NO JUNCTION INVOLVED,STRAIGHT/GRADE,ASPHALT,FAILURE TO YIELD RIGHT OF WAY,RIGHT ANGLE,NLAKEVIEWDRSR46W,NONE
MONROE SD,BLOOMINGTON,8/19/2019,5:57 PM,1,0,0,0,0,,,,SR 48,W VERNAL PIKE,,3500,W,39.16958455,-86.67299335,STATE ROAD,N,RURAL,N,N,N,,DAYLIGHT,CLEAR,DRY,,NO JUNCTION INVOLVED,STRAIGHT/LEVEL,ASPHALT,RAN OFF ROAD RIGHT,RAN OFF ROAD,SR48WWVERNALPIKE,NONE