Agency,City,Collision Date,Collision Time,Vehicles Involved,Trailers Involved,Number Injured,Number Dead,Number Deer,House Number,Roadway Interchange,Roadway Ramp,Roadway Id,Intersecting Road,Interchange,Feet From,Direction,Latitude,Longitude,Roadway Class,Hit and Run?,Locality,School Zone?,Rumble Strips?,Construction?,Construction Type,Light Condition,Weather Conditions,Surface Condition,Type of Median,Roadway Junction Type,Road Character,Roadway Surface,Primary Factor,Manner of Collision,Unique Location Id,Traffic Control
BLOOMINGTON PD,BLOOMINGTON,8/19/2019,9:23 AM,1,0,1,0,0,,,,S COLLEGE MALL,E COVENANTER DR,,,,39.155152,-86.497888,LOCAL/CITY ROAD,N,URBAN,N,N,N,,DAYLIGHT,CLEAR,DRY,,FOUR-WAY INTERSECTION,STRAIGHT/LEVEL,ASPHALT,FAILURE TO YIELD RIGHT OF WAY,RIGHT ANGLE,COLLEGEMALLRDCOVENANTERDR,TRAFFIC CONTROL SIGNAL
MONROE SD,BLOOMINGTON,8/19/2019,8:54 AM,2,0,0,0,0,,,,SR 37,E SMITHVILLE RD,,,,39.071056,-86.5356,STATE ROAD,N,RURAL,N,Y,Y,LANE CLOSURE,DAYLIGHT,CLEAR,DRY,,NO JUNCTION INVOLVED,STRAIGHT/LEVEL,ASPHALT,FOLLOWING TOO CLOSELY,REAR END,ESMITHVILLERDSR37S,NONE
MONROE SD,BLOOMINGTON,8/19/2019,8:14 PM,2,0,0,0,0,,,,E SMITHVILLE,S FAIRFAX RD,,,,39.071152,-86.503088,LOCAL/CITY ROAD,N,RURAL,N,N,N,,DAYLIGHT,CLEAR,DRY,,FOUR-WAY INTERSECTION,STRAIGHT/LEVEL,ASPHALT,FOLLOWING TOO CLOSELY,REAR END,ESMITHVILLERDSFAIRFAXRD,STOP SIGN
MONROE SD,BLOOMINGTON,8/19/2019,3:13 PM,1,0,0,0,0,,,,I-69 N,,,250,N,41.28828669,-85.08707972,INTERSTATE,N,RURAL,N,N,N,,DAYLIGHT,CLEAR,DRY,,NO JUNCTION INVOLVED,STRAIGHT/LEVEL,ASPHALT,OTHER (ENVIRONMENTAL) - EXPLAIN IN NARR,COLLISION WITH OBJECT IN ROAD,I69N123.5,NONE
BLOOMINGTON PD,BLOOMINGTON,8/19/2019,10:43 AM,2,0,0,0,0,,,,W COUNTRYSIDE,S ZONA CT,,,,39.14317,-86.54632,LOCAL/CITY ROAD,N,URBAN,N,N,N,,DAYLIGHT,CLEAR,DRY,,T-INTERSECTION,STRAIGHT/LEVEL,ASPHALT,UNSAFE BACKING,BACKING CRASH,SZONACTWCOUNTRYSIDELN,NONE
BLOOMINGTON PD,BLOOMINGTON,8/20/2019,4:00 PM,3,0,2,0,0,,,,E 3RD,S COLLEGE MALL RD,,,,39.16424,-86.4984,LOCAL/CITY ROAD,N,URBAN,N,N,N,,DAYLIGHT,RAIN,WET,,FOUR-WAY INTERSECTION,STRAIGHT/LEVEL,ASPHALT,FOLLOWING TOO CLOSELY,REAR END,E3RDSTSCOLLEGEMALLRD,TRAFFIC CONTROL SIGNAL
BLOOMINGTON PD,BLOOMINGTON,8/20/2019,4:10 PM,2,0,1,0,0,,,,SR 45/46,N KINSER PIKE,,,,39.186544,-86.537888,STATE ROAD,N,URBAN,N,N,N,,DAYLIGHT,RAIN,WET,,NO JUNCTION INVOLVED,STRAIGHT/LEVEL,ASPHALT,SPEED TOO FAST FOR WEATHER CONDITIONS,REAR END,NKINSERPIKESR46E,TRAFFIC CONTROL SIGNAL
BLOOMINGTON PD,BLOOMINGTON,8/20/2019,3:31 PM,2,0,0,0,0,,,,E WINSLOW,S WALNUT ST PIKE,,,,39.136144,-86.528688,LOCAL/CITY ROAD,N,URBAN,N,N,Y,INTERMITTENT OR MOVING WORK,DAYLIGHT,RAIN,WET,,FOUR-WAY INTERSECTION,STRAIGHT/GRADE,ASPHALT,FOLLOWING TOO CLOSELY,REAR END,EWINSLOWRDSWALNUTSTREETPIKE,NONE
INDIANA UNIV BLOOMINGTON PD,BLOOMINGTON,8/20/2019,1:25 PM,2,0,0,0,0,,,,N UNION,E 10TH ST,,,,39.17157,-86.50945,LOCAL/CITY ROAD,N,URBAN,N,N,N,,DAYLIGHT,CLEAR,DRY,,NO JUNCTION INVOLVED,STRAIGHT/LEVEL,ASPHALT,UNSAFE BACKING,BACKING CRASH,TENTHSTUNIONST,NONE
BLOOMINGTON PD,BLOOMINGTON,8/20/2019,3:19 PM,2,0,0,0,0,,,,S WALNUT,E 4TH ST,,100,S,39.165648,-86.5336,LOCAL/CITY ROAD,Y,URBAN,N,N,N,,DAYLIGHT,RAIN,WET,,FOUR-WAY INTERSECTION,STRAIGHT/LEVEL,ASPHALT,UNSAFE LANE MOVEMENT,REAR END,E4THSTSWALNUTST,TRAFFIC CONTROL SIGNAL
BLOOMINGTON PD,BLOOMINGTON,8/20/2019,2:26 PM,2,0,0,0,0,,,,N COLLEGE,W 7TH ST,,,,39.168656,-86.534784,LOCAL/CITY ROAD,N,URBAN,N,N,N,,DAYLIGHT,RAIN,WET,,FOUR-WAY INTERSECTION,STRAIGHT/LEVEL,ASPHALT,UNSAFE LANE MOVEMENT,LEFT/RIGHT TURN,E7THSTNCOLLEGEAVE,TRAFFIC CONTROL SIGNAL
BLOOMINGTON PD,BLOOMINGTON,8/20/2019,6:12 PM,2,0,0,0,0,,,,E 3RD,S OVERHILL DR,,,,39.164272,-86.501488,LOCAL/CITY ROAD,N,URBAN,N,N,N,,DAYLIGHT,CLEAR,WET,,T-INTERSECTION,STRAIGHT/LEVEL,ASPHALT,FAILURE TO YIELD RIGHT OF WAY,RIGHT ANGLE,E3RDSTSOVERHILLDR,NONE
BLOOMINGTON PD,BLOOMINGTON,8/20/2019,12:25 PM,2,0,1,0,0,,,,SR 46,E 7TH ST,,,,39.167648,-86.500096,STATE ROAD,N,URBAN,N,N,N,,DAYLIGHT,CLOUDY,DRY,,NO JUNCTION INVOLVED,STRAIGHT/LEVEL,ASPHALT,FOLLOWING TOO CLOSELY,REAR END,7THSTSR46E,NONE
INDIANA UNIV BLOOMINGTON PD,BLOOMINGTON,8/20/2019,5:20 PM,2,0,0,0,0,,,,E 3RD,E SWAIN AVE,,50,W,0,0,LOCAL/CITY ROAD,N,URBAN,N,N,N,,DAYLIGHT,CLOUDY,WET,,NO JUNCTION INVOLVED,STRAIGHT/LEVEL,ASPHALT,UNSAFE LANE MOVEMENT,LEFT TURN,3RDSTSWAINAVE,NONE
MONROE SD,BLOOMINGTON,8/20/2019,5:44 PM,1,0,0,0,0,,,,E SMITHVILLE,S ZIKES RD,,900,W,39.071344,-86.5252,LOCAL/CITY ROAD,N,URBAN,N,N,N,,DAYLIGHT,CLEAR,WET,,NO JUNCTION INVOLVED,CURVE/GRADE,ASPHALT,RAN OFF ROAD RIGHT,RAN OFF ROAD,ESMITHVILLERDSZIKESRD,NONE
BLOOMINGTON PD,BLOOMINGTON,8/20/2019,5:00 PM,2,0,0,0,0,,,,S CURRY,INDUSTRIAL BLVD,,,,39.14393,-86.58262,LOCAL/CITY ROAD,N,URBAN,N,N,N,,DAYLIGHT,CLOUDY,WET,,T-INTERSECTION,STRAIGHT/LEVEL,ASPHALT,FOLLOWING TOO CLOSELY,REAR END,SCURRYPIKEWINDUSTRIALBLVD,NONE
BLOOMINGTON PD,BLOOMINGTON,8/20/2019,4:57 PM,2,0,0,0,0,,,,S ROGERS,W DODDS ST,,400,S,39.11517993,-86.5387,LOCAL/CITY ROAD,N,URBAN,N,N,N,,DAYLIGHT,CLEAR,WET,,T-INTERSECTION,STRAIGHT/LEVEL,ASPHALT,SPEED TOO FAST FOR WEATHER CONDITIONS,REAR END,SROGERSSTWDODDSST,NONE
BLOOMINGTON PD,BLOOMINGTON,8/20/2019,6:54 PM,1,0,0,0,0,3291,,,S WALNUT ST PIKE,,,,,39.165648,-86.5336,LOCAL/CITY ROAD,N,URBAN,N,N,N,,DAYLIGHT,CLEAR,DRY,,NO JUNCTION INVOLVED,STRAIGHT/GRADE,CONCRETE,RAN OFF ROAD RIGHT,RAN OFF ROAD,SWALNUTSTPIKE,NONE
MONROE SD,BLOOMINGTON,8/20/2019,2:58 PM,3,0,1,0,0,,,,W RATLIFF,N HARTSTRAIT RD,,,,39.20911,-86.61138,LOCAL/CITY ROAD,N,URBAN,N,N,N,,DAYLIGHT,RAIN,WET,,T-INTERSECTION,STRAIGHT/HILLCREST,ASPHALT,FOLLOWING TOO CLOSELY,REAR END,NHARTSTRAITRDWRATLIFFRD,NONE
MONROE SD,BLOOMINGTON,8/20/2019,5:08 PM,1,0,0,0,0,,,,W VERNAL,N THOMAS RD,,630,E,39.18904,-86.630096,LOCAL/CITY ROAD,N,RURAL,N,N,N,,DAYLIGHT,CLEAR,WET,,NO JUNCTION INVOLVED,CURVE/LEVEL,CONCRETE,SPEED TOO FAST FOR WEATHER CONDITIONS,RAN OFF ROAD,NTHOMASRDWVERNALPIKE,NONE
INDIANA UNIV BLOOMINGTON PD,BLOOMINGTON,8/21/2019,3:05 PM,2,0,0,0,0,,,,SR 45/46,E 10TH ST,,,,39.171648,-86.502096,STATE ROAD,N,URBAN,N,N,N,,DAYLIGHT,CLEAR,DRY,,FOUR-WAY INTERSECTION,STRAIGHT/LEVEL,ASPHALT,FOLLOWING TOO CLOSELY,REAR END,10THSTSR46S,TRAFFIC CONTROL SIGNAL
INDIANA UNIV BLOOMINGTON PD,BLOOMINGTON,8/21/2019,2:30 PM,2,0,0,0,0,,,,E 3RD,S ARBUTUS DR,,150,N,39.18013153,-86.51217,UNKNOWN,N,URBAN,Y,N,N,,DAYLIGHT,CLEAR,DRY,,NO JUNCTION INVOLVED,CURVE/LEVEL,ASPHALT,UNSAFE BACKING,BACKING CRASH,E3RDSTSARBUTUSDR,NONE
INDIANA UNIV BLOOMINGTON PD,BLOOMINGTON,8/21/2019,8:35 PM,2,0,0,0,0,,,,E 9TH,N PARK AVE,,50,W,39.17044,-86.52463567,LOCAL/CITY ROAD,N,URBAN,N,N,N,,DAWN/DUSK,CLEAR,DRY,,NO JUNCTION INVOLVED,STRAIGHT/LEVEL,OTHER - EXPLAIN IN NARRATIVE,IMPROPER PASSING,SAME DIRECTION SIDESWIPE,NINTHSTPARKAVE,NONE
BLOOMINGTON PD,BLOOMINGTON,8/21/2019,4:53 PM,2,0,1,0,0,,,,E UNIVERSITY,S HENDERSON ST,,,,39.15212,-86.52696499,LOCAL/CITY ROAD,N,URBAN,N,N,N,,DAYLIGHT,CLEAR,DRY,,T-INTERSECTION,STRAIGHT/LEVEL,ASPHALT,FAILURE TO YIELD RIGHT OF WAY,RIGHT ANGLE,EUNIVERSITYSTSHENDERSONST,STOP SIGN
ELLETTSVILLE PD,ELLETTSVILLE,8/21/2019,2:08 PM,2,0,0,0,0,,,,S 1ST,E RITTER ST,,,,39.229424,-86.623584,LOCAL/CITY ROAD,N,URBAN,N,N,N,,DAYLIGHT,CLEAR,DRY,,NO JUNCTION INVOLVED,STRAIGHT/GRADE,ASPHALT,FAILURE TO YIELD RIGHT OF WAY,RIGHT ANGLE,FIRSTSTRITTERST,NONE
MONROE SD,BLOOMINGTON,8/21/2019,11:59 PM,2,0,0,0,0,,,,SR 48,S FIELDSTONE BLVD,,,,39.164848,-86.602112,STATE ROAD,N,URBAN,N,N,N,,DAYLIGHT,CLEAR,DRY,,T-INTERSECTION,STRAIGHT/LEVEL,ASPHALT,FAILURE TO YIELD RIGHT OF WAY,RIGHT ANGLE,FIELDSTONEBLVDSR48W,LANE CONTROL
BLOOMINGTON PD,BLOOMINGTON,8/22/2019,2:05 PM,2,0,0,0,0,,,,SR 46,S PETE ELLIS DR,,,,39.16424,-86.495088,LOCAL/CITY ROAD,N,URBAN,N,N,N,,DAYLIGHT,CLOUDY,DRY,,FOUR-WAY INTERSECTION,STRAIGHT/GRADE,ASPHALT,FOLLOWING TOO CLOSELY,RAN OFF ROAD,E3RDSTSPETEELLISDR,TRAFFIC CONTROL SIGNAL
INDIANA UNIV BLOOMINGTON PD,BLOOMINGTON,8/22/2019,8:10 PM,2,0,1,0,0,,,,SR 45/46,SR 45,,,,39.18629503,-86.53072499,US ROUTE,N,URBAN,N,N,N,,DAYLIGHT,RAIN,WET,,FOUR-WAY INTERSECTION,STRAIGHT/LEVEL,ASPHALT,FOLLOWING TOO CLOSELY,REAR END,SR45SR46,TRAFFIC CONTROL SIGNAL
BLOOMINGTON PD,BLOOMINGTON,8/22/2019,12:42 PM,2,0,1,0,0,,,,E 3RD,S COLLEGE MALL RD,,,,39.16424,-86.4984,LOCAL/CITY ROAD,N,URBAN,N,N,N,,DAYLIGHT,CLOUDY,DRY,,FOUR-WAY INTERSECTION,STRAIGHT/LEVEL,ASPHALT,FOLLOWING TOO CLOSELY,REAR END,3RDSTCOLLEGEMALLRD,TRAFFIC CONTROL SIGNAL
BLOOMINGTON PD,BLOOMINGTON,8/22/2019,11:59 AM,2,0,0,0,0,,,,N WALNUT,SR 45/46,,100,S,39.17579968,-86.53454,LOCAL/CITY ROAD,N,URBAN,N,N,N,,DAYLIGHT,CLOUDY,DRY,,NO JUNCTION INVOLVED,STRAIGHT/LEVEL,ASPHALT,FAILURE TO YIELD RIGHT OF WAY,RIGHT ANGLE,4546BYPNWALNUTST,NONE
INDIANA UNIV BLOOMINGTON PD,BLOOMINGTON,8/22/2019,7:45 PM,2,0,0,0,0,,,,S SWAIN,E 3RD ST,,,,39.16425,-86.51526,LOCAL/CITY ROAD,N,URBAN,N,N,N,,DAYLIGHT,CLOUDY,WET,,T-INTERSECTION,STRAIGHT/LEVEL,ASPHALT,IMPROPER TURNING,LEFT TURN,SWAINAVETHIRDST,NONE
BLOOMINGTON PD,BLOOMINGTON,8/22/2019,11:45 AM,2,0,1,0,0,,,,SR 48,S GATES DR,,,,39.16459,-86.5762,LOCAL/CITY ROAD,N,URBAN,N,N,N,,DAYLIGHT,CLOUDY,DRY,,FOUR-WAY INTERSECTION,STRAIGHT/LEVEL,ASPHALT,DRIVER ILLNESS,SAME DIRECTION SIDESWIPE,SGATESDRW3RDST,TRAFFIC CONTROL SIGNAL
BLOOMINGTON PD,BLOOMINGTON,8/22/2019,12:20 PM,2,0,0,0,0,,,,S WALNUT,E GRIMES LN,,,,0,0,LOCAL/CITY ROAD,N,URBAN,N,N,N,,DAYLIGHT,CLOUDY,DRY,,FOUR-WAY INTERSECTION,STRAIGHT/LEVEL,ASPHALT,FAILURE TO YIELD RIGHT OF WAY,RIGHT ANGLE,GRIMESAVEWALNUTST,TRAFFIC CONTROL SIGNAL
INDIANA UNIV BLOOMINGTON PD,BLOOMINGTON,8/22/2019,7:18 PM,2,0,0,0,0,,,,E 3RD,S FESS AVE,,100,E,39.16429,-86.52587865,LOCAL/CITY ROAD,N,URBAN,N,N,N,,DAYLIGHT,CLOUDY,WET,,NO JUNCTION INVOLVED,STRAIGHT/LEVEL,ASPHALT,FOLLOWING TOO CLOSELY,REAR END,FESSAVETHIRDST,NONE
BLOOMINGTON PD,BLOOMINGTON,8/22/2019,10:17 PM,1,0,1,0,0,,,,S PATTERSON,W 2ND ST,,125,S,39.14754324,-86.54849,LOCAL/CITY ROAD,N,URBAN,N,N,N,,DARK (LIGHTED),CLOUDY,WET,,NO JUNCTION INVOLVED,STRAIGHT/LEVEL,ASPHALT,PEDESTRIAN ACTION,COLLISION WITH OBJECT IN ROAD,2NDSTPATTERSONDR,LANE CONTROL
ELLETTSVILLE PD,ELLETTSVILLE,8/22/2019,8:57 PM,2,0,0,0,0,,,,SR 46,N OUTBACK RD,,,,39.21507,-86.592785,STATE ROAD,N,URBAN,N,N,N,,DARK (NOT LIGHTED),CLEAR,WET,,FOUR-WAY INTERSECTION,STRAIGHT/LEVEL,ASPHALT,FAILURE TO YIELD RIGHT OF WAY,LEFT TURN,NORTHOUTBACKCTSR46W,TRAFFIC CONTROL SIGNAL
MONROE SD,BLOOMINGTON,8/22/2019,6:33 PM,2,0,0,0,0,,,,N SMITH,W WOODYARD RD,,,,0,0,COUNTY ROAD,N,RURAL,N,N,N,,DAYLIGHT,CLEAR,DRY,,NO JUNCTION INVOLVED,STRAIGHT/LEVEL,ASPHALT,OTHER (DRIVER) - EXPLAIN IN NARRATIVE,REAR END,SMITHPIKEPIKEWOODYARDRD,NONE
ISP BLOOMINGTON 33,ELLETTSVILLE,8/22/2019,2:50 PM,3,0,0,0,0,,,,SR 46,W ARLINGTON RD,,,,39.187184,-86.551408,STATE ROAD,N,RURAL,N,N,N,,DAYLIGHT,RAIN,WET,,FOUR-WAY INTERSECTION,STRAIGHT/LEVEL,ASPHALT,FOLLOWING TOO CLOSELY,REAR END,ARLINGTONRDSR46,TRAFFIC CONTROL SIGNAL
MONROE SD,BLOOMINGTON,8/22/2019,3:18 PM,1,0,0,0,0,,,,E SAMPLE,W OLD SR 37,,4000,W,39.25864,-86.5012,LOCAL/CITY ROAD,N,RURAL,N,N,N,,DAYLIGHT,CLOUDY,WET,,NO JUNCTION INVOLVED,CURVE/GRADE,ASPHALT,RAN OFF ROAD RIGHT,RAN OFF ROAD,ESAMPLERDNOLDSR37RD,NONE
BLOOMINGTON PD,BLOOMINGTON,8/22/2019,6:55 PM,2,0,0,0,0,,,,E MOORES,S COLLEGE MALL RD,,60,W,39.150448,-86.498,LOCAL/CITY ROAD,Y,URBAN,N,N,N,,DAYLIGHT,CLOUDY,WET,,FOUR-WAY INTERSECTION,STRAIGHT/GRADE,ASPHALT,UNSAFE LANE MOVEMENT,SAME DIRECTION SIDESWIPE,EMOORESPIKESCOLLEGEMALLRD,NONE
BLOOMINGTON PD,BLOOMINGTON,8/22/2019,9:49 AM,1,0,1,0,0,,,,E 7TH,N INDIANA AVE,,,,39.16864,-86.526944,LOCAL/CITY ROAD,N,URBAN,N,N,N,,DAYLIGHT,CLOUDY,DRY,,FOUR-WAY INTERSECTION,STRAIGHT/LEVEL,ASPHALT,IMPROPER TURNING,LEFT TURN,7THSTINDIANAAVE,STOP SIGN
ELLETTSVILLE PD,ELLETTSVILLE,8/22/2019,12:27 AM,1,0,0,0,0,,,,E MIAMI,S SHAWNEE DR,,150,E,39.220816,-86.622288,LOCAL/CITY ROAD,N,URBAN,N,N,N,,DARK (NOT LIGHTED),CLEAR,DRY,,NO JUNCTION INVOLVED,STRAIGHT/LEVEL,ASPHALT,RAN OFF ROAD RIGHT,RAN OFF ROAD,MIAMISTSHAWNEEDR,OTHER
MONROE SD,ELLETTSVILLE,8/22/2019,7:39 AM,2,0,0,0,0,,,,N UNION VALLEY,W MCNEELY ST,,,,39.2375,-86.59278,LOCAL/CITY ROAD,N,RURAL,N,N,N,,DAWN/DUSK,CLOUDY,WET,,T-INTERSECTION,STRAIGHT/HILLCREST,ASPHALT,SPEED TOO FAST FOR WEATHER CONDITIONS,RIGHT ANGLE,NUNIONVALLEYRDWMCNEELYST,STOP SIGN
BLOOMINGTON PD,BLOOMINGTON,8/22/2019,6:35 PM,1,0,0,0,0,3004,,,S ACADIA,ACADIA CT,,,,39.13603958,-86.518496,UNKNOWN,Y,URBAN,N,N,N,,DAYLIGHT,RAIN,WET,,T-INTERSECTION,NON-ROADWAY CRASH,ASPHALT,ROADWAY SURFACE CONDITION,RAN OFF ROAD,SACADIACT,STOP SIGN
BLOOMINGTON PD,BLOOMINGTON,8/22/2019,9:43 AM,2,0,0,0,0,,,,S ROGERS,W DODDS ST,,,,39.15747,-86.5387,LOCAL/CITY ROAD,N,URBAN,N,N,N,,DAYLIGHT,CLOUDY,DRY,,FOUR-WAY INTERSECTION,STRAIGHT/LEVEL,ASPHALT,FOLLOWING TOO CLOSELY,REAR END,DODDSSTROGERSST,STOP SIGN
MONROE SD,BLOOMINGTON,8/22/2019,4:39 PM,1,0,0,0,0,,,,SR 46,W FLATWOODS RD,,500,W,39.25373018,-86.6545366,STATE ROAD,N,RURAL,N,N,N,,DAYLIGHT,CLOUDY,DRY,,NO JUNCTION INVOLVED,CURVE/GRADE,ASPHALT,RAN OFF ROAD RIGHT,RAN OFF ROAD,FLATWOODSRDSR46W,NONE
INDIANA UNIV BLOOMINGTON PD,BLOOMINGTON,8/23/2019,1:50 PM,2,0,0,0,0,,,,SR 45/46,E 10TH ST,,,,39.18629503,-86.53072499,STATE ROAD,N,URBAN,N,N,N,,DAYLIGHT,CLEAR,DRY,,FOUR-WAY INTERSECTION,STRAIGHT/LEVEL,ASPHALT,FOLLOWING TOO CLOSELY,REAR END,SR45SR46,TRAFFIC CONTROL SIGNAL
INDIANA UNIV BLOOMINGTON PD,BLOOMINGTON,8/23/2019,5:40 PM,2,0,0,0,0,,,,E 3RD,S JORDAN AVE,,,,39.16426,-86.51642,LOCAL/CITY ROAD,N,URBAN,N,N,N,,DAYLIGHT,CLEAR,DRY,,FOUR-WAY INTERSECTION,STRAIGHT/LEVEL,ASPHALT,IMPROPER TURNING,LEFT TURN,JORDANAVETHIRDST,LANE CONTROL
BLOOMINGTON PD,BLOOMINGTON,8/23/2019,2:31 PM,2,0,0,0,0,,,,N COLLEGE,W 7TH ST,,,,39.168656,-86.534784,LOCAL/CITY ROAD,N,URBAN,N,N,N,,DAYLIGHT,CLEAR,DRY,,FOUR-WAY INTERSECTION,STRAIGHT/LEVEL,ASPHALT,DISREGARD SIGNAL/REG SIGN,RIGHT ANGLE,NCOLLEGEAVEW7THST,TRAFFIC CONTROL SIGNAL
BLOOMINGTON PD,BLOOMINGTON,8/23/2019,12:00 PM,2,0,1,0,0,,,,SR 46,E 7TH ST,,,,39.167648,-86.500096,STATE ROAD,N,URBAN,N,N,N,,DAYLIGHT,CLEAR,DRY,,NO JUNCTION INVOLVED,STRAIGHT/GRADE,ASPHALT,FOLLOWING TOO CLOSELY,REAR END,7THSTSR46E,NONE
MONROE SD,BLOOMINGTON,8/23/2019,5:00 PM,2,1,0,0,0,,,,SR 37,S ZIKES RD,,150,N,39.04986797,-86.53588243,STATE ROAD,N,RURAL,N,Y,Y,LANE CLOSURE,DAYLIGHT,CLEAR,DRY,,NO JUNCTION INVOLVED,STRAIGHT/LEVEL,ASPHALT,FAILURE TO YIELD RIGHT OF WAY,SAME DIRECTION SIDESWIPE,SOUTHZIKESRDSR37S,LANE CONTROL
BLOOMINGTON PD,BLOOMINGTON,8/23/2019,4:51 PM,2,0,0,0,0,,,,E 2ND,S HENDERSON ST,,,,39.16136,-86.52722,LOCAL/CITY ROAD,N,URBAN,N,N,N,,DAYLIGHT,CLEAR,DRY,,T-INTERSECTION,STRAIGHT/GRADE,ASPHALT,WRONG WAY ON ONE WAY,RIGHT ANGLE,2NDSTHENDERSONST,LANE CONTROL
MONROE SD,BLOOMINGTON,8/23/2019,3:59 PM,2,0,0,0,0,,,,N UNION VALLEY,W LYNWEST DR,,,,39.21584,-86.5928,COUNTY ROAD,N,RURAL,N,N,N,,DAYLIGHT,CLEAR,DRY,,FOUR-WAY INTERSECTION,STRAIGHT/GRADE,ASPHALT,FAILURE TO YIELD RIGHT OF WAY,RIGHT ANGLE,LYNWESTDRUNIONVALLEYRD,NONE
ISP BLOOMINGTON 33,BLOOMINGTON,8/23/2019,8:24 PM,2,0,0,0,0,,,,S SARE,S CATHCART RD,,,,39.14882,-86.49906,LOCAL/CITY ROAD,N,URBAN,N,N,N,,DAWN/DUSK,CLEAR,DRY,,T-INTERSECTION,STRAIGHT/GRADE,ASPHALT,FAILURE TO YIELD RIGHT OF WAY,RIGHT ANGLE,EASTCATHCARTSTSOUTHSARERD,LANE CONTROL
BLOOMINGTON PD,BLOOMINGTON,8/23/2019,4:17 PM,4,0,2,0,0,,,,SR 45/46,,,1000,W,39.18692,-86.54656345,LOCAL/CITY ROAD,N,URBAN,N,N,Y,LANE CLOSURE,DAYLIGHT,CLEAR,DRY,,NO JUNCTION INVOLVED,STRAIGHT/LEVEL,CONCRETE,FOLLOWING TOO CLOSELY,REAR END,NORTHSTONELAKEDRWESTSTATEROAD4546BYP,NONE
MONROE SD,BLOOMINGTON,8/23/2019,7:31 PM,2,0,0,0,0,,,,W CEDAR CHASE,W RED ROCK RD,,2400,W,39.131712,-86.58536,LOCAL/CITY ROAD,N,URBAN,N,N,N,,DAYLIGHT,CLOUDY,DRY,,NO JUNCTION INVOLVED,STRAIGHT/LEVEL,ASPHALT,UNSAFE BACKING,BACKING CRASH,WCEDARCHASEDRWREDROCKRD,NONE
BLOOMINGTON PD,BLOOMINGTON,8/23/2019,4:13 PM,1,0,1,0,0,,,,W OLD SR 37,W GOURLEY PIKE,,500,N,39.23807999,-86.53521,LOCAL/CITY ROAD,N,URBAN,N,N,Y,LANE CLOSURE,DAYLIGHT,CLEAR,LOOSE MATERIAL ON ROAD,,NO JUNCTION INVOLVED,STRAIGHT/GRADE,GRAVEL,RAN OFF ROAD RIGHT,RAN OFF ROAD,OLDSR37RDWGOURLEYPIKE,NONE
INDIANA UNIV BLOOMINGTON PD,BLOOMINGTON,8/24/2019,11:31 AM,2,0,0,0,0,,,,E 3RD,S SWAIN AVE,,,,39.16425,-86.51526,LOCAL/CITY ROAD,N,URBAN,N,N,N,,DAYLIGHT,CLEAR,DRY,,T-INTERSECTION,STRAIGHT/GRADE,ASPHALT,UNSAFE LANE MOVEMENT,SAME DIRECTION SIDESWIPE,SWAINAVETHIRDST,NONE
INDIANA UNIV BLOOMINGTON PD,BLOOMINGTON,8/24/2019,8:00 PM,2,0,0,0,0,,,,E 17TH,N JORDAN AVE,,508,W,39.17885275,-86.5128806,LOCAL/CITY ROAD,N,URBAN,N,N,N,,DAYLIGHT,CLEAR,DRY,,NO JUNCTION INVOLVED,STRAIGHT/LEVEL,ASPHALT,UNSAFE LANE MOVEMENT,LEFT TURN,EAST17THSTJORDANAVE,NONE
MONROE SD,BLOOMINGTON,8/24/2019,2:58 PM,2,0,0,0,0,,,,SR 46,N CENTENNIAL DR,,,,39.20997,-86.58271,STATE ROAD,N,RURAL,N,N,N,,DAYLIGHT,CLEAR,DRY,,FOUR-WAY INTERSECTION,STRAIGHT/GRADE,CONCRETE,DRIVER ASLEEP OR FATIGUED,REAR END,NCENTENNIALDRSR46W,TRAFFIC CONTROL SIGNAL
ISP BLOOMINGTON 33,BLOOMINGTON,8/24/2019,10:57 AM,2,0,0,0,0,,,,W KIRKWOOD,S ADAMS ST,,,,0,0,LOCAL/CITY ROAD,N,URBAN,N,N,N,,DAYLIGHT,CLEAR,DRY,,FOUR-WAY INTERSECTION,CURVE/LEVEL,ASPHALT,UNSAFE LANE MOVEMENT,SAME DIRECTION SIDESWIPE,3RDSTKIRKWOODAVE,TRAFFIC CONTROL SIGNAL
BLOOMINGTON PD,BLOOMINGTON,8/24/2019,8:00 PM,2,0,1,0,0,,,,E 4TH,B-LINE TRAIL,,,,0,0,LOCAL/CITY ROAD,N,URBAN,N,N,N,,DAYLIGHT,CLEAR,DRY,,FOUR-WAY INTERSECTION,STRAIGHT/GRADE,ASPHALT,FAILURE TO YIELD RIGHT OF WAY,RIGHT ANGLE,4THSTBLINETRL,STOP SIGN
ISP BLOOMINGTON 33,BLOOMINGTON,8/24/2019,10:56 PM,3,0,1,0,0,,,,N WALNUT,W 15TH ST,,50,N,39.17698532,-86.53342179,LOCAL/CITY ROAD,N,URBAN,N,N,N,,DARK (LIGHTED),CLEAR,DRY,,NO JUNCTION INVOLVED,STRAIGHT/LEVEL,CONCRETE,IMPROPER LANE USAGE,REAR END,15THSTWALNUTST,LANE CONTROL
INDIANA UNIV BLOOMINGTON PD,BLOOMINGTON,8/25/2019,3:24 AM,1,0,0,0,0,,,,SR 45,N PETE ELLIS DR,,,,39.171504,-86.495312,LOCAL/CITY ROAD,N,URBAN,N,N,N,,DARK (LIGHTED),CLEAR,DRY,,FOUR-WAY INTERSECTION,STRAIGHT/LEVEL,ASPHALT,ROADWAY SURFACE CONDITION,COLLISION WITH OBJECT IN ROAD,10THSTRANGERD,TRAFFIC CONTROL SIGNAL