Agency,City,Collision Date,Collision Time,Vehicles Involved,Trailers Involved,Number Injured,Number Dead,Number Deer,House Number,Roadway Interchange,Roadway Ramp,Roadway Id,Intersecting Road,Interchange,Feet From,Direction,Latitude,Longitude,Roadway Class,Hit and Run?,Locality,School Zone?,Rumble Strips?,Construction?,Construction Type,Light Condition,Weather Conditions,Surface Condition,Type of Median,Roadway Junction Type,Road Character,Roadway Surface,Primary Factor,Manner of Collision,Unique Location Id,Traffic Control
BLOOMINGTON PD,BLOOMINGTON,8/25/2019,12:50 PM,2,0,1,0,0,,,,SR 46,E 7TH ST,,,,39.167648,-86.500096,STATE ROAD,N,URBAN,Y,N,N,,DAYLIGHT,CLEAR,DRY,,T-INTERSECTION,STRAIGHT/GRADE,ASPHALT,FOLLOWING TOO CLOSELY,REAR END,7THSTSR46E,NONE
BLOOMINGTON PD,BLOOMINGTON,8/25/2019,6:32 AM,2,0,1,0,0,,,,W COUNTRY CLUB,S ROGERS ST,,,,39.13608,-86.538096,LOCAL/CITY ROAD,N,URBAN,N,N,N,,DARK (LIGHTED),CLEAR,DRY,,FOUR-WAY INTERSECTION,STRAIGHT/GRADE,ASPHALT,FAILURE TO YIELD RIGHT OF WAY,RIGHT ANGLE,COUNTRYCLUBDRROGERSST,TRAFFIC CONTROL SIGNAL
INDIANA UNIV BLOOMINGTON PD,BLOOMINGTON,8/26/2019,2:21 PM,2,0,0,0,0,,,,SR 45/46,E 10TH ST,,250,N,39.176848,-86.478192,STATE ROAD,N,URBAN,N,N,N,,DAYLIGHT,RAIN,WET,,FOUR-WAY INTERSECTION,STRAIGHT/GRADE,ASPHALT,SPEED TOO FAST FOR WEATHER CONDITIONS,REAR END,10THSTSR4546S,TRAFFIC CONTROL SIGNAL
BLOOMINGTON PD,BLOOMINGTON,8/26/2019,12:13 PM,2,0,0,0,0,,,,S WALNUT,E 3RD ST,,,,39.16464,-86.5336,LOCAL/CITY ROAD,N,URBAN,N,N,N,,DAYLIGHT,RAIN,WET,,FOUR-WAY INTERSECTION,STRAIGHT/GRADE,ASPHALT,FOLLOWING TOO CLOSELY,REAR END,3RDSTWALNUTST,TRAFFIC CONTROL SIGNAL
BLOOMINGTON PD,BLOOMINGTON,8/26/2019,3:08 PM,2,0,0,0,0,,,,S WALNUT,E WINSLOW RD,,200,N,39.15710342,-86.53111,LOCAL/CITY ROAD,N,URBAN,N,N,N,,DAYLIGHT,RAIN,WET,,NO JUNCTION INVOLVED,STRAIGHT/GRADE,CONCRETE,FAILURE TO YIELD RIGHT OF WAY,LEFT TURN,EASTWINSLOWRDSOUTHWALNUTST,NONE
BLOOMINGTON PD,BLOOMINGTON,8/26/2019,12:49 PM,2,0,2,0,0,,,,S WALNUT,E NORTH DR,,,,39.14411,-86.53181,LOCAL/CITY ROAD,N,URBAN,Y,N,N,,DAYLIGHT,RAIN,WET,,FOUR-WAY INTERSECTION,STRAIGHT/LEVEL,ASPHALT,DISREGARD SIGNAL/REG SIGN,LEFT TURN,NORTHDRSWALNUTST,TRAFFIC CONTROL SIGNAL
MONROE SD,BLOOMINGTON,8/26/2019,5:18 PM,2,0,0,0,0,,,,S FAIRFAX,S WALNUT ST PIKE,,,,39.10719,-86.52648,COUNTY ROAD,N,RURAL,N,N,N,,DAYLIGHT,CLEAR,DRY,NONE,T-INTERSECTION,STRAIGHT/GRADE,ASPHALT,FOLLOWING TOO CLOSELY,REAR END,FAIRFAXRDWALNUTSTREETPIKE,NONE
INDIANA UNIV BLOOMINGTON PD,BLOOMINGTON,8/26/2019,12:10 PM,2,0,0,0,0,,,,E 7TH,N GRANT ST,,50,E,39.16864,-86.52951958,LOCAL/CITY ROAD,Y,URBAN,N,N,N,,DAYLIGHT,RAIN,WET,,NO JUNCTION INVOLVED,STRAIGHT/LEVEL,ASPHALT,OTHER (DRIVER) - EXPLAIN IN NARRATIVE,SAME DIRECTION SIDESWIPE,7THSTGRANTST,NONE
BLOOMINGTON PD,BLOOMINGTON,8/26/2019,12:00 AM,2,0,0,0,0,824,,,E UNIVERSITY,S WOODLAWN AVE,,100,W,39.16016,-86.52307,LOCAL/CITY ROAD,Y,URBAN,N,N,N,,,CLOUDY,WET,,NO JUNCTION INVOLVED,STRAIGHT/LEVEL,ASPHALT,IMPROPER LANE USAGE,REAR END,824EUNIVERSITYSTSOUTHWOODLAWNAVE,NONE
MONROE SD,BLOOMINGTON,8/26/2019,5:17 AM,1,0,0,0,0,,,,I-69 N,,,500,S,0,0,INTERSTATE,N,RURAL,N,N,N,,DARK (NOT LIGHTED),RAIN,WET,,NO JUNCTION INVOLVED,CURVE/LEVEL,ASPHALT,RAN OFF ROAD RIGHT,RAN OFF ROAD,I69N127.5,NONE
INDIANA UNIV BLOOMINGTON PD,BLOOMINGTON,8/26/2019,3:40 PM,2,0,0,0,0,,,,N FEE,E LAW LN,,,,39.174048,-86.518896,LOCAL/CITY ROAD,N,URBAN,N,N,N,,DAYLIGHT,RAIN,WET,,T-INTERSECTION,STRAIGHT/GRADE,ASPHALT,FAILURE TO YIELD RIGHT OF WAY,LEFT TURN,FEELNLAWLN,STOP SIGN
MONROE SD,BLOOMINGTON,8/26/2019,1:54 PM,2,0,1,0,0,,,,S FAIRFAX,E MOFFETT LN,,,,39.0999,-86.51783,COUNTY ROAD,N,URBAN,N,N,N,,DAYLIGHT,RAIN,WET,,T-INTERSECTION,CURVE/GRADE,ASPHALT,FOLLOWING TOO CLOSELY,REAR END,EASTMOFFETTLNSOUTHFAIRFAXRD,NONE
BLOOMINGTON PD,BLOOMINGTON,8/26/2019,10:30 AM,2,0,0,0,0,,,,S SARE,E DAVID DR,,75,S,39.13064444,-86.49656,LOCAL/CITY ROAD,N,URBAN,N,N,N,,DAYLIGHT,CLOUDY,WET,,NO JUNCTION INVOLVED,STRAIGHT/GRADE,ASPHALT,FOLLOWING TOO CLOSELY,REAR END,DAVIDDRSARERD,NONE
BLOOMINGTON PD,BLOOMINGTON,8/26/2019,9:19 PM,1,0,1,0,0,,,,W DODDS,S MORTON ST,,,,39.15745,-86.53633,LOCAL/CITY ROAD,N,URBAN,N,N,N,,DARK (NOT LIGHTED),CLEAR,DRY,,FOUR-WAY INTERSECTION,STRAIGHT/LEVEL,CONCRETE,FAILURE TO YIELD RIGHT OF WAY,RIGHT ANGLE,SOUTHMORTONSTWESTDODDSST,STOP SIGN
BLOOMINGTON PD,BLOOMINGTON,8/27/2019,8:05 AM,2,0,0,0,0,,,,SR 45/46,N KINSER PIKE,,,,39.207515,-86.54746001,LOCAL/CITY ROAD,N,URBAN,N,N,N,,DAWN/DUSK,RAIN,WATER (STANDING OR MOVING),,FOUR-WAY INTERSECTION,STRAIGHT/GRADE,ASPHALT,FOLLOWING TOO CLOSELY,REAR END,46BYPASSBYPKINSERPIKE,NONE
BLOOMINGTON PD,BLOOMINGTON,8/27/2019,1:41 PM,2,0,1,0,0,,,,SR 48,S GATES DR,,,,39.16459,-86.5762,LOCAL/CITY ROAD,N,URBAN,N,N,N,,DAYLIGHT,CLEAR,DRY,,FOUR-WAY INTERSECTION,STRAIGHT/LEVEL,ASPHALT,FOLLOWING TOO CLOSELY,REAR END,GATESDRW3RDST,TRAFFIC CONTROL SIGNAL
BLOOMINGTON PD,BLOOMINGTON,8/27/2019,8:53 PM,2,0,0,0,0,,,,W GRIMES,S WALNUT ST,,,,39.15335,-86.53371,LOCAL/CITY ROAD,Y,,N,N,N,,DARK (LIGHTED),CLEAR,DRY,,FOUR-WAY INTERSECTION,STRAIGHT/LEVEL,ASPHALT,FOLLOWING TOO CLOSELY,REAR END,SOUTHWALNUTSTWESTGRIMESLN,TRAFFIC CONTROL SIGNAL
INDIANA UNIV BLOOMINGTON PD,BLOOMINGTON,8/27/2019,6:07 PM,2,0,0,0,0,,,,E 17TH,N JORDAN AVE,,,,39.178848,-86.511088,LOCAL/CITY ROAD,N,URBAN,N,N,N,,DAYLIGHT,CLEAR,DRY,,T-INTERSECTION,STRAIGHT/LEVEL,ASPHALT,BRAKE FAILURE OR DEFECTIVE,REAR END,17THSTJORDANAVE,STOP SIGN
BLOOMINGTON PD,BLOOMINGTON,8/27/2019,12:35 PM,3,0,0,0,0,,,,S ROGERS,W 2ND ST,,100,N,39.17196358,-86.5387,LOCAL/CITY ROAD,N,URBAN,N,N,N,,DAYLIGHT,RAIN,WET,,NO JUNCTION INVOLVED,STRAIGHT/GRADE,ASPHALT,SPEED TOO FAST FOR WEATHER CONDITIONS,REAR END,2NDSTROGERSST,NONE
BLOOMINGTON PD,BLOOMINGTON,8/27/2019,1:48 PM,2,0,1,0,0,,,,W JONATHAN,N CURRY PIKE,,,,39.16836,-86.58295,LOCAL/CITY ROAD,N,URBAN,N,N,N,,DAYLIGHT,CLEAR,DRY,,T-INTERSECTION,STRAIGHT/LEVEL,CONCRETE,FAILURE TO YIELD RIGHT OF WAY,LEFT TURN,SOUTHCURRYPIKEWESTJONATHANDR,TRAFFIC CONTROL SIGNAL
BLOOMINGTON PD,BLOOMINGTON,8/27/2019,12:05 PM,2,0,0,0,0,,,,S SARE,E CANADA DR,,,,39.12659,-86.50431,LOCAL/CITY ROAD,N,URBAN,N,N,N,,DARK (NOT LIGHTED),CLEAR,DRY,,FOUR-WAY INTERSECTION,STRAIGHT/LEVEL,ASPHALT,FOLLOWING TOO CLOSELY,REAR END,CANADADRSSARERD,STOP SIGN
INDIANA UNIV BLOOMINGTON PD,BLOOMINGTON,8/27/2019,2:50 PM,3,0,0,0,0,,,,SR 45/46,N MILO B SAMPSON LN,,,,0,0,STATE ROAD,N,URBAN,N,N,N,,DAYLIGHT,CLEAR,DRY,,T-INTERSECTION,STRAIGHT/LEVEL,ASPHALT,FAILURE TO YIELD RIGHT OF WAY,LEFT TURN,MILOBSAMPSONLNSR4546W,STOP SIGN
ELLETTSVILLE PD,ELLETTSVILLE,8/27/2019,2:40 PM,2,0,0,0,0,,,,N SALE,SR 46,,50,S,39.23384,-86.624704,LOCAL/CITY ROAD,N,URBAN,N,N,N,,DAYLIGHT,CLEAR,DRY,,FOUR-WAY INTERSECTION,STRAIGHT/GRADE,ASPHALT,DRIVER DISTRACTED - EXPLAIN IN NARRATIVE,REAR END,NSALESTWTEMPERANCEST,TRAFFIC CONTROL SIGNAL
BLOOMINGTON PD,BLOOMINGTON,8/27/2019,11:25 AM,1,0,0,0,0,,,,E MOORES,S COLLEGE MALL RD,,,,39.15048,-86.49824,LOCAL/CITY ROAD,N,URBAN,N,N,N,,DAYLIGHT,RAIN,WET,,FOUR-WAY INTERSECTION,STRAIGHT/GRADE,ASPHALT,BRAKE FAILURE OR DEFECTIVE,RAN OFF ROAD,COLLEGEMALLRDMOORESPIKE,TRAFFIC CONTROL SIGNAL
INDIANA UNIV BLOOMINGTON PD,BLOOMINGTON,8/27/2019,6:53 PM,2,0,1,0,0,,,,E ATWATER,N JORDAN AVE,,,,39.1631,-86.5164,LOCAL/CITY ROAD,N,URBAN,N,N,N,,DAYLIGHT,CLEAR,DRY,,FOUR-WAY INTERSECTION,STRAIGHT/LEVEL,ASPHALT,DISREGARD SIGNAL/REG SIGN,RIGHT ANGLE,ATWATERAVEJORDANAVE,TRAFFIC CONTROL SIGNAL
BLOOMINGTON PD,BLOOMINGTON,8/27/2019,8:35 AM,1,0,1,0,0,,,,E HILLSIDE,S OLIVE ST,,,,39.150656,-86.5188,LOCAL/CITY ROAD,N,URBAN,N,N,N,,DAYLIGHT,RAIN,WET,,FOUR-WAY INTERSECTION,STRAIGHT/GRADE,ASPHALT,FAILURE TO YIELD RIGHT OF WAY,RIGHT ANGLE,HILLSIDEDROLIVEST,STOP SIGN
MONROE SD,BLOOMINGTON,8/27/2019,7:32 AM,1,0,0,0,0,,,,E ROBINSON,NEHRT RD,,50,W,39.24065,-86.44322567,COUNTY ROAD,N,RURAL,N,N,N,,DAYLIGHT,RAIN,WET,,NO JUNCTION INVOLVED,CURVE/GRADE,ASPHALT,RAN OFF ROAD RIGHT,RAN OFF ROAD,EROBINSONRDRDNEHRTRD,LANE CONTROL
MONROE SD,BLOOMINGTON,8/27/2019,12:47 PM,1,0,0,0,0,,123,S,I-69 N,,,400,S,0,0,INTERSTATE,N,RURAL,N,N,N,,DAYLIGHT,CLOUDY,WET,,RAMP,CURVE/GRADE,ASPHALT,RAN OFF ROAD RIGHT,RAN OFF ROAD,I69N,NONE
ISP BLOOMINGTON 33,BLOOMINGTON,8/27/2019,14:53 M,1,,1,0,0,,,,I-69 S,,,528,N,39.20933627,-86.55397548,INTERSTATE,,RURAL,N,N,N,,DAYLIGHT,CLEAR,DRY,,NO JUNCTION INVOLVED,,ASPHALT,IMPROPER LANE USAGE,RAN OFF ROAD,,
MONROE SD,BLOOMINGTON,8/27/2019,8:42 AM,1,0,0,0,0,,,,I-69 S,,,500,S,41.31675078,-85.08760901,INTERSTATE,N,RURAL,N,Y,B,,DAYLIGHT,RAIN,WET,,NO JUNCTION INVOLVED,STRAIGHT/GRADE,ASPHALT,RAN OFF ROAD RIGHT,RAN OFF ROAD,I69S125.5,LANE CONTROL
BLOOMINGTON PD,BLOOMINGTON,8/27/2019,12:45 AM,3,0,0,0,0,,,,N FAIRVIEW,W 11TH ST,,,,39.17327,-86.54116,UNKNOWN,N,URBAN,N,N,N,,DARK (LIGHTED),CLEAR,LOOSE MATERIAL ON ROAD,,NO JUNCTION INVOLVED,STRAIGHT/LEVEL,GRAVEL,ACCELERATOR FAILURE OR DEFECTIVE,REAR END,FAIRVIEWSTWELEVENTHST,NONE
MONROE SD,BLOOMINGTON,8/27/2019,2:12 PM,1,0,0,0,0,,,,SR 45,N TUNNEL RD,,,,39.230048,-86.4316,STATE ROAD,N,RURAL,N,N,N,,DAYLIGHT,CLOUDY,WET,,T-INTERSECTION,CURVE/HILLCREST,ASPHALT,SPEED TOO FAST FOR WEATHER CONDITIONS,RAN OFF ROAD,NTUNNELRDSR45E,STOP SIGN
ELLETTSVILLE PD,ELLETTSVILLE,8/27/2019,9:10 AM,1,0,0,0,0,,,,SR 46,W DEPOT ST,,,,39.16484784,-86.43224054,STATE ROAD,N,URBAN,N,N,N,,DAYLIGHT,RAIN,WET,,NO JUNCTION INVOLVED,CURVE/HILLCREST,ASPHALT,SPEED TOO FAST FOR WEATHER CONDITIONS,RAN OFF ROAD,DEPOTRDSR46W,LANE CONTROL
BLOOMINGTON PD,BLOOMINGTON,8/27/2019,3:55 PM,2,0,0,0,0,,,,W 11TH,N MONROE ST,,,,39.173344,-86.547104,LOCAL/CITY ROAD,Y,URBAN,N,N,N,,DAYLIGHT,CLEAR,DRY,,FOUR-WAY INTERSECTION,STRAIGHT/GRADE,ASPHALT,DISREGARD SIGNAL/REG SIGN,RIGHT ANGLE,NMONROESTW11THST,STOP SIGN
INDIANA UNIV BLOOMINGTON PD,BLOOMINGTON,8/28/2019,12:20 PM,2,0,0,0,0,,,,SR 45,SR 45/46,,,,39.171648,-86.502096,STATE ROAD,N,URBAN,N,N,N,,DAYLIGHT,CLEAR,DRY,,FOUR-WAY INTERSECTION,STRAIGHT/LEVEL,ASPHALT,FOLLOWING TOO CLOSELY,REAR END,E10THSTSR46,TRAFFIC CONTROL SIGNAL
MONROE SD,BLOOMINGTON,8/28/2019,4:26 PM,2,0,0,0,0,,,,N CURRY,W JONATHAN DR,,,,39.16836,-86.58295,LOCAL/CITY ROAD,N,URBAN,N,N,N,,DAYLIGHT,CLEAR,DRY,,NO JUNCTION INVOLVED,STRAIGHT/LEVEL,ASPHALT,UNSAFE LANE MOVEMENT,SAME DIRECTION SIDESWIPE,NCURRYPIKEWJONATHANDR,TRAFFIC CONTROL SIGNAL
BLOOMINGTON PD,BLOOMINGTON,8/28/2019,11:13 AM,2,0,0,0,0,,,,S COLLEGE,W 1ST ST,,50,S,39.17688,-86.534736,LOCAL/CITY ROAD,N,URBAN,N,N,N,,DAYLIGHT,CLEAR,DRY,,T-INTERSECTION,STRAIGHT/LEVEL,ASPHALT,UNSAFE LANE MOVEMENT,LEFT TURN,S1STSTSCOLLEGEAVE,LANE CONTROL
ELLETTSVILLE PD,ELLETTSVILLE,8/28/2019,3:17 PM,2,0,0,0,0,,,,SR 46,N SALE ST,,100,W,39.23396399,-86.62501913,STATE ROAD,N,URBAN,N,N,N,,DAYLIGHT,CLEAR,DRY,,FOUR-WAY INTERSECTION,STRAIGHT/LEVEL,ASPHALT,UNSAFE LANE MOVEMENT,SAME DIRECTION SIDESWIPE,SALESTSR46W,NONE
MONROE SD,BLOOMINGTON,8/28/2019,7:00 AM,3,0,1,0,0,,,,SR 46,W ARLINGTON RD,,,,39.209808,-86.582672,STATE ROAD,N,URBAN,N,N,N,,DAWN/DUSK,CLEAR,DRY,,FOUR-WAY INTERSECTION,STRAIGHT/LEVEL,ASPHALT,DISREGARD SIGNAL/REG SIGN,RIGHT ANGLE,ARLINGTONRDSR46W,TRAFFIC CONTROL SIGNAL
BLOOMINGTON PD,BLOOMINGTON,8/28/2019,4:03 PM,3,0,0,0,0,,,,E MOORES,S SARE RD,,100,W,39.15048,-86.49823135,LOCAL/CITY ROAD,N,URBAN,N,N,N,,DAYLIGHT,CLEAR,DRY,,NO JUNCTION INVOLVED,STRAIGHT/HILLCREST,ASPHALT,BRAKE FAILURE OR DEFECTIVE,REAR END,EMOORESPIKESSARERD,NONE
BLOOMINGTON PD,BLOOMINGTON,8/28/2019,10:48 AM,2,0,0,0,0,,,,E ATWATER,S PARK AVE,,,,39.163296,-86.524,LOCAL/CITY ROAD,N,URBAN,N,N,N,,DAYLIGHT,CLEAR,DRY,,T-INTERSECTION,STRAIGHT/LEVEL,ASPHALT,IMPROPER LANE USAGE,SAME DIRECTION SIDESWIPE,ATWATERAVEPARKAVE,LANE CONTROL
MONROE SD,BLOOMINGTON,8/28/2019,8:28 AM,2,0,0,0,0,,,,S CRAMER,S WICKENS ST,,,,39.13114506,-86.55156061,LOCAL/CITY ROAD,N,URBAN,N,N,N,,DAYLIGHT,CLEAR,DRY,,FOUR-WAY INTERSECTION,STRAIGHT/LEVEL,ASPHALT,IMPROPER TURNING,LEFT TURN,SCRAMERCIRSWICKENSST,STOP SIGN
MONROE SD,BLOOMINGTON,8/28/2019,4:15 PM,1,0,0,0,0,,,,SR 48,S GARRISON CHAPEL RD,,500,E,39.16347483,-86.64793474,STATE ROAD,N,RURAL,N,N,N,,DAYLIGHT,CLEAR,DRY,,T-INTERSECTION,CURVE/LEVEL,ASPHALT,UNSAFE SPEED,RAN OFF ROAD,SGARRISONCHAPELRDSR48W,NONE
BLOOMINGTON PD,BLOOMINGTON,8/28/2019,4:22 PM,3,0,1,0,0,,,,W 3RD,S WESTPLEX AVE,,,,39.16441,-86.5539,LOCAL/CITY ROAD,N,URBAN,N,N,N,,DAYLIGHT,CLEAR,ICE,,FOUR-WAY INTERSECTION,STRAIGHT/GRADE,ASPHALT,FOLLOWING TOO CLOSELY,REAR END,SWESTPLEXAVEW3RDST,NONE
MONROE SD,BLOOMINGTON,8/29/2019,4:15 PM,2,0,0,0,0,,,,SR 46,N CENTENNIAL DR,,,,39.20997,-86.58271,STATE ROAD,N,RURAL,N,N,N,,DAYLIGHT,CLEAR,DRY,,FOUR-WAY INTERSECTION,STRAIGHT/GRADE,CONCRETE,FOLLOWING TOO CLOSELY,REAR END,NCENTENNIALDRSR46W,TRAFFIC CONTROL SIGNAL
BLOOMINGTON PD,BLOOMINGTON,8/29/2019,8:17 PM,2,0,1,0,0,,,,S COLLEGE MALL,E COVENANTER DR,,,,39.155152,-86.497888,LOCAL/CITY ROAD,N,URBAN,N,N,N,,DAYLIGHT,CLEAR,DRY,,FOUR-WAY INTERSECTION,STRAIGHT/LEVEL,ASPHALT,FAILURE TO YIELD RIGHT OF WAY,RIGHT ANGLE,ECOVENANTERDRSCOLLEGEMALLRD,TRAFFIC CONTROL SIGNAL
INDIANA UNIV BLOOMINGTON PD,BLOOMINGTON,8/29/2019,8:05 PM,2,0,0,0,0,,,,E 3RD,S WOODLAWN AVE,,,,39.16425,-86.52262,LOCAL/CITY ROAD,N,URBAN,N,N,N,,DAWN/DUSK,CLEAR,DRY,,FOUR-WAY INTERSECTION,STRAIGHT/LEVEL,ASPHALT,IMPROPER TURNING,LEFT TURN,THIRDSTWOODLAWNAVE,TRAFFIC CONTROL SIGNAL
BLOOMINGTON PD,BLOOMINGTON,8/29/2019,2:42 PM,2,0,0,0,0,,,,E 7TH,N INDIANA AVE,,,,39.16864,-86.526944,LOCAL/CITY ROAD,N,URBAN,N,N,N,,DAYLIGHT,CLEAR,DRY,,FOUR-WAY INTERSECTION,STRAIGHT/LEVEL,ASPHALT,IMPROPER TURNING,SAME DIRECTION SIDESWIPE,EAST7THSTNORTHINDIANAST,STOP SIGN
BLOOMINGTON PD,BLOOMINGTON,8/29/2019,2:00 PM,2,0,0,0,0,,,,N INDIANA,E COTTAGE GROVE AVE,,,,39.17264,-86.52704,LOCAL/CITY ROAD,N,URBAN,N,N,N,,DAYLIGHT,CLEAR,DRY,,FOUR-WAY INTERSECTION,STRAIGHT/LEVEL,ASPHALT,FAILURE TO YIELD RIGHT OF WAY,RIGHT ANGLE,EASTCOTTAGEGROVEAVENORTHINDIANAAVE,STOP SIGN
INDIANA UNIV BLOOMINGTON PD,BLOOMINGTON,8/30/2019,7:10 PM,2,0,0,0,0,,,,E 3RD,S SWAIN AVE,,,,39.16425,-86.51526,LOCAL/CITY ROAD,N,URBAN,N,N,N,,DAYLIGHT,CLOUDY,DRY,,T-INTERSECTION,STRAIGHT/LEVEL,ASPHALT,IMPROPER LANE USAGE,SAME DIRECTION SIDESWIPE,SWAINAVETHIRDST,NONE
BLOOMINGTON PD,BLOOMINGTON,8/30/2019,12:10 PM,2,0,0,0,0,,,,SR 48,S GATES DR,,200,W,39.16459,-86.57618268,LOCAL/CITY ROAD,N,URBAN,N,N,N,,DAYLIGHT,CLEAR,DRY,,NO JUNCTION INVOLVED,STRAIGHT/LEVEL,ASPHALT,UNSAFE SPEED,REAR END,SGATESDRW3RDST,TRAFFIC CONTROL SIGNAL
INDIANA UNIV BLOOMINGTON PD,BLOOMINGTON,8/30/2019,2:41 PM,2,0,1,0,0,,,,E 10TH,N UNION ST,,,,39.17157,-86.50935,LOCAL/CITY ROAD,N,URBAN,N,N,N,,DAYLIGHT,CLEAR,DRY,,FOUR-WAY INTERSECTION,STRAIGHT/LEVEL,ASPHALT,FOLLOWING TOO CLOSELY,REAR END,TENTHSTUNIONST,TRAFFIC CONTROL SIGNAL
INDIANA UNIV BLOOMINGTON PD,BLOOMINGTON,8/30/2019,1:37 PM,2,0,0,0,0,,,,E 17TH,N INDIANA AVE,,,,39.179024,-86.5272,LOCAL/CITY ROAD,N,URBAN,N,N,N,,DAYLIGHT,CLEAR,DRY,,T-INTERSECTION,STRAIGHT/LEVEL,ASPHALT,FAILURE TO YIELD RIGHT OF WAY,LEFT TURN,17THSTINDIANAAVE,STOP SIGN
ISP BLOOMINGTON 33,BLOOMINGTON,8/30/2019,06:52 M,2,,0,0,0,,,,N GATES,N JACOB DR,,76,S,39.16540217,-86.57602019,LOCAL/CITY ROAD,,URBAN,N,N,N,,DAWN/DUSK,CLEAR,DRY,,NO JUNCTION INVOLVED,,ASPHALT,UNSAFE LANE MOVEMENT,SAME DIRECTION SIDESWIPE,,
BLOOMINGTON PD,BLOOMINGTON,8/30/2019,10:47 AM,2,0,2,0,0,,,,SR 46,S PARK RIDGE RD,,200,W,39.16422,-86.4762827,LOCAL/CITY ROAD,N,URBAN,N,N,N,,DAYLIGHT,CLEAR,DRY,,NO JUNCTION INVOLVED,STRAIGHT/GRADE,ASPHALT,FAILURE TO YIELD RIGHT OF WAY,LEFT TURN,E3RDSTPARKRIDGERD,NONE
BLOOMINGTON PD,BLOOMINGTON,8/30/2019,7:28 PM,1,0,1,0,0,,,,E GRIMES,S WASHINGTON ST,,,,39.15344,-86.5324,LOCAL/CITY ROAD,N,URBAN,N,N,N,,DAYLIGHT,CLEAR,DRY,,NO JUNCTION INVOLVED,STRAIGHT/LEVEL,ASPHALT,DRIVER DISTRACTED - EXPLAIN IN NARRATIVE,OTHER - EXPLAIN IN NARRATIVE,EASTGRIMESAVESOUTHWASHINGTONST,NONE
ISP BLOOMINGTON 33,BLOOMINGTON,8/30/2019,9:10 PM,2,0,0,0,0,,,,N WALNUT,E 15TH ST,,,,0,0,LOCAL/CITY ROAD,N,URBAN,N,N,N,,DARK (LIGHTED),CLEAR,DRY,,NO JUNCTION INVOLVED,STRAIGHT/LEVEL,ASPHALT,UNSAFE LANE MOVEMENT,SAME DIRECTION SIDESWIPE,15STWALNUTST,LANE CONTROL
ISP BLOOMINGTON 33,BLOOMINGTON,8/30/2019,16:00 M,2,,0,0,0,,,,SR 48,S HICKORY DR,,53,E,39.16462856,-86.58579416,STATE ROAD,,URBAN,N,N,N,,DAYLIGHT,CLEAR,DRY,,FOUR-WAY INTERSECTION,,ASPHALT,FOLLOWING TOO CLOSELY,REAR END,,
MONROE SD,BLOOMINGTON,8/30/2019,7:43 AM,1,0,0,0,0,,,,W FULLERTON,S LEONARD SPRINGS RD,,100,E,39.12337598,-86.58223939,COUNTY ROAD,N,URBAN,N,N,N,,DAYLIGHT,CLEAR,DRY,,NO JUNCTION INVOLVED,STRAIGHT/LEVEL,ASPHALT,RAN OFF ROAD RIGHT,RAN OFF ROAD,FULLERTONPIKESLEONARDSPRINGSRD,NONE
INDIANA UNIV BLOOMINGTON PD,BLOOMINGTON,8/31/2019,5:30 PM,2,0,0,0,0,,,,E 17TH,N FEE LN,,,,39.178928,-86.518992,LOCAL/CITY ROAD,N,URBAN,N,N,N,,DAYLIGHT,CLEAR,DRY,,T-INTERSECTION,STRAIGHT/LEVEL,ASPHALT,OTHER (DRIVER) - EXPLAIN IN NARRATIVE,REAR END,EAST17THSTFEELN,TRAFFIC CONTROL SIGNAL
BLOOMINGTON PD,BLOOMINGTON,8/31/2019,10:46 AM,2,0,0,0,0,,,,S COLLEGE MALL,EASTLAND PLAZA DR,,,,0,0,LOCAL/CITY ROAD,N,URBAN,N,N,N,,DAYLIGHT,CLOUDY,DRY,,FOUR-WAY INTERSECTION,STRAIGHT/LEVEL,ASPHALT,DISREGARD SIGNAL/REG SIGN,RIGHT ANGLE,EASTLANDPLZSCOLLEGEMALLRD,TRAFFIC CONTROL SIGNAL
INDIANA UNIV BLOOMINGTON PD,BLOOMINGTON,8/31/2019,9:45 PM,2,0,0,0,0,1151,,,E 17TH,,,,,39.17894389,-86.52003297,UNKNOWN,Y,URBAN,N,N,N,,DARK (LIGHTED),CLEAR,DRY,,NO JUNCTION INVOLVED,STRAIGHT/LEVEL,ASPHALT,UNSAFE BACKING,BACKING CRASH,EAST17THST,NONE
ISP BLOOMINGTON 33,BLOOMINGTON,8/31/2019,02:31 M,2,,0,0,0,,,,E 8TH,N WALNUT ST,,108,E,39.16945588,-86.53341034,LOCAL/CITY ROAD,,URBAN,N,N,N,,DARK (LIGHTED),CLEAR,DRY,,NO JUNCTION INVOLVED,,CONCRETE,IMPROPER LANE USAGE,SAME DIRECTION SIDESWIPE,,
ISP BLOOMINGTON 33,BLOOMINGTON,8/31/2019,11:00 M,2,,1,0,0,,,,I-69 N,,,739,E,39.13100379,-86.57296194,INTERSTATE,,URBAN,N,N,N,,DAYLIGHT,CLOUDY,DRY,,RAMP,,ASPHALT,UNSAFE SPEED,REAR END,,