Agency,City,Collision Date,Collision Time,Vehicles Involved,Trailers Involved,Number Injured,Number Dead,Number Deer,House Number,Roadway Interchange,Roadway Ramp,Roadway Id,Intersecting Road,Interchange,Feet From,Direction,Latitude,Longitude,Roadway Class,Hit and Run?,Locality,School Zone?,Rumble Strips?,Construction?,Construction Type,Light Condition,Weather Conditions,Surface Condition,Type of Median,Roadway Junction Type,Road Character,Roadway Surface,Primary Factor,Manner of Collision,Unique Location Id,Traffic Control
MONROE SD,BLOOMINGTON,8/31/2019,2:00 PM,2,0,0,0,0,,,,SR 45,S STANFORD RD,,,,39.08984,-86.666304,STATE ROAD,N,RURAL,N,N,N,,DAYLIGHT,CLEAR,DRY,,T-INTERSECTION,STRAIGHT/LEVEL,ASPHALT,OTHER (DRIVER) - EXPLAIN IN NARRATIVE,SAME DIRECTION SIDESWIPE,SSTANFORDRDSR45W,NONE
BLOOMINGTON PD,BLOOMINGTON,9/1/2019,1:50 PM,3,0,1,0,0,,,,SR 46,KINGSTON DR S,,40,E,39.16424,-86.492944,LOCAL/CITY ROAD,N,URBAN,N,N,N,,DAYLIGHT,CLEAR,DRY,,NO JUNCTION INVOLVED,STRAIGHT/GRADE,ASPHALT,DRIVER DISTRACTED - EXPLAIN IN NARRATIVE,REAR END,E3RDSTSKINGSTONDR,NONE
BLOOMINGTON PD,BLOOMINGTON,9/1/2019,11:15 AM,1,0,1,0,0,,,,S WALNUT,E BURKS DR,,250,N,0,0,LOCAL/CITY ROAD,N,URBAN,N,N,N,,DAYLIGHT,CLEAR,DRY,,NO JUNCTION INVOLVED,STRAIGHT/LEVEL,ASPHALT,IMPROPER TURNING,LEFT TURN,EBURKSDRSWALNUTST,LANE CONTROL
MONROE SD,BLOOMINGTON,9/1/2019,8:57 PM,1,0,0,0,0,,,,I-69 N,,,3168,S,38.93533944,-86.52750503,INTERSTATE,N,RURAL,N,Y,N,,DARK (LIGHTED),RAIN,WET,,NO JUNCTION INVOLVED,CURVE/GRADE,ASPHALT,SPEED TOO FAST FOR WEATHER CONDITIONS,OTHER - EXPLAIN IN NARRATIVE,ESAMPLERDI69N,NONE
BLOOMINGTON PD,BLOOMINGTON,9/1/2019,12:12 PM,2,0,0,0,0,,,,N WALNUT,W 7TH ST,,,,39.16864,-86.533568,LOCAL/CITY ROAD,N,URBAN,N,N,N,,DAYLIGHT,CLEAR,DRY,,NO JUNCTION INVOLVED,STRAIGHT/LEVEL,ASPHALT,IMPROPER TURNING,LEFT TURN,7THSTWALNUTST,LANE CONTROL
MONROE SD,BLOOMINGTON,9/1/2019,3:13 PM,1,0,1,0,0,9745,,,S CHAPEL HILL,,,,,38.9969686,-86.44935651,LOCAL/CITY ROAD,N,RURAL,N,N,N,,DAYLIGHT,CLEAR,DRY,,NO JUNCTION INVOLVED,CURVE/LEVEL,CONCRETE,OTHER (DRIVER) - EXPLAIN IN NARRATIVE,OTHER - EXPLAIN IN NARRATIVE,SCHAPELHILLRD,NONE
MONROE SD,BLOOMINGTON,9/1/2019,5:01 AM,1,0,1,0,0,4303,,,SR 446,E PINE GROVE RD,,10,S,39.148464,-86.471256,STATE ROAD,N,RURAL,N,N,N,,DARK (NOT LIGHTED),CLEAR,DRY,,T-INTERSECTION,CURVE/GRADE,ASPHALT,ANIMAL/OBJECT IN ROADWAY,RAN OFF ROAD,SR446S,NONE
ELLETTSVILLE PD,ELLETTSVILLE,9/2/2019,11:30 PM,1,0,0,0,0,,,,N CHANDLER,W MAIN ST,,800,N,39.23376,-86.621888,LOCAL/CITY ROAD,N,URBAN,N,N,N,,DARK (NOT LIGHTED),CLEAR,DRY,,NO JUNCTION INVOLVED,CURVE/HILLCREST,ASPHALT,OTHER (DRIVER) - EXPLAIN IN NARRATIVE,OTHER - EXPLAIN IN NARRATIVE,CHANDLERDRIVEDRMAINSTREETST,NONE
BLOOMINGTON PD,BLOOMINGTON,9/2/2019,3:16 PM,1,0,0,0,0,1441,,,S FENBROOK,E MOORES PIKE,,,,39.15058,-86.48653,UNKNOWN,N,URBAN,N,N,N,,DAYLIGHT,CLEAR,DRY,,T-INTERSECTION,STRAIGHT/LEVEL,ASPHALT,IMPROPER TURNING,OTHER - EXPLAIN IN NARRATIVE,FENBROOKLN,NONE
INDIANA UNIV BLOOMINGTON PD,BLOOMINGTON,9/3/2019,10:15 AM,2,0,0,0,0,,,,E 10TH,SR 46,,,,0,0,LOCAL/CITY ROAD,N,URBAN,N,N,N,,DAYLIGHT,CLEAR,DRY,,FOUR-WAY INTERSECTION,STRAIGHT/LEVEL,ASPHALT,FOLLOWING TOO CLOSELY,REAR END,SR46UNIONVILLERD,TRAFFIC CONTROL SIGNAL
BLOOMINGTON PD,BLOOMINGTON,9/3/2019,5:17 PM,2,0,1,0,0,,,,SR 46,SR 45,,400,S,39.17062419,-86.50158409,STATE ROAD,N,URBAN,N,N,N,,DAYLIGHT,CLEAR,DRY,,FOUR-WAY INTERSECTION,STRAIGHT/GRADE,ASPHALT,FOLLOWING TOO CLOSELY,REAR END,10THSTSR46N,NONE
BLOOMINGTON PD,BLOOMINGTON,9/3/2019,9:11 AM,2,0,1,0,0,,,,S CURRY,SR 48,,,,39.164544,-86.560096,LOCAL/CITY ROAD,N,URBAN,N,N,N,,DAYLIGHT,CLEAR,DRY,,FOUR-WAY INTERSECTION,STRAIGHT/LEVEL,ASPHALT,DRIVER ILLNESS,REAR END,SCURRYPIKEW3RDST,TRAFFIC CONTROL SIGNAL
BLOOMINGTON PD,BLOOMINGTON,9/3/2019,12:15 PM,2,0,0,0,0,,,,S COLLEGE,W 3RD ST,,,,39.16464,-86.534816,,Y,URBAN,N,N,N,,DAYLIGHT,CLEAR,DRY,,FOUR-WAY INTERSECTION,STRAIGHT/LEVEL,ASPHALT,FAILURE TO YIELD RIGHT OF WAY,SAME DIRECTION SIDESWIPE,SCOLLEGEAVEW3RDST,TRAFFIC CONTROL SIGNAL
INDIANA UNIV BLOOMINGTON PD,BLOOMINGTON,9/3/2019,5:19 PM,2,0,0,0,0,,,,E 3RD,S DUNN ST,,,,39.16444,-86.52819,LOCAL/CITY ROAD,Y,URBAN,N,N,N,,DAYLIGHT,CLEAR,DRY,,NO JUNCTION INVOLVED,CURVE/GRADE,ASPHALT,UNSAFE LANE MOVEMENT,SAME DIRECTION SIDESWIPE,DUNNSTTHIRDST,LANE CONTROL
BLOOMINGTON PD,BLOOMINGTON,9/3/2019,12:15 AM,2,0,2,0,0,,,,N WALNUT,E 10TH ST,,,,39.171744,-86.53352,LOCAL/CITY ROAD,N,URBAN,N,N,N,,DARK (LIGHTED),CLOUDY,DRY,,T-INTERSECTION,STRAIGHT/HILLCREST,ASPHALT,DISREGARD SIGNAL/REG SIGN,RIGHT ANGLE,10THSTWALNUTST,TRAFFIC CONTROL SIGNAL
BLOOMINGTON PD,BLOOMINGTON,9/3/2019,5:20 PM,2,0,1,0,0,,,,SR 46,S CLARIZZ BLVD,,200,W,39.16424,-86.4908,LOCAL/CITY ROAD,N,URBAN,N,N,N,,DAYLIGHT,CLEAR,DRY,,NO JUNCTION INVOLVED,STRAIGHT/LEVEL,ASPHALT,DRIVER DISTRACTED - EXPLAIN IN NARRATIVE,REAR END,E3RDSTSOUTHCLARIZZBLVD,NONE
INDIANA UNIV BLOOMINGTON PD,BLOOMINGTON,9/3/2019,9:40 PM,2,0,0,0,0,,,,N INDIANA,E 10TH ST,,,,39.17268,-86.48267,LOCAL/CITY ROAD,N,URBAN,N,N,N,,DARK (LIGHTED),CLEAR,DRY,,FOUR-WAY INTERSECTION,STRAIGHT/LEVEL,ASPHALT,FAILURE TO YIELD RIGHT OF WAY,LEFT TURN,INDIANAAVETENTHST,TRAFFIC CONTROL SIGNAL
BLOOMINGTON PD,BLOOMINGTON,9/3/2019,10:00 PM,1,0,1,0,0,,,,S WASHINGTON,E 4TH ST,,,,39.165648,-86.5324,LOCAL/CITY ROAD,N,URBAN,N,N,N,,DARK (LIGHTED),CLOUDY,DRY,,NO JUNCTION INVOLVED,STRAIGHT/GRADE,ASPHALT,OTHER (DRIVER) - EXPLAIN IN NARRATIVE,RIGHT ANGLE,4THSTWASHINGTONST,STOP SIGN
MONROE SD,BLOOMINGTON,9/3/2019,6:18 PM,1,0,0,0,0,,,,W THAT,S VICTOR PIKE,,500,W,39.11476466,-86.54815554,COUNTY ROAD,N,RURAL,N,N,N,,DAYLIGHT,CLEAR,DRY,,NO JUNCTION INVOLVED,STRAIGHT/GRADE,ASPHALT,RAN OFF ROAD RIGHT,RAN OFF ROAD,THATRDVICTORPIKE,NONE
BLOOMINGTON PD,BLOOMINGTON,9/4/2019,3:00 PM,2,0,0,0,0,,,,SR 45/46,N COLLEGE AVE,,,,39.186352,-86.534704,,Y,URBAN,N,N,N,,DAYLIGHT,CLEAR,DRY,,NO JUNCTION INVOLVED,,,FOLLOWING TOO CLOSELY,SAME DIRECTION SIDESWIPE,NCOLLEGEAVEWSR4546BYP,
BLOOMINGTON PD,BLOOMINGTON,9/4/2019,5:00 PM,4,0,1,0,0,,,,SR 46,KINGSTON DR S,,50,E,39.16424,-86.492944,LOCAL/CITY ROAD,N,URBAN,N,N,N,,DAYLIGHT,CLEAR,DRY,,NO JUNCTION INVOLVED,STRAIGHT/GRADE,ASPHALT,DRIVER DISTRACTED - EXPLAIN IN NARRATIVE,REAR END,E3RDSTSKINGSTONDR,NONE
INDIANA UNIV BLOOMINGTON PD,BLOOMINGTON,9/4/2019,8:55 AM,2,0,0,0,0,,,,SR 45,N PETE ELLIS DR,,650,W,39.17155638,-86.49760447,LOCAL/CITY ROAD,N,URBAN,N,N,N,,DAYLIGHT,CLEAR,DRY,,NO JUNCTION INVOLVED,STRAIGHT/GRADE,ASPHALT,FOLLOWING TOO CLOSELY,REAR END,10THSTRANGERD,LANE CONTROL
BLOOMINGTON PD,BLOOMINGTON,9/4/2019,9:32 AM,2,0,0,0,0,,,,N COLLEGE,W 9TH ST,,,,39.170544,-86.534768,LOCAL/CITY ROAD,N,URBAN,N,N,N,,DAYLIGHT,CLEAR,DRY,,NO JUNCTION INVOLVED,STRAIGHT/GRADE,ASPHALT,FAILURE TO YIELD RIGHT OF WAY,RIGHT ANGLE,9THSTCOLLEGEAVE,NONE
ELLETTSVILLE PD,ELLETTSVILLE,9/4/2019,4:28 PM,2,0,0,0,0,,,,SR 46,N LAKEVIEW DR,,,,39.221152,-86.6056,STATE ROAD,N,URBAN,N,N,N,,DAYLIGHT,CLEAR,DRY,,T-INTERSECTION,STRAIGHT/LEVEL,ASPHALT,IMPROPER LANE USAGE,LEFT/RIGHT TURN,NLAKEVIEWDRSR46W,NONE
BLOOMINGTON PD,BLOOMINGTON,9/4/2019,4:54 PM,2,0,0,0,0,,,,W COUNTRY CLUB,S ROGERS ST,,50,E,39.13604,-86.53827432,LOCAL/CITY ROAD,N,URBAN,N,N,N,,DAYLIGHT,CLEAR,DRY,,NO JUNCTION INVOLVED,STRAIGHT/LEVEL,ASPHALT,DRIVER DISTRACTED - EXPLAIN IN NARRATIVE,REAR END,SROGERSSTWCOUNTRYCLUBRD,NONE
INDIANA UNIV BLOOMINGTON PD,BLOOMINGTON,9/4/2019,5:30 AM,2,0,0,0,0,,,,N FEE,N JORDAN AVE,,,,39.18384,-86.5192,UNKNOWN,Y,URBAN,N,N,N,,DARK (LIGHTED),CLEAR,DRY,,NO JUNCTION INVOLVED,STRAIGHT/LEVEL,ASPHALT,OTHER (DRIVER) - EXPLAIN IN NARRATIVE,OTHER - EXPLAIN IN NARRATIVE,FEELNNJORDANAVE,NONE
BLOOMINGTON PD,BLOOMINGTON,9/4/2019,11:53 AM,2,0,0,0,0,,,,S PIAZZA,S CATHCART RD,,30,N,39.15202106,-86.49986,,Y,URBAN,N,N,N,,DAYLIGHT,CLEAR,DRY,,NO JUNCTION INVOLVED,STRAIGHT/LEVEL,ASPHALT,,SAME DIRECTION SIDESWIPE,SOUTHCATHCARTRDSOUTHPIAZZADR,NONE
MONROE SD,BLOOMINGTON,9/4/2019,6:03 AM,1,0,0,0,0,3585,,,SR 45,,,,,39.125312,-86.610496,UNKNOWN,N,URBAN,N,N,N,,DARK (LIGHTED),CLEAR,DRY,,NO JUNCTION INVOLVED,STRAIGHT/GRADE,ASPHALT,IMPROPER TURNING,OTHER - EXPLAIN IN NARRATIVE,W45HWY,STOP SIGN
ELLETTSVILLE PD,ELLETTSVILLE,9/4/2019,6:51 PM,2,0,0,0,0,,,,SR 46,N 1ST ST,,,,39.23144,-86.621296,STATE ROAD,N,URBAN,N,N,N,,DAYLIGHT,CLEAR,DRY,,FOUR-WAY INTERSECTION,STRAIGHT/LEVEL,ASPHALT,FAILURE TO YIELD RIGHT OF WAY,LEFT TURN,FIRSTSTSR46W,NONE
BLOOMINGTON PD,BLOOMINGTON,9/4/2019,11:44 AM,2,0,1,0,0,,,,W 3RD,S MADISON ST,,,,39.164704,-86.537296,LOCAL/CITY ROAD,N,URBAN,N,N,N,,DAYLIGHT,CLEAR,DRY,,FOUR-WAY INTERSECTION,STRAIGHT/LEVEL,ASPHALT,DISREGARD SIGNAL/REG SIGN,RIGHT ANGLE,MADISONAVEWESTTHIRDST,TRAFFIC CONTROL SIGNAL
BLOOMINGTON PD,BLOOMINGTON,9/5/2019,7:14 PM,2,0,0,0,0,,,,N COLLEGE,W 9TH ST,,30,S,39.170544,-86.534768,LOCAL/CITY ROAD,N,URBAN,N,N,N,,DAYLIGHT,CLEAR,DRY,,NO JUNCTION INVOLVED,STRAIGHT/LEVEL,ASPHALT,UNSAFE LANE MOVEMENT,SAME DIRECTION SIDESWIPE,NORTHCOLLEGEAVEWEST9THST,LANE CONTROL
BLOOMINGTON PD,BLOOMINGTON,9/5/2019,3:47 PM,2,0,1,0,0,,,,E WINSLOW,S WALNUT ST,,200,E,39.136144,-86.528688,LOCAL/CITY ROAD,N,URBAN,N,N,Y,WORK ON SHOULDER,DAYLIGHT,CLEAR,DRY,,NO JUNCTION INVOLVED,STRAIGHT/LEVEL,ASPHALT,FOLLOWING TOO CLOSELY,REAR END,EASTWINSLOWRDSOUTHWALNUTST,NONE
BLOOMINGTON PD,BLOOMINGTON,9/5/2019,6:30 PM,2,0,0,0,0,,,,E 3RD,S GRANT ST,,50,E,39.16464,-86.529728,LOCAL/CITY ROAD,N,URBAN,N,N,N,,DAYLIGHT,CLEAR,DRY,,FOUR-WAY INTERSECTION,STRAIGHT/LEVEL,CONCRETE,FAILURE TO YIELD RIGHT OF WAY,RIGHT ANGLE,EAST3RDSTSOUTHGRANTST,NONE
BLOOMINGTON PD,BLOOMINGTON,9/5/2019,6:01 PM,2,0,2,0,0,,,,E 3RD,S WOODSCREST DR,,,,39.16427,-86.50241,LOCAL/CITY ROAD,Y,URBAN,N,N,N,,DAYLIGHT,CLEAR,DRY,,FOUR-WAY INTERSECTION,STRAIGHT/LEVEL,ASPHALT,FOLLOWING TOO CLOSELY,REAR END,E3RDSTSWOODSCRESTDR,TRAFFIC CONTROL SIGNAL
BLOOMINGTON PD,BLOOMINGTON,9/5/2019,5:43 PM,2,0,0,0,0,,,,E WINSLOW,S HENDERSON ST,,,,39.136144,-86.5268,LOCAL/CITY ROAD,N,URBAN,N,N,N,,DAYLIGHT,CLEAR,DRY,,FOUR-WAY INTERSECTION,STRAIGHT/LEVEL,ASPHALT,FAILURE TO YIELD RIGHT OF WAY,RIGHT ANGLE,EASTWINSLOWRDSOUTHHENDERSONST,TRAFFIC CONTROL SIGNAL
BLOOMINGTON PD,BLOOMINGTON,9/5/2019,12:52 PM,1,0,0,0,0,,,,W 3RD,S CORY LN,,,,39.164544,-86.560096,LOCAL/CITY ROAD,N,URBAN,N,N,N,,DAYLIGHT,CLEAR,DRY,,T-INTERSECTION,STRAIGHT/LEVEL,ASPHALT,FAILURE TO YIELD RIGHT OF WAY,RIGHT ANGLE,3RDSTCORYLN,TRAFFIC CONTROL SIGNAL
MONROE SD,BLOOMINGTON,9/5/2019,10:36 PM,1,0,0,0,0,,,,SR 37,W SMITHVILLE RD,,1000,S,39.06830953,-86.5356351,STATE ROAD,N,RURAL,N,N,Y,WORK ON SHOULDER,DARK (NOT LIGHTED),CLEAR,DRY,,NO JUNCTION INVOLVED,STRAIGHT/LEVEL,ASPHALT,RAN OFF ROAD RIGHT,RAN OFF ROAD,SMITHVILLERDSR37S,NONE
BLOOMINGTON PD,BLOOMINGTON,9/5/2019,12:09 PM,2,0,0,0,0,,,,E HILLSIDE,S WOODLAWN AVE,,,,39.15072,-86.522496,LOCAL/CITY ROAD,N,URBAN,Y,N,N,,DAYLIGHT,CLEAR,DRY,,FOUR-WAY INTERSECTION,STRAIGHT/LEVEL,ASPHALT,FAILURE TO YIELD RIGHT OF WAY,RIGHT ANGLE,EHILLSIDEDRSWOODLAWNAVE,STOP SIGN
MONROE SD,ELLETTSVILLE,9/5/2019,7:56 AM,1,0,1,0,0,,,,N STARNES,W BANK RD,,,,39.22421096,-86.65879,COUNTY ROAD,N,RURAL,N,N,N,,DAYLIGHT,CLEAR,DRY,,NO JUNCTION INVOLVED,STRAIGHT/GRADE,ASPHALT,RAN OFF ROAD RIGHT,RAN OFF ROAD,NSTARNESRDWBANKRD,NONE
BLOOMINGTON PD,BLOOMINGTON,9/5/2019,4:15 PM,1,0,1,0,0,,,,S COLLEGE,W SMITH AVE,,,,39.16285,-86.53494,LOCAL/CITY ROAD,N,URBAN,N,Y,N,,DAYLIGHT,CLEAR,DRY,,T-INTERSECTION,STRAIGHT/LEVEL,ASPHALT,OTHER (DRIVER) - EXPLAIN IN NARRATIVE,NON-COLLISION,EASTSMITHAVESOUTHCOLLEGEAVE,STOP SIGN
BLOOMINGTON PD,BLOOMINGTON,9/5/2019,12:40 PM,2,0,0,0,0,,,,S DUNN,ALLEY,,200,S,39.16509895,-86.52812204,LOCAL/CITY ROAD,N,URBAN,N,N,N,,DAYLIGHT,CLEAR,DRY,,NO JUNCTION INVOLVED,STRAIGHT/GRADE,ASPHALT,FAILURE TO YIELD RIGHT OF WAY,RIGHT ANGLE,4THSTDUNNST,NONE
ELLETTSVILLE PD,ELLETTSVILLE,9/5/2019,7:44 AM,2,0,0,0,0,,,,SR 46,N 3RD ST,,,,39.23256,-86.62301,STATE ROAD,N,URBAN,N,N,N,,DAYLIGHT,CLEAR,DRY,,NO JUNCTION INVOLVED,STRAIGHT/LEVEL,ASPHALT,FAILURE TO YIELD RIGHT OF WAY,SAME DIRECTION SIDESWIPE,SR46WTHIRDST,TRAFFIC CONTROL SIGNAL
ELLETTSVILLE PD,ELLETTSVILLE,9/5/2019,5:18 PM,2,0,0,0,0,,,,SR 46,S RIDGE SPRINGS LN,,,,39.24104,-86.632096,STATE ROAD,N,URBAN,N,N,N,,DAYLIGHT,CLEAR,DRY,,T-INTERSECTION,STRAIGHT/GRADE,ASPHALT,FAILURE TO YIELD RIGHT OF WAY,RIGHT ANGLE,SRIDGESPRINGSRDSR46W,STOP SIGN
BLOOMINGTON PD,BLOOMINGTON,9/5/2019,7:27 PM,1,0,0,0,0,,,,W BLOOMFIELD,S LANDMARK AVE,,,,39.15994,-86.55382,LOCAL/CITY ROAD,N,URBAN,N,N,N,,DAYLIGHT,CLEAR,DRY,,FOUR-WAY INTERSECTION,STRAIGHT/LEVEL,ASPHALT,RAN OFF ROAD RIGHT,RAN OFF ROAD,SLANDMARKAVEWBLOOMFIELDRD,TRAFFIC CONTROL SIGNAL
BLOOMINGTON PD,BLOOMINGTON,9/5/2019,10:19 PM,2,0,2,0,0,,,,W CHAMBERS,S RODGERS ST,,120,W,0,0,LOCAL/CITY ROAD,N,URBAN,N,N,N,,DARK (LIGHTED),CLEAR,DRY,,NO JUNCTION INVOLVED,STRAIGHT/LEVEL,ASPHALT,FAILURE TO YIELD RIGHT OF WAY,OPPOSITE DIRECTION SIDESWIPE,CHAMBERSSTRODGERSST,NONE
BLOOMINGTON PD,BLOOMINGTON,9/6/2019,5:45 PM,2,0,0,0,0,,,,S COLLEGE MALL,SR 46,,,,39.16424,-86.4984,LOCAL/CITY ROAD,N,URBAN,N,N,N,,DAYLIGHT,CLEAR,DRY,,FOUR-WAY INTERSECTION,STRAIGHT/LEVEL,ASPHALT,OTHER (DRIVER) - EXPLAIN IN NARRATIVE,OTHER - EXPLAIN IN NARRATIVE,E3RDSTSCOLLEGEMALLRD,TRAFFIC CONTROL SIGNAL
INDIANA UNIV BLOOMINGTON PD,BLOOMINGTON,9/6/2019,4:50 PM,1,0,0,0,0,2721,,,E 10TH,N JEFFERSON ST,,,,39.17164278,-86.50184209,UNKNOWN,N,URBAN,N,N,N,,DAYLIGHT,CLOUDY,DRY,,NO JUNCTION INVOLVED,STRAIGHT/GRADE,ASPHALT,BRAKE FAILURE OR DEFECTIVE,OTHER - EXPLAIN IN NARRATIVE,E10THST,NONE
MONROE SD,BLOOMINGTON,9/6/2019,1:55 PM,2,0,0,0,0,,,,N CURRY,W WOODYARD RD,,500,S,39.190672,-86.582992,LOCAL/CITY ROAD,N,URBAN,N,N,N,,DAYLIGHT,CLOUDY,DRY,,FOUR-WAY INTERSECTION,CURVE/LEVEL,ASPHALT,FOLLOWING TOO CLOSELY,REAR END,NCURRYPIKEWOODYARDRD,NONE
BLOOMINGTON PD,BLOOMINGTON,9/6/2019,2:19 PM,2,0,0,0,0,,,,S WALNUT,E BURKS DR,,,,0,0,LOCAL/CITY ROAD,N,URBAN,N,N,N,,DAYLIGHT,CLEAR,DRY,,FOUR-WAY INTERSECTION,STRAIGHT/LEVEL,ASPHALT,OTHER (DRIVER) - EXPLAIN IN NARRATIVE,REAR TO REAR,EBURKSDRSWALNUTST,NONE
MONROE SD,BLOOMINGTON,9/6/2019,4:54 PM,2,0,0,0,0,,,,SR 45/46,I-69,Y,2700,E,39.18650784,-86.53728821,STATE ROAD,N,URBAN,N,Y,Y,LANE CLOSURE,DAYLIGHT,CLEAR,DRY,,NO JUNCTION INVOLVED,STRAIGHT/LEVEL,CONCRETE,FOLLOWING TOO CLOSELY,REAR END,NMONROESTSR46W,NONE
BLOOMINGTON PD,BLOOMINGTON,9/6/2019,4:40 PM,2,0,1,0,0,,,,W COUNTRY CLUB,S MADISON ST,,,,39.13601,-86.53712,LOCAL/CITY ROAD,N,URBAN,N,N,N,,DAYLIGHT,CLEAR,DRY,,T-INTERSECTION,STRAIGHT/LEVEL,CONCRETE,FOLLOWING TOO CLOSELY,REAR END,SOUTHMADISONSTWESTCOUNTRYCLUBDR,NONE
BLOOMINGTON PD,BLOOMINGTON,9/6/2019,5:00 PM,2,0,0,0,0,,,,W GOURLEY,N KINSER PIKE,,,,0,0,LOCAL/CITY ROAD,Y,URBAN,N,N,N,,DAYLIGHT,CLEAR,DRY,,FOUR-WAY INTERSECTION,STRAIGHT/LEVEL,ASPHALT,FAILURE TO YIELD RIGHT OF WAY,LEFT TURN,NORTHKINSERPIKEWESTGOURLEYPIKE,STOP SIGN
BLOOMINGTON PD,BLOOMINGTON,9/6/2019,11:18 AM,2,0,0,0,0,,,,W KIRKWOOD,S ROGERS ST,,,,39.16661,-86.5387,LOCAL/CITY ROAD,N,URBAN,N,N,N,,DAYLIGHT,BLOWING SAND/SOIL/SNOW,DRY,,NO JUNCTION INVOLVED,STRAIGHT/LEVEL,ASPHALT,FAILURE TO YIELD RIGHT OF WAY,RIGHT ANGLE,ROGERSSTWKIRKWOODAVE,LANE CONTROL
BLOOMINGTON PD,BLOOMINGTON,9/6/2019,5:11 PM,2,0,3,0,0,,,,W KIRKWOOD,S ADAMS ST,,,,39.166816,-86.549488,LOCAL/CITY ROAD,N,URBAN,N,N,N,,DAYLIGHT,CLEAR,DRY,,FOUR-WAY INTERSECTION,STRAIGHT/GRADE,ASPHALT,IMPROPER LANE USAGE,LEFT TURN,SADAMSSTWKIRKWOODAVE,TRAFFIC CONTROL SIGNAL
MONROE SD,BLOOMINGTON,9/6/2019,7:41 AM,2,0,1,0,0,,,,W OLD SR 37,E BETHEL LN,,,,39.21539,-86.52157,STATE ROAD,N,URBAN,N,N,N,,DAYLIGHT,CLEAR,DRY,,T-INTERSECTION,STRAIGHT/LEVEL,ASPHALT,FAILURE TO YIELD RIGHT OF WAY,RIGHT ANGLE,EBETHELLNSR37N,STOP SIGN
INDIANA UNIV BLOOMINGTON PD,BLOOMINGTON,9/6/2019,4:35 PM,1,0,0,0,0,1900,,,E 10TH,,,,,39.171472,-86.509376,UNKNOWN,N,URBAN,N,N,N,,DAYLIGHT,CLEAR,DRY,,NO JUNCTION INVOLVED,STRAIGHT/LEVEL,ASPHALT,IMPROPER TURNING,COLLISION WITH OBJECT IN ROAD,E10THST,NONE
ISP BLOOMINGTON 33,BLOOMINGTON,9/6/2019,11:20 M,1,,0,0,1,,,,I-69 S,,,792,S,39.31307907,-86.5127395,INTERSTATE,,RURAL,N,N,N,,DAYLIGHT,CLEAR,DRY,,NO JUNCTION INVOLVED,,ASPHALT,ANIMAL/OBJECT IN ROADWAY,COLLISION WITH DEER,,
BLOOMINGTON PD,BLOOMINGTON,9/6/2019,11:00 AM,2,0,0,0,0,3411,,,N KINGSLEY,W WINDING WAY,,100,N,39.197952,-86.543184,LOCAL/CITY ROAD,Y,,N,N,N,,,,,,NO JUNCTION INVOLVED,STRAIGHT/LEVEL,ASPHALT,,,3411NKINGSLEYDRWINDINGWAYDR,NONE
BLOOMINGTON PD,BLOOMINGTON,9/6/2019,3:30 PM,1,0,0,0,0,880,,,S WOODSCREST,,,,,39.15778,-86.50133,LOCAL/CITY ROAD,N,URBAN,N,N,N,,DAYLIGHT,CLEAR,DRY,,NO JUNCTION INVOLVED,CURVE/LEVEL,ASPHALT,IMPROPER TURNING,RAN OFF ROAD,SOUTHWOODCRESTDR,NONE
BLOOMINGTON PD,BLOOMINGTON,9/6/2019,4:10 PM,2,0,0,0,0,,,,SR 45/46,,,750,W,39.18686,-86.54659009,STATE ROAD,N,URBAN,N,N,N,,DAYLIGHT,CLOUDY,DRY,,NO JUNCTION INVOLVED,STRAIGHT/LEVEL,ASPHALT,FOLLOWING TOO CLOSELY,REAR END,SR45WWESTSTONELAKEDR,LANE CONTROL
BLOOMINGTON PD,BLOOMINGTON,9/7/2019,2:00 PM,3,0,0,0,0,,,,SR 45/46,N KINSER PIKE,,100,W,39.18655971,-86.53824035,LOCAL/CITY ROAD,N,URBAN,N,N,N,,DAYLIGHT,CLEAR,DRY,,NO JUNCTION INVOLVED,STRAIGHT/GRADE,ASPHALT,FOLLOWING TOO CLOSELY,REAR END,NKINSERPIKEWSTATEROAD46HWY,TRAFFIC CONTROL SIGNAL
BLOOMINGTON PD,BLOOMINGTON,9/7/2019,4:44 PM,3,0,1,0,0,,,,W 2ND,S PATTERSON DR,,300,E,39.16076,-86.54851596,LOCAL/CITY ROAD,N,URBAN,N,N,N,,DAYLIGHT,CLEAR,DRY,,FOUR-WAY INTERSECTION,STRAIGHT/LEVEL,ASPHALT,FOLLOWING TOO CLOSELY,REAR END,SPATTERSONDRW2NDST,NONE
MONROE SD,BLOOMINGTON,9/7/2019,5:46 PM,1,0,0,0,0,,,,SR 46,N CURRY PIKE,,,,39.19369,-86.57139,STATE ROAD,Y,RURAL,N,N,Y,LANE CLOSURE,DAYLIGHT,CLEAR,DRY,,FOUR-WAY INTERSECTION,STRAIGHT/LEVEL,ASPHALT,FOLLOWING TOO CLOSELY,OTHER - EXPLAIN IN NARRATIVE,NCURRYPIKESR46E,TRAFFIC CONTROL SIGNAL
ISP BLOOMINGTON 33,BLOOMINGTON,9/7/2019,16:35 M,2,,0,0,0,,,,N JORDAN,,,370,E,39.18377819,-86.5184059,LOCAL/CITY ROAD,,URBAN,N,N,N,,DAYLIGHT,CLEAR,DRY,,NO JUNCTION INVOLVED,,ASPHALT,UNSAFE BACKING,BACKING CRASH,,
MONROE SD,BLOOMINGTON,9/7/2019,5:49 PM,2,0,0,0,0,,,,W AIRPORT,S BUNGER RD,,300,W,39.136848,-86.606,COUNTY ROAD,N,RURAL,N,N,N,,DAYLIGHT,CLEAR,DRY,,T-INTERSECTION,STRAIGHT/LEVEL,ASPHALT,FOLLOWING TOO CLOSELY,REAR END,SBUNGERRDWAIRPORTRD,NONE