Agency,City,Collision Date,Collision Time,Vehicles Involved,Trailers Involved,Number Injured,Number Dead,Number Deer,House Number,Roadway Interchange,Roadway Ramp,Roadway Id,Intersecting Road,Interchange,Feet From,Direction,Latitude,Longitude,Roadway Class,Hit and Run?,Locality,School Zone?,Rumble Strips?,Construction?,Construction Type,Light Condition,Weather Conditions,Surface Condition,Type of Median,Roadway Junction Type,Road Character,Roadway Surface,Primary Factor,Manner of Collision,Unique Location Id,Traffic Control
BLOOMINGTON PD,BLOOMINGTON,9/7/2019,11:03 AM,3,0,1,0,0,,,,W BLOOMFIELD,S WEIMER RD,,,,39.15424,-86.56435,LOCAL/CITY ROAD,N,URBAN,N,N,N,,DAYLIGHT,CLEAR,DRY,,FOUR-WAY INTERSECTION,STRAIGHT/GRADE,ASPHALT,DRIVER DISTRACTED - EXPLAIN IN NARRATIVE,REAR END,BLOOMFIELDRDWEIMERRD,LANE CONTROL
BLOOMINGTON PD,BLOOMINGTON,9/7/2019,6:40 AM,1,0,1,0,0,713,,,W DIXIE,S FAIRVIEW ST,,,,39.15632,-86.54168,UNKNOWN,Y,URBAN,N,N,N,,DAYLIGHT,CLEAR,DRY,,NO JUNCTION INVOLVED,STRAIGHT/LEVEL,ASPHALT,RAN OFF ROAD RIGHT,RAN OFF ROAD,WDIXIEST,NONE
MONROE SD,BLOOMINGTON,9/7/2019,9:53 AM,1,0,0,0,0,,,,W ROCK EAST,S MT ZION RD,,1000,W,39.03595,-86.63789336,COUNTY ROAD,Y,RURAL,N,N,N,,UNKNOWN,CLEAR,DRY,,NO JUNCTION INVOLVED,CURVE/GRADE,ASPHALT,RAN OFF ROAD RIGHT,,MTZIONRDWROCKEASTRD,NONE
MONROE SD,BLOOMINGTON,9/8/2019,2:25 PM,2,0,0,0,0,,,,W WOODYARD,N SMITH PIKE,,,,39.19067,-86.58315,COUNTY ROAD,N,RURAL,N,N,N,,DAYLIGHT,CLEAR,DRY,,T-INTERSECTION,STRAIGHT/LEVEL,ASPHALT,BRAKE FAILURE OR DEFECTIVE,REAR END,SMITHPIKEWOODYARDRD,STOP SIGN
MONROE SD,BLOOMINGTON,9/8/2019,2:37 AM,2,0,1,0,0,,,,SR 37,W DILLMAN RD,,,,39.092976,-86.545648,STATE ROAD,N,URBAN,N,N,N,,DAYLIGHT,CLEAR,DRY,,FOUR-WAY INTERSECTION,STRAIGHT/LEVEL,ASPHALT,FAILURE TO YIELD RIGHT OF WAY,RIGHT ANGLE,SR37SWDILLMANRD,NONE
INDIANA UNIV BLOOMINGTON PD,BLOOMINGTON,9/8/2019,1:30 AM,1,0,0,0,0,,,,E 10TH,,,208,E,0,0,LOCAL/CITY ROAD,Y,URBAN,N,N,N,,DARK (NOT LIGHTED),CLEAR,DRY,,NO JUNCTION INVOLVED,CURVE/LEVEL,ASPHALT,RAN OFF ROAD RIGHT,RAN OFF ROAD,TENTHSTUNIONVILLERD,NONE
INDIANA UNIV BLOOMINGTON PD,BLOOMINGTON,9/8/2019,6:20 PM,1,0,1,0,0,,,,E 7TH,N JORDAN AVE,,,,39.168944,-86.516016,LOCAL/CITY ROAD,N,URBAN,N,N,N,,DAYLIGHT,CLEAR,DRY,,FOUR-WAY INTERSECTION,STRAIGHT/LEVEL,ASPHALT,DISREGARD SIGNAL/REG SIGN,RIGHT TURN,E7THSTJORDANAVE,STOP SIGN
INDIANA UNIV BLOOMINGTON PD,BLOOMINGTON,9/8/2019,3:50 AM,1,0,1,0,0,,,,N INDIANA,E 9TH ST,,,,39.17045,-86.52699,LOCAL/CITY ROAD,N,URBAN,N,N,N,,DARK (NOT LIGHTED),CLEAR,DRY,,FOUR-WAY INTERSECTION,STRAIGHT/LEVEL,ASPHALT,FAILURE TO YIELD RIGHT OF WAY,LEFT TURN,INDIANAAVENINTHST,LANE CONTROL
MONROE SD,BLOOMINGTON,9/8/2019,2:06 PM,1,0,1,0,0,,,,S FAIRFAX,E ALEXIS WAY,,20,S,0,0,COUNTY ROAD,N,URBAN,N,N,N,,DAYLIGHT,CLOUDY,DRY,,T-INTERSECTION,STRAIGHT/GRADE,ASPHALT,RAN OFF ROAD RIGHT,RAN OFF ROAD,EASTALEXISWAYSOUTHFAIRFAXRD,NONE
BLOOMINGTON PD,BLOOMINGTON,9/9/2019,3:30 PM,2,0,0,0,0,,,,SR 46,S PETE ELLIS DR,,,,39.16424,-86.495088,LOCAL/CITY ROAD,N,URBAN,N,N,N,,DAYLIGHT,CLEAR,DRY,,FOUR-WAY INTERSECTION,STRAIGHT/LEVEL,ASPHALT,FAILURE TO YIELD RIGHT OF WAY,RIGHT ANGLE,E3RDSTSPETEELLISDR,NONE
INDIANA UNIV BLOOMINGTON PD,BLOOMINGTON,9/9/2019,5:00 PM,2,0,0,0,0,,,,E 10TH,N SUNRISE DR,,200,E,39.17158,-86.5124973,LOCAL/CITY ROAD,N,URBAN,N,N,N,,DAYLIGHT,CLEAR,DRY,,NO JUNCTION INVOLVED,STRAIGHT/LEVEL,ASPHALT,UNSAFE LANE MOVEMENT,SAME DIRECTION SIDESWIPE,10THSTSUNRISEDR,NONE
BLOOMINGTON PD,BLOOMINGTON,9/9/2019,5:50 PM,3,0,0,0,0,,,,SR 45/46,N FEE LN,,,,39.186032,-86.51984,LOCAL/CITY ROAD,N,URBAN,N,N,N,,DAYLIGHT,CLEAR,DRY,,FOUR-WAY INTERSECTION,STRAIGHT/LEVEL,CONCRETE,FOLLOWING TOO CLOSELY,REAR END,NORTHFEELNSTATEROAD4546BYP,TRAFFIC CONTROL SIGNAL
INDIANA UNIV BLOOMINGTON PD,BLOOMINGTON,9/9/2019,3:50 PM,1,0,1,0,0,,,,N FEE,E 11TH ST,,,,39.17347,-86.528015,LOCAL/CITY ROAD,N,URBAN,N,N,N,,DAYLIGHT,CLEAR,DRY,,FOUR-WAY INTERSECTION,STRAIGHT/LEVEL,ASPHALT,FAILURE TO YIELD RIGHT OF WAY,LEFT TURN,11THSTFEELN,STOP SIGN
INDIANA UNIV BLOOMINGTON PD,BLOOMINGTON,9/9/2019,2:46 PM,2,0,0,0,0,,,,E 3RD,S WOODLAWN AVE,,,,39.164352,-86.522592,LOCAL/CITY ROAD,N,URBAN,N,N,N,,DAYLIGHT,CLEAR,DRY,,T-INTERSECTION,STRAIGHT/LEVEL,ASPHALT,UNSAFE LANE MOVEMENT,SAME DIRECTION SIDESWIPE,3RDSTWOODLAWNAVE,TRAFFIC CONTROL SIGNAL
MONROE SD,BLOOMINGTON,9/9/2019,3:23 PM,2,0,1,0,0,,,,N CURRY,,,1500,S,0,0,COUNTY ROAD,N,URBAN,N,N,N,,DAYLIGHT,CLEAR,DRY,,NO JUNCTION INVOLVED,STRAIGHT/LEVEL,ASPHALT,FOLLOWING TOO CLOSELY,REAR END,SOUTHCURRYPIKEWWOODYARDRD,LANE CONTROL
BLOOMINGTON PD,BLOOMINGTON,9/9/2019,8:59 PM,2,0,0,0,0,,,,S MAPLE,W KIRKWOOD AVE,,,,39.16672,-86.542096,LOCAL/CITY ROAD,N,URBAN,N,N,N,,DARK (NOT LIGHTED),CLEAR,DRY,,FOUR-WAY INTERSECTION,STRAIGHT/LEVEL,ASPHALT,RAN OFF ROAD RIGHT,RAN OFF ROAD,SMAPLESTWKIRKWOODAVE,LANE CONTROL
MONROE SD,BLOOMINGTON,9/9/2019,7:42 AM,1,0,0,0,1,,,,SR 45,S BREEDEN RD,,200,E,39.0868555,-86.67128253,STATE ROAD,N,RURAL,N,N,N,,DAYLIGHT,CLEAR,DRY,,NO JUNCTION INVOLVED,STRAIGHT/GRADE,ASPHALT,ANIMAL/OBJECT IN ROADWAY,COLLISION WITH DEER,SBREEDENRDSR45W,NONE
BLOOMINGTON PD,BLOOMINGTON,9/9/2019,3:50 PM,2,0,0,0,0,,,,W 11TH,N WALNUT ST,,,,39.173248,-86.533488,,Y,URBAN,N,N,N,,,CLEAR,DRY,,T-INTERSECTION,STRAIGHT/LEVEL,CONCRETE,UNSAFE BACKING,BACKING CRASH,NWALNUTSTW11THST,STOP SIGN
BLOOMINGTON PD,BLOOMINGTON,9/10/2019,3:53 PM,2,0,0,0,0,,,,S WALNUT,E GRIMES LN,,,,39.15335,-86.53371,LOCAL/CITY ROAD,N,URBAN,N,N,N,,DAYLIGHT,CLEAR,DRY,,FOUR-WAY INTERSECTION,STRAIGHT/LEVEL,ASPHALT,FAILURE TO YIELD RIGHT OF WAY,RIGHT ANGLE,EGRIMESLNSWALNUTST,TRAFFIC CONTROL SIGNAL
MONROE SD,BLOOMINGTON,9/10/2019,4:56 PM,2,0,0,0,0,,,,N CURRY,W VERNAL PIKE,,,,39.179248,-86.5832,LOCAL/CITY ROAD,Y,RURAL,N,N,N,,DAYLIGHT,CLEAR,DRY,,FOUR-WAY INTERSECTION,STRAIGHT/LEVEL,ASPHALT,FAILURE TO YIELD RIGHT OF WAY,OTHER - EXPLAIN IN NARRATIVE,NCURRYPIKEWVERNALPIKE,TRAFFIC CONTROL SIGNAL
MONROE SD,BLOOMINGTON,9/10/2019,2:46 PM,2,0,0,0,0,,,,N CURRY,W WOODYARD RD,,,,39.190672,-86.582992,LOCAL/CITY ROAD,N,URBAN,N,N,N,,DAYLIGHT,CLEAR,DRY,,FOUR-WAY INTERSECTION,STRAIGHT/LEVEL,ASPHALT,FAILURE TO YIELD RIGHT OF WAY,RIGHT TURN,NCURRYPIKEWWOODYARDRD,TRAFFIC CONTROL SIGNAL
BLOOMINGTON PD,BLOOMINGTON,9/10/2019,4:19 PM,2,0,1,0,0,,,,S WALNUT,E MILLER DR,,150,N,39.16274449,-86.53265,LOCAL/CITY ROAD,N,URBAN,N,N,N,,DAYLIGHT,CLEAR,DRY,,NO JUNCTION INVOLVED,STRAIGHT/LEVEL,ASPHALT,FOLLOWING TOO CLOSELY,OTHER - EXPLAIN IN NARRATIVE,MILLERDRSOUTHWALNUTST,NONE
BLOOMINGTON PD,BLOOMINGTON,9/10/2019,1:10 AM,1,0,0,0,2,,,,N DUNN,E VERNON AVE,,,,39.187648,-86.52848,LOCAL/CITY ROAD,N,URBAN,N,N,N,,DARK (NOT LIGHTED),CLEAR,DRY,,NO JUNCTION INVOLVED,STRAIGHT/HILLCREST,ASPHALT,ANIMAL/OBJECT IN ROADWAY,COLLISION WITH DEER,EASTVERNONAVENORTHDUNNST,NONE
MONROE SD,BLOOMINGTON,9/10/2019,5:14 PM,2,0,1,0,0,,,,S OLD SR 37,E EMPIRE MILL RD,,200,N,39.08624,-86.542,LOCAL/CITY ROAD,N,URBAN,N,N,N,,DAYLIGHT,CLEAR,DRY,,NO JUNCTION INVOLVED,STRAIGHT/GRADE,ASPHALT,FOLLOWING TOO CLOSELY,REAR END,EEMPIREMILLRDSOLDSTATEROAD37RD,NONE
ELLETTSVILLE PD,ELLETTSVILLE,9/10/2019,8:51 AM,2,0,0,0,0,,,,S SALE,W ASSOCIATION ST,,,,39.233056,-86.6256,LOCAL/CITY ROAD,N,URBAN,N,N,N,,DAYLIGHT,CLEAR,DRY,,NO JUNCTION INVOLVED,STRAIGHT/GRADE,ASPHALT,FOLLOWING TOO CLOSELY,REAR END,ASSOCIATIONSTSALEST,NONE
BLOOMINGTON PD,BLOOMINGTON,9/11/2019,7:49 AM,2,0,1,0,0,,,,SR 45,N PETE ELLIS DR,,300,E,39.171504,-86.49425346,LOCAL/CITY ROAD,N,URBAN,N,N,N,,DAYLIGHT,CLEAR,DRY,,NO JUNCTION INVOLVED,STRAIGHT/LEVEL,ASPHALT,FOLLOWING TOO CLOSELY,REAR END,10THSTPETEELLISDR,NONE
BLOOMINGTON PD,BLOOMINGTON,9/11/2019,5:00 PM,2,0,0,0,0,,,,E WINSLOW,S HENDERSON ST,,,,39.136144,-86.5268,LOCAL/CITY ROAD,Y,URBAN,N,N,N,,DAYLIGHT,CLEAR,DRY,,FOUR-WAY INTERSECTION,STRAIGHT/LEVEL,ASPHALT,IMPROPER PASSING,SAME DIRECTION SIDESWIPE,EASTWINSLOWRDSOUTHHENDERSONST,TRAFFIC CONTROL SIGNAL
MONROE SD,BLOOMINGTON,9/11/2019,4:11 PM,3,0,0,0,0,,,,SR 46,N CURRY PIKE,,,,39.19369,-86.57139,STATE ROAD,N,RURAL,N,Y,Y,LANE CLOSURE,DAYLIGHT,CLEAR,DRY,,FOUR-WAY INTERSECTION,STRAIGHT/LEVEL,ASPHALT,FOLLOWING TOO CLOSELY,REAR END,NCURRYPIKESR46W,TRAFFIC CONTROL SIGNAL
MONROE SD,BLOOMINGTON,9/11/2019,8:38 AM,2,0,0,0,0,,,,SR 46,N CURRY PIKE,,,,39.19369,-86.57139,STATE ROAD,N,URBAN,N,N,Y,LANE CLOSURE,DAYLIGHT,CLEAR,DRY,,FOUR-WAY INTERSECTION,STRAIGHT/LEVEL,ASPHALT,FOLLOWING TOO CLOSELY,REAR END,NCURRYPIKESR46W,TRAFFIC CONTROL SIGNAL
ISP BLOOMINGTON 33,BLOOMINGTON,9/11/2019,13:15 M,2,,0,0,0,,,,W GOURLEY,N KINSER PIKE,,53,E,39.18508556,-86.54141935,LOCAL/CITY ROAD,,URBAN,N,N,N,,DAYLIGHT,CLEAR,DRY,,T-INTERSECTION,,ASPHALT,LEFT OF CENTER,OPPOSITE DIRECTION SIDESWIPE,,
MONROE SD,BLOOMINGTON,9/11/2019,2:51 PM,2,0,1,0,0,,,,S KIRBY,SR 48,,,,39.16504,-86.610704,LOCAL/CITY ROAD,N,URBAN,N,N,N,,DAYLIGHT,CLEAR,DRY,,FOUR-WAY INTERSECTION,STRAIGHT/LEVEL,ASPHALT,FAILURE TO YIELD RIGHT OF WAY,RIGHT ANGLE,SKIRBYRDWSTATEROAD48RD,TRAFFIC CONTROL SIGNAL
BLOOMINGTON PD,BLOOMINGTON,9/11/2019,12:20 PM,3,0,0,0,0,,,,S WALNUT,W 1ST ST,,,,39.159344,-86.5336,LOCAL/CITY ROAD,N,URBAN,N,N,N,,DAYLIGHT,CLEAR,DRY,,NO JUNCTION INVOLVED,STRAIGHT/LEVEL,ASPHALT,BRAKE FAILURE OR DEFECTIVE,REAR END,1STSTSWALNUTST,TRAFFIC CONTROL SIGNAL
ISP BLOOMINGTON 33,BLOOMINGTON,9/11/2019,21:17 M,1,,0,0,0,,,,SR 37,,,0,S,39.02606514,-86.53447317,STATE ROAD,,RURAL,N,N,N,,DARK (NOT LIGHTED),CLOUDY,DRY,,NO JUNCTION INVOLVED,,ASPHALT,OTHER (ENVIRONMENTAL) - EXPLAIN IN NARR,COLLISION WITH OBJECT IN ROAD,,
ISP BLOOMINGTON 33,BLOOMINGTON,9/11/2019,18:30 M,1,,0,0,0,,,,SR 37,,,975,W,39.10676669,-86.55282444,STATE ROAD,,RURAL,N,N,Y,LANE CLOSURE,DAYLIGHT,CLEAR,DRY,,NO JUNCTION INVOLVED,,ASPHALT,,RAN OFF ROAD,,
MONROE SD,BLOOMINGTON,9/11/2019,4:30 PM,2,0,0,0,0,,,,SR 45,S STANFORD RD,,400,E,39.09058919,-86.66527284,STATE ROAD,N,RURAL,N,N,N,,DAYLIGHT,CLEAR,DRY,,NO JUNCTION INVOLVED,STRAIGHT/LEVEL,ASPHALT,FOLLOWING TOO CLOSELY,REAR END,SOUTHSTANFORDRDSR45W,NONE
MONROE SD,BLOOMINGTON,9/11/2019,10:17 AM,2,0,0,0,0,,,,SR 45,W ISON RD ,,200,W,39.12788,-86.60650267,STATE ROAD,N,RURAL,N,N,N,,DAYLIGHT,CLEAR,DRY,,NO JUNCTION INVOLVED,STRAIGHT/LEVEL,ASPHALT,FOLLOWING TOO CLOSELY,REAR END,SISONRDSR45W,NONE
BLOOMINGTON PD,BLOOMINGTON,9/12/2019,6:52 PM,2,0,1,0,0,2966,,,KINGSTON DR S,SR 46,,,,39.16424,-86.492944,LOCAL/CITY ROAD,N,URBAN,N,N,N,,DAWN/DUSK,CLEAR,DRY,,FOUR-WAY INTERSECTION,STRAIGHT/LEVEL,ASPHALT,FAILURE TO YIELD RIGHT OF WAY,RIGHT ANGLE,2966E3RDSTSOUTHKINGSTONST,STOP SIGN
BLOOMINGTON PD,BLOOMINGTON,9/12/2019,3:20 PM,3,0,5,0,0,,,,SR 45/46,N KINSER PIKE,,300,W,39.18659114,-86.53894503,LOCAL/CITY ROAD,N,URBAN,N,N,N,,DAYLIGHT,CLEAR,DRY,,NO JUNCTION INVOLVED,STRAIGHT/GRADE,ASPHALT,DRIVER DISTRACTED - EXPLAIN IN NARRATIVE,REAR END,NKINSERPKWYWSTATEROAD46HWY,NONE
INDIANA UNIV BLOOMINGTON PD,BLOOMINGTON,9/12/2019,5:50 PM,2,0,0,0,0,,,,E 3RD,S HIGHLAND AVE,,,,,,LOCAL/CITY ROAD,N,URBAN,N,N,N,,DAYLIGHT,CLEAR,DRY,,T-INTERSECTION,STRAIGHT/LEVEL,ASPHALT,UNSAFE LANE MOVEMENT,SAME DIRECTION SIDESWIPE,HIGHLANDAVETHIRDST,LANE CONTROL
BLOOMINGTON PD,BLOOMINGTON,9/12/2019,8:30 AM,2,0,0,0,0,,,,W OLD SR 37,N WALNUT ST,,200,E,39.20704,-86.534704,LOCAL/CITY ROAD,N,URBAN,N,N,N,,DAYLIGHT,CLEAR,DRY,,NO JUNCTION INVOLVED,STRAIGHT/GRADE,ASPHALT,IMPROPER TURNING,LEFT TURN,NOLDSR37RDWALNUTST,LANE CONTROL
MONROE SD,BLOOMINGTON,9/12/2019,12:40 AM,1,0,0,0,0,,,,S WALNUT,S ORCHARD LN,,300,S,0,0,LOCAL/CITY ROAD,N,RURAL,N,N,Y,WORK ON SHOULDER,DAYLIGHT,CLEAR,DRY,,NO JUNCTION INVOLVED,STRAIGHT/LEVEL,ASPHALT,DRIVER DISTRACTED - EXPLAIN IN NARRATIVE,RAN OFF ROAD,SOLDSTATEROD37RDSORCHARDLN,NONE
ELLETTSVILLE PD,ELLETTSVILLE,9/12/2019,2:40 PM,2,0,0,0,0,,,,EDGEWOOD,EDGEWOOD DR,,,,39.236288,-86.628336,UNKNOWN,N,RURAL,Y,N,N,,DAYLIGHT,CLEAR,DRY,,T-INTERSECTION,STRAIGHT/GRADE,ASPHALT,DRIVER DISTRACTED - EXPLAIN IN NARRATIVE,REAR END,EDGEWOODDREDGEWOODDR,NONE
BLOOMINGTON PD,BLOOMINGTON,9/12/2019,5:20 PM,2,0,0,0,0,,,,N COLLEGE,W 8TH ST,,,,39.169552,-86.534784,LOCAL/CITY ROAD,N,URBAN,N,N,N,,DAYLIGHT,CLEAR,DRY,,FOUR-WAY INTERSECTION,STRAIGHT/LEVEL,ASPHALT,IMPROPER TURNING,LEFT TURN,COLLEGEAVEW8THST,NONE
BLOOMINGTON PD,BLOOMINGTON,9/12/2019,9:30 PM,2,0,0,0,0,,,,N GRANT,E 16TH ST,,,,39.177776,-86.5296,LOCAL/CITY ROAD,N,URBAN,N,N,N,,DARK (NOT LIGHTED),CLEAR,DRY,,NO JUNCTION INVOLVED,STRAIGHT/LEVEL,ASPHALT,FAILURE TO YIELD RIGHT OF WAY,RIGHT ANGLE,16THSTGRANTST,STOP SIGN
ELLETTSVILLE PD,ELLETTSVILLE,9/12/2019,7:33 AM,2,0,2,0,0,4455,,,N HARTSTRAIT,S PARK ST,,1000,S,39.11600087,-86.61409,COUNTY ROAD,N,RURAL,N,N,N,,DAYLIGHT,CLEAR,DRY,,NO JUNCTION INVOLVED,CURVE/GRADE,ASPHALT,DRIVER DISTRACTED - EXPLAIN IN NARRATIVE,OPPOSITE DIRECTION SIDESWIPE,4455HARSTRAITRDPARKST,LANE CONTROL
MONROE SD,BLOOMINGTON,9/12/2019,6:44 AM,2,0,0,0,0,,,,N SR 37 BUSINESS,W BAYLES RD,,100,N,0,0,COUNTY ROAD,N,RURAL,N,N,N,,DAWN/DUSK,CLEAR,DRY,,NO JUNCTION INVOLVED,STRAIGHT/LEVEL,ASPHALT,FOLLOWING TOO CLOSELY,REAR END,EBAYLESRDNSTATEBUSINESS37RD,LANE CONTROL
INDIANA UNIV BLOOMINGTON PD,BLOOMINGTON,9/12/2019,5:36 PM,1,0,0,0,0,,,,S WOODLAWN,E 3RD ST,,,,,,LOCAL/CITY ROAD,N,URBAN,N,N,N,,DAYLIGHT,CLEAR,DRY,,T-INTERSECTION,STRAIGHT/LEVEL,ASPHALT,FAILURE TO YIELD RIGHT OF WAY,LEFT TURN,THIRDSTWOODLAWNAVE,TRAFFIC CONTROL SIGNAL
ISP BLOOMINGTON 33,BLOOMINGTON,9/12/2019,16:34 M,2,,1,0,0,,,,W BAYLES,N NORTHWOODS LN,,0,S,39.2155,-86.541983,COUNTY ROAD,,RURAL,N,N,N,,DAYLIGHT,CLEAR,DRY,,T-INTERSECTION,,ASPHALT,FAILURE TO YIELD RIGHT OF WAY,HEAD ON BETWEEN TWO MOTOR VEHICLES,,
MONROE SD,BLOOMINGTON,9/12/2019,4:00 PM,1,0,1,0,0,,,,W COUNTRY CLUB,PRIVATE DRIVE INTO WALNUT PARK SHOPPING CENTER,,200,W,0,0,LOCAL/CITY ROAD,N,URBAN,N,N,N,,DAYLIGHT,CLEAR,DRY,,FOUR-WAY INTERSECTION,STRAIGHT/GRADE,ASPHALT,FAILURE TO YIELD RIGHT OF WAY,RIGHT ANGLE,COUNTRYCLUBDRSWALNUTST,NONE
BLOOMINGTON PD,BLOOMINGTON,9/13/2019,9:21 PM,3,0,0,0,0,,,,SR 46,E 10TH ST,,300,S,39.17088014,-86.50171207,STATE ROAD,N,URBAN,N,N,N,,DARK (LIGHTED),CLEAR,DRY,,NO JUNCTION INVOLVED,STRAIGHT/GRADE,ASPHALT,FOLLOWING TOO CLOSELY,REAR END,E10THSTSR46N,NONE
BLOOMINGTON PD,BLOOMINGTON,9/13/2019,3:29 PM,2,1,0,0,0,,,,S COLLEGE MALL,E 3RD ST,,,,39.16464,-86.534816,LOCAL/CITY ROAD,N,URBAN,N,N,N,,DAYLIGHT,CLEAR,DRY,,FOUR-WAY INTERSECTION,STRAIGHT/LEVEL,ASPHALT,UNSAFE LANE MOVEMENT,LEFT/RIGHT TURN,COLLEGEMALLE3RDST,TRAFFIC CONTROL SIGNAL
MONROE SD,BLOOMINGTON,9/13/2019,11:50 AM,2,0,0,0,0,,,,SR 45,S CURRY PIKE,,500,W,39.14145928,-86.58418054,STATE ROAD,N,RURAL,N,N,N,,DAYLIGHT,CLEAR,DRY,,NO JUNCTION INVOLVED,STRAIGHT/LEVEL,ASPHALT,OTHER (VEHICLE) - EXPLAIN IN NARRATIVE,OTHER - EXPLAIN IN NARRATIVE,SCURRYPIKESR45W,NO PASSING ZONE
BLOOMINGTON PD,BLOOMINGTON,9/13/2019,11:17 AM,2,0,0,0,0,,,,W 3RD,S WALNUT ST,,,,39.16464,-86.5336,LOCAL/CITY ROAD,N,URBAN,N,N,Y,LANE CLOSURE,DAYLIGHT,CLEAR,DRY,,FOUR-WAY INTERSECTION,STRAIGHT/LEVEL,ASPHALT,FAILURE TO YIELD RIGHT OF WAY,RIGHT ANGLE,SWALNUTSTW3RDST,NONE
MONROE SD,BLOOMINGTON,9/13/2019,9:00 PM,2,0,0,0,0,,,,N CURRY,W VERNAL PIKE,,100,S,39.179248,-86.5832,COUNTY ROAD,Y,RURAL,N,N,N,,DARK (LIGHTED),CLEAR,DRY,,FOUR-WAY INTERSECTION,STRAIGHT/LEVEL,ASPHALT,FOLLOWING TOO CLOSELY,REAR END,NCURRYPIKEWVERNALPIKE,NONE
BLOOMINGTON PD,BLOOMINGTON,9/13/2019,5:50 PM,2,0,0,0,0,,,,E 3RD,S WOODSCREST DR,,200,W,39.164272,-86.502416,LOCAL/CITY ROAD,N,URBAN,N,N,N,,DAYLIGHT,CLEAR,DRY,,FOUR-WAY INTERSECTION,STRAIGHT/GRADE,ASPHALT,FOLLOWING TOO CLOSELY,REAR END,E3RDSTSWOODCRESTDR,NONE
BLOOMINGTON PD,BLOOMINGTON,9/13/2019,7:10 PM,3,1,2,0,0,,,,SR 46,E 7TH ST,,50,W,0,0,STATE ROAD,N,URBAN,N,N,N,,DAYLIGHT,CLEAR,DRY,,NO JUNCTION INVOLVED,STRAIGHT/GRADE,ASPHALT,DRIVER DISTRACTED - EXPLAIN IN NARRATIVE,REAR END,E7THSTSR46S,NONE
INDIANA UNIV BLOOMINGTON PD,BLOOMINGTON,9/13/2019,5:55 PM,2,0,1,0,0,,,,SR 46,E EASTGATE LN,,165,S,39.16981768,-86.50118083,STATE ROAD,N,URBAN,N,N,N,,DAYLIGHT,CLEAR,DRY,,NO JUNCTION INVOLVED,STRAIGHT/LEVEL,ASPHALT,FOLLOWING TOO CLOSELY,REAR END,EEASTGATELNSR46N,NONE
BLOOMINGTON PD,BLOOMINGTON,9/13/2019,11:04 AM,2,0,0,0,0,,,,S BASSWOOD,W BLOOMFIELD RD,,,,0,0,LOCAL/CITY ROAD,N,URBAN,N,N,N,,DAYLIGHT,CLEAR,DRY,,FOUR-WAY INTERSECTION,STRAIGHT/GRADE,ASPHALT,FOLLOWING TOO CLOSELY,REAR END,BASSWOODDRWBLOOMFIELDRD,TRAFFIC CONTROL SIGNAL
BLOOMINGTON PD,BLOOMINGTON,9/13/2019,9:50 AM,2,0,0,0,0,,,,E 10TH,N DUNN ST,,,,39.17168,-86.528256,LOCAL/CITY ROAD,N,URBAN,N,N,N,,DAYLIGHT,CLEAR,DRY,,FOUR-WAY INTERSECTION,STRAIGHT/GRADE,ASPHALT,FOLLOWING TOO CLOSELY,REAR END,10STDUNNST,NONE
INDIANA UNIV BLOOMINGTON PD,BLOOMINGTON,9/13/2019,10:07 PM,2,0,0,0,0,,,,E 10TH,N PARK LN,,,,,,LOCAL/CITY ROAD,N,URBAN,N,N,N,,DARK (NOT LIGHTED),CLEAR,DRY,,NO JUNCTION INVOLVED,STRAIGHT/LEVEL,ASPHALT,FOLLOWING TOO CLOSELY,REAR END,PARKAVETENTHST,NONE
INDIANA UNIV BLOOMINGTON PD,BLOOMINGTON,9/13/2019,2:43 PM,2,0,0,0,0,,,,E ATWATER,S HIGHLAND AVE,,,,,,LOCAL/CITY ROAD,N,URBAN,N,N,N,,DAYLIGHT,CLEAR,DRY,,FOUR-WAY INTERSECTION,STRAIGHT/GRADE,ASPHALT,FAILURE TO YIELD RIGHT OF WAY,RIGHT ANGLE,ATWATERAVEHIGHLANDAVE,STOP SIGN
MONROE SD,BLOOMINGTON,9/13/2019,4:30 PM,1,0,3,0,0,,,,S HARMONY,,,2500,W,,,COUNTY ROAD,N,RURAL,N,N,N,,DAYLIGHT,CLEAR,DRY,,NO JUNCTION INVOLVED,CURVE/LEVEL,ASPHALT,UNSAFE SPEED,RAN OFF ROAD,HARMONYRDVICTORPIKE,NONE
MONROE SD,BLOOMINGTON,9/13/2019,7:43 AM,3,0,1,0,0,,,,S ROGERS,W WALLS DR,,,,39.134352,-86.538192,COUNTY ROAD,N,URBAN,N,N,N,,DAYLIGHT,CLEAR,DRY,,T-INTERSECTION,STRAIGHT/GRADE,ASPHALT,FOLLOWING TOO CLOSELY,REAR END,EASTWALLSDRSOUTHROGERSST,NONE
BLOOMINGTON PD,BLOOMINGTON,9/13/2019,6:26 PM,2,0,0,0,0,1965,,,S WALNUT,,,,,39.18300299,-86.53407644,UNKNOWN,N,URBAN,N,N,N,,DAYLIGHT,CLEAR,DRY,,NO JUNCTION INVOLVED,STRAIGHT/LEVEL,ASPHALT,UNSAFE BACKING,BACKING CRASH,SWALNUTST,NONE
BLOOMINGTON PD,BLOOMINGTON,9/14/2019,4:00 PM,2,0,1,0,0,,,,SR 46,E 3RD ST,,50,N,39.16428199,-86.47346396,STATE ROAD,N,URBAN,N,N,N,,DAYLIGHT,CLEAR,DRY,,NO JUNCTION INVOLVED,STRAIGHT/LEVEL,ASPHALT,FOLLOWING TOO CLOSELY,REAR END,E3RDSTSR46S,NONE