Agency,City,Collision Date,Collision Time,Vehicles Involved,Trailers Involved,Number Injured,Number Dead,Number Deer,House Number,Roadway Interchange,Roadway Ramp,Roadway Id,Intersecting Road,Interchange,Feet From,Direction,Latitude,Longitude,Roadway Class,Hit and Run?,Locality,School Zone?,Rumble Strips?,Construction?,Construction Type,Light Condition,Weather Conditions,Surface Condition,Type of Median,Roadway Junction Type,Road Character,Roadway Surface,Primary Factor,Manner of Collision,Unique Location Id,Traffic Control
ISP BLOOMINGTON 33,BLOOMINGTON,9/14/2019,08:05 M,3,,0,0,0,,,,S GATES,SR 48,,10,E,39.16459217,-86.57615301,STATE ROAD,,URBAN,N,N,N,,DAYLIGHT,CLEAR,DRY,,FOUR-WAY INTERSECTION,,ASPHALT,DISREGARD SIGNAL/REG SIGN,SAME DIRECTION SIDESWIPE,,
INDIANA UNIV BLOOMINGTON PD,BLOOMINGTON,9/14/2019,1:05 PM,2,0,0,0,0,,,,N JORDAN,E 17TH ST,,635,N,39.18059206,-86.511088,LOCAL/CITY ROAD,Y,URBAN,N,N,N,,DAYLIGHT,CLEAR,DRY,,NO JUNCTION INVOLVED,CURVE/LEVEL,ASPHALT,IMPROPER LANE USAGE,HEAD ON BETWEEN TWO MOTOR VEHICLES,EAST17THSTNJORDANAVE,NONE
BLOOMINGTON PD,BLOOMINGTON,9/14/2019,12:11 PM,2,0,1,0,0,,,,N COLLEGE,W 9TH ST,,,,39.170544,-86.534768,LOCAL/CITY ROAD,N,URBAN,N,N,N,,DAYLIGHT,CLEAR,DRY,,NO JUNCTION INVOLVED,STRAIGHT/LEVEL,ASPHALT,FAILURE TO YIELD RIGHT OF WAY,SAME DIRECTION SIDESWIPE,9THSTCOLLEGEAVE,NONE
INDIANA UNIV BLOOMINGTON PD,BLOOMINGTON,9/14/2019,4:42 PM,2,0,0,0,0,,,,E 3RD,S HIGHLAND AVE,,,,,,LOCAL/CITY ROAD,N,URBAN,N,N,N,,DAYLIGHT,CLEAR,DRY,,T-INTERSECTION,STRAIGHT/LEVEL,ASPHALT,UNSAFE LANE MOVEMENT,SAME DIRECTION SIDESWIPE,HIGHLANDAVETHIRDST,LANE CONTROL
BLOOMINGTON PD,BLOOMINGTON,9/14/2019,5:45 PM,1,0,1,0,0,,,,SR 45,N SMITH RD,,,,39.172752,-86.482288,LOCAL/CITY ROAD,N,URBAN,N,N,N,,DAYLIGHT,CLEAR,DRY,,T-INTERSECTION,CURVE/HILLCREST,ASPHALT,OVERCORRECTING/OVERSTEERING,OTHER - EXPLAIN IN NARRATIVE,EAST10THSTNORTHSMITHRD,NONE
BLOOMINGTON PD,BLOOMINGTON,9/14/2019,10:20 AM,3,0,0,0,0,,,,SR 45/46,N MONROE ST,,100,E,,,LOCAL/CITY ROAD,N,RURAL,N,N,N,,DAYLIGHT,CLEAR,DRY,,NO JUNCTION INVOLVED,STRAIGHT/GRADE,ASPHALT,FOLLOWING TOO CLOSELY,REAR END,4546BYPMONROEST,NONE
BLOOMINGTON PD,BLOOMINGTON,9/14/2019,10:07 AM,2,0,0,0,0,,,,SR 45/46,N MONROE ST,,,,39.186944,-86.5468,STATE ROAD,N,URBAN,N,N,Y,WORK ON SHOULDER,DAYLIGHT,CLEAR,DRY,,FOUR-WAY INTERSECTION,STRAIGHT/LEVEL,ASPHALT,FOLLOWING TOO CLOSELY,REAR END,NMONROESTSR46W,LANE CONTROL
MONROE SD,BLOOMINGTON,9/14/2019,4:29 PM,2,0,0,0,0,,,,SR 37,W DILLMAN RD,,,,39.092976,-86.545648,STATE ROAD,N,RURAL,N,N,N,,DAYLIGHT,CLEAR,DRY,,FOUR-WAY INTERSECTION,STRAIGHT/LEVEL,ASPHALT,FAILURE TO YIELD RIGHT OF WAY,RIGHT ANGLE,SR37SWDILLMANRD,FLASHING OVERHEAD BEACON
MONROE SD,BLOOMINGTON,9/14/2019,6:09 AM,1,0,0,0,0,700,,,E SAMPLE,W OLD SR 37,,2100,W,39.25864,-86.5012,LOCAL/CITY ROAD,N,RURAL,N,N,N,,DARK (NOT LIGHTED),CLEAR,DRY,,NO JUNCTION INVOLVED,CURVE/GRADE,ASPHALT,ANIMAL/OBJECT IN ROADWAY,COLLISION WITH OBJECT IN ROAD,700ESAMPLERDOLDSR37RD,LANE CONTROL
MONROE SD,BLOOMINGTON,9/14/2019,5:03 PM,1,0,0,0,0,,,,SR 37,S ZIKES RD,,1500,N,39.20756011,-86.54102,STATE ROAD,N,RURAL,N,N,N,,DAYLIGHT,CLEAR,DRY,DRIVABLE,NO JUNCTION INVOLVED,STRAIGHT/LEVEL,ASPHALT,RAN OFF ROAD RIGHT,RAN OFF ROAD,SZIKESRDSR37S,LANE CONTROL
BLOOMINGTON PD,BLOOMINGTON,9/14/2019,3:01 AM,2,0,0,0,0,,,,N CLARK,E 7TH ST,,,,39.168224,-86.504832,LOCAL/CITY ROAD,Y,URBAN,N,Y,N,,DARK (NOT LIGHTED),CLEAR,DRY,,FOUR-WAY INTERSECTION,STRAIGHT/LEVEL,ASPHALT,UNSAFE BACKING,BACKING CRASH,E7THSTNCLARKST,NONE
BLOOMINGTON PD,BLOOMINGTON,9/14/2019,11:56 AM,2,0,0,0,0,800,,,N COLLEGE,W 14TH ST,,500,S,39.17461081,-86.534752,LOCAL/CITY ROAD,N,URBAN,N,N,N,,DAYLIGHT,CLEAR,DRY,,NO JUNCTION INVOLVED,STRAIGHT/LEVEL,ASPHALT,IMPROPER TURNING,LEFT TURN,14THST800BLKNCOLLEGEAVE,LANE CONTROL
ELLETTSVILLE PD,ELLETTSVILLE,9/14/2019,12:40 AM,4,0,0,0,0,,,,N HARTSTRAIT,CAMPBELLS PARK,,3500,N,39.59701882,-86.61633,COUNTY ROAD,N,URBAN,N,N,N,,DAYLIGHT,CLEAR,DRY,,NO JUNCTION INVOLVED,CURVE/GRADE,ASPHALT,FOLLOWING TOO CLOSELY,REAR END,CAMPBELLSPARKDRHARTSTRAITRD,LANE CONTROL
BLOOMINGTON PD,BLOOMINGTON,9/14/2019,3:47 PM,2,0,0,0,0,,,,N INDIANA,E 9TH ST,,,,39.170544,-86.526992,LOCAL/CITY ROAD,N,URBAN,N,N,N,,DAYLIGHT,CLEAR,DRY,,FOUR-WAY INTERSECTION,STRAIGHT/LEVEL,ASPHALT,FAILURE TO YIELD RIGHT OF WAY,RIGHT ANGLE,E9THSTNINDIANAAVE,STOP SIGN
BLOOMINGTON PD,BLOOMINGTON,9/14/2019,4:35 PM,2,0,1,0,0,,,,SR 45/46,ENTRANCE TO IU PARKING LOT 10 ,,500,E,39.186352,-86.528496,STATE ROAD,N,URBAN,N,N,N,,DAYLIGHT,CLEAR,DRY,,NO JUNCTION INVOLVED,STRAIGHT/LEVEL,ASPHALT,FAILURE TO YIELD RIGHT OF WAY,RIGHT ANGLE,NDUNNSTSR4546E,NONE
BLOOMINGTON PD,BLOOMINGTON,9/14/2019,5:30 AM,1,0,0,0,1,,,,W TAPP,S ADAMS ST,,100,W,,,LOCAL/CITY ROAD,N,URBAN,N,N,N,,DARK (NOT LIGHTED),CLEAR,DRY,,NO JUNCTION INVOLVED,STRAIGHT/GRADE,ASPHALT,ANIMAL/OBJECT IN ROADWAY,COLLISION WITH DEER,ADAMSRDTAPPRD,NONE
BLOOMINGTON PD,BLOOMINGTON,9/15/2019,10:49 AM,3,0,3,0,0,,,,SR 48,S CURRY PIKE,,,,0,0,LOCAL/CITY ROAD,N,URBAN,N,N,N,,DAYLIGHT,CLEAR,DRY,,FOUR-WAY INTERSECTION,STRAIGHT/LEVEL,ASPHALT,FAILURE TO YIELD RIGHT OF WAY,LEFT TURN,SCURRYPIKEW3RDST,TRAFFIC CONTROL SIGNAL
BLOOMINGTON PD,BLOOMINGTON,9/15/2019,5:34 PM,2,0,0,0,0,411,,,ALLEY,ALLEY,,,,39.16470563,-86.53742825,UNKNOWN,Y,URBAN,N,N,N,,DAYLIGHT,CLEAR,DRY,,NO JUNCTION INVOLVED,STRAIGHT/GRADE,ASPHALT,FAILURE TO YIELD RIGHT OF WAY,RIGHT ANGLE,W3RDST,NONE
MONROE SD,BLOOMINGTON,9/15/2019,8:29 AM,1,0,0,0,1,,,,N WAYPORT,N TURNER DR,,500,N,0,0,LOCAL/CITY ROAD,N,RURAL,N,N,N,,DAYLIGHT,CLEAR,DRY,,NO JUNCTION INVOLVED,CURVE/GRADE,ASPHALT,ANIMAL/OBJECT IN ROADWAY,COLLISION WITH DEER,NTURNERDRNWAYPORTRD,LANE CONTROL
INDIANA UNIV BLOOMINGTON PD,BLOOMINGTON,9/16/2019,8:46 AM,2,1,0,0,0,,,,SR 45/46,E 10TH ST,,,,39.176848,-86.478192,STATE ROAD,N,URBAN,N,N,N,,DAYLIGHT,CLEAR,DRY,,FOUR-WAY INTERSECTION,STRAIGHT/LEVEL,ASPHALT,FOLLOWING TOO CLOSELY,REAR END,10THSTSR45S,TRAFFIC CONTROL SIGNAL
INDIANA UNIV BLOOMINGTON PD,BLOOMINGTON,9/16/2019,7:50 PM,2,0,0,0,0,,,,SR 45/46,E 17TH ST,,209,N,39.18022946,-86.50762982,STATE ROAD,N,URBAN,N,Y,N,,DAYLIGHT,CLEAR,DRY,,T-INTERSECTION,STRAIGHT/LEVEL,ASPHALT,UNSAFE LANE MOVEMENT,REAR END,EAST17THSTSR46,TRAFFIC CONTROL SIGNAL
MONROE SD,BLOOMINGTON,9/16/2019,10:01 AM,2,0,0,0,0,,,,SR 37,S OLD SR 37,,,,39.085632,-86.542304,STATE ROAD,N,RURAL,N,Y,N,,DAYLIGHT,CLEAR,DRY,,FOUR-WAY INTERSECTION,STRAIGHT/LEVEL,ASPHALT,DISREGARD SIGNAL/REG SIGN,OTHER - EXPLAIN IN NARRATIVE,SOUTHOLDSTATEROAD37RDSR37S,TRAFFIC CONTROL SIGNAL
BLOOMINGTON PD,BLOOMINGTON,9/16/2019,8:55 PM,3,0,0,0,0,,,,SR 46,E 7TH ST,,,,39.167648,-86.500096,LOCAL/CITY ROAD,N,URBAN,N,N,N,,DARK (LIGHTED),CLEAR,DRY,,T-INTERSECTION,STRAIGHT/LEVEL,ASPHALT,FOLLOWING TOO CLOSELY,REAR END,E7THSTESTATEROAD46HWY,NONE
MONROE SD,BLOOMINGTON,9/16/2019,4:42 AM,1,0,1,0,0,,,,SR 48,W VERNAL PIKE,,3200,W,0,0,STATE ROAD,N,RURAL,N,N,N,,DARK (NOT LIGHTED),CLEAR,WET,,NO JUNCTION INVOLVED,CURVE/GRADE,ASPHALT,SPEED TOO FAST FOR WEATHER CONDITIONS,RAN OFF ROAD,SR48WWESTVERNALPIKE,NONE
BLOOMINGTON PD,BLOOMINGTON,9/16/2019,10:43 AM,2,0,0,0,0,,,,E 4TH,S INDIANA AVE,,50,W,39.165648,-86.526848,LOCAL/CITY ROAD,N,URBAN,N,N,N,,DAYLIGHT,CLEAR,DRY,,NO JUNCTION INVOLVED,STRAIGHT/LEVEL,ASPHALT,FAILURE TO YIELD RIGHT OF WAY,SAME DIRECTION SIDESWIPE,E4THSTSINDIANAAVE,NONE
INDIANA UNIV BLOOMINGTON PD,BLOOMINGTON,9/16/2019,3:03 AM,2,0,0,0,0,,,,E 7TH,N CAMPBELL ST,,,,0,0,,Y,URBAN,N,N,N,,DARK (LIGHTED),CLEAR,DRY,,NO JUNCTION INVOLVED,CURVE/LEVEL,ASPHALT,OTHER (VEHICLE) - EXPLAIN IN NARRATIVE,SAME DIRECTION SIDESWIPE,E7THSTNCAMPBELLST,NONE
MONROE SD,BLOOMINGTON,9/16/2019,8:46 AM,1,0,0,0,0,3078,,,E MATTATHA,,,,,0,0,COUNTY ROAD,N,RURAL,N,N,N,,DAYLIGHT,CLEAR,DRY,,NO JUNCTION INVOLVED,STRAIGHT/LEVEL,ASPHALT,RAN OFF ROAD RIGHT,RAN OFF ROAD,EMATTATHADR,NONE
BLOOMINGTON PD,BLOOMINGTON,9/16/2019,9:00 AM,2,0,0,0,0,,,,E WYLIE,S WASHINGTON ST,,60,E,39.158448,-86.53218833,,Y,RURAL,N,N,N,,UNKNOWN,CLEAR,DRY,,NO JUNCTION INVOLVED,STRAIGHT/GRADE,ASPHALT,UNSAFE LANE MOVEMENT,OPPOSITE DIRECTION SIDESWIPE,WASHINGTONSTWYLIEST,NONE
INDIANA UNIV BLOOMINGTON PD,BLOOMINGTON,9/16/2019,1:30 PM,2,0,0,0,0,,,,N FISHER,N JORDAN AVE,,,,0,0,LOCAL/CITY ROAD,N,URBAN,N,N,N,,DAYLIGHT,CLEAR,DRY,,NO JUNCTION INVOLVED,STRAIGHT/LEVEL,ASPHALT,UNSAFE BACKING,SAME DIRECTION SIDESWIPE,NFISHERCTNJORDANAVE,NONE
ELLETTSVILLE PD,ELLETTSVILLE,9/16/2019,3:00 PM,1,0,0,0,0,,,,N HARTSTRAIT,S PARK ST,,,,0,0,LOCAL/CITY ROAD,N,URBAN,N,N,N,,DAYLIGHT,CLEAR,DRY,,Y-INTERSECTION,STRAIGHT/LEVEL,ASPHALT,RAN OFF ROAD RIGHT,RAN OFF ROAD,NORTHCAMPBELLSPARKRDNORTHHARTSTRAIGHTRD,STOP SIGN
MONROE SD,BLOOMINGTON,9/16/2019,12:15 AM,2,0,0,0,0,,,,S CRAMER,W ROCKCREST DR,,120,N,0,0,LOCAL/CITY ROAD,Y,RURAL,N,N,N,,DARK (LIGHTED),CLEAR,DRY,,NO JUNCTION INVOLVED,STRAIGHT/LEVEL,ASPHALT,RAN OFF ROAD RIGHT,RAN OFF ROAD,ROCKCRESTDRSOUTHCRAMERCIRCLECIR,NONE
BLOOMINGTON PD,BLOOMINGTON,9/16/2019,12:51 PM,2,1,0,0,0,,,,S GRANT,W 4TH ST,,,,39.165648,-86.529712,LOCAL/CITY ROAD,N,URBAN,N,N,N,,DAYLIGHT,CLEAR,DRY,,FOUR-WAY INTERSECTION,STRAIGHT/LEVEL,ASPHALT,IMPROPER PASSING,SAME DIRECTION SIDESWIPE,SGRANTSTW4THST,NONE
BLOOMINGTON PD,BLOOMINGTON,9/17/2019,3:25 PM,1,0,1,0,0,,,,W 2ND,S PATTERSON DR,,,,0,0,LOCAL/CITY ROAD,N,URBAN,N,N,N,,DAYLIGHT,CLEAR,DRY,,FOUR-WAY INTERSECTION,STRAIGHT/LEVEL,CONCRETE,FAILURE TO YIELD RIGHT OF WAY,RIGHT TURN,SPATTERSONDRW2NDST,TRAFFIC CONTROL SIGNAL
MONROE SD,BLOOMINGTON,9/17/2019,12:59 PM,1,0,0,0,0,,,,N LOW GAP,,,5280,N,39.29357037,-86.40061201,LOCAL/CITY ROAD,N,RURAL,N,N,N,,DAYLIGHT,CLEAR,DRY,,NO JUNCTION INVOLVED,CURVE/LEVEL,ASPHALT,RAN OFF ROAD RIGHT,RAN OFF ROAD,ANDERSONRDLOWGAPRD,LANE CONTROL
ELLETTSVILLE PD,ELLETTSVILLE,9/17/2019,3:48 PM,2,0,0,0,0,,,,S TURTLEBACK CREEK,S PARK ST,,300,N,0,0,LOCAL/CITY ROAD,N,URBAN,N,N,N,,DAYLIGHT,CLEAR,DRY,,NO JUNCTION INVOLVED,STRAIGHT/GRADE,ASPHALT,VIEW OBSTRUCTED,BACKING CRASH,SOUTHPARKSTSOUTHTURTLEBACKCREEKRD,NONE
BLOOMINGTON PD,BLOOMINGTON,9/17/2019,5:10 PM,2,0,0,0,0,,,,S WALNUT,E RIDGEVIEW DR,,,,39.13197,-86.53144,LOCAL/CITY ROAD,N,URBAN,N,N,N,,DAYLIGHT,CLEAR,DRY,,FOUR-WAY INTERSECTION,STRAIGHT/HILLCREST,ASPHALT,FAILURE TO YIELD RIGHT OF WAY,RAN OFF ROAD,ERIDGEVIEWDRSWALNUTST,NONE
ELLETTSVILLE PD,ELLETTSVILLE,9/17/2019,8:17 AM,2,0,0,0,0,,,,SR 46,ENWRIGHT DR,,,,,,STATE ROAD,N,URBAN,N,N,N,,DAYLIGHT,CLEAR,DRY,,NO JUNCTION INVOLVED,CURVE/LEVEL,ASPHALT,FOLLOWING TOO CLOSELY,REAR END,ENWRIGHTDRSR46W,NONE
INDIANA UNIV BLOOMINGTON PD,BLOOMINGTON,9/18/2019,11:21 AM,2,0,0,0,0,,,,E 3RD,S JORDAN AVE,,117,W,,,LOCAL/CITY ROAD,N,URBAN,N,N,N,,DAYLIGHT,CLEAR,DRY,,NO JUNCTION INVOLVED,STRAIGHT/LEVEL,ASPHALT,UNSAFE LANE MOVEMENT,SAME DIRECTION SIDESWIPE,JORDANAVETHIRDST,LANE CONTROL
MONROE SD,BLOOMINGTON,9/18/2019,9:04 PM,2,0,0,0,0,,,,SR 45,W AIRPORT RD,,,,39.136848,-86.593792,STATE ROAD,N,RURAL,N,N,N,,DARK (NOT LIGHTED),CLEAR,DRY,,T-INTERSECTION,STRAIGHT/GRADE,ASPHALT,FOLLOWING TOO CLOSELY,REAR END,AIRPORTRDSR45W,TRAFFIC CONTROL SIGNAL
BLOOMINGTON PD,BLOOMINGTON,9/18/2019,6:00 PM,2,0,0,0,0,,,,W COUNTRY CLUB,S MADISON ST,,,,0,0,LOCAL/CITY ROAD,N,URBAN,N,N,N,,DAYLIGHT,CLEAR,DRY,,T-INTERSECTION,STRAIGHT/LEVEL,CONCRETE,FAILURE TO YIELD RIGHT OF WAY,LEFT TURN,SOUTHMADISONSTWESTCOUNTRYCLUBDR,NONE
INDIANA UNIV BLOOMINGTON PD,BLOOMINGTON,9/18/2019,12:00 PM,2,0,0,0,0,1051,,,E 17TH,,,,,39.17895463,-86.52073632,UNKNOWN,Y,URBAN,N,N,N,,DAYLIGHT,CLEAR,DRY,,NO JUNCTION INVOLVED,STRAIGHT/LEVEL,ASPHALT,OTHER (DRIVER) - EXPLAIN IN NARRATIVE,OTHER - EXPLAIN IN NARRATIVE,E17THST,NONE
BLOOMINGTON PD,BLOOMINGTON,9/18/2019,8:35 AM,2,0,0,0,0,,,,E UNIVERSITY,S HENDERSON ST,,,,39.159855,-86.52716498,,Y,,N,N,N,,DAYLIGHT,CLEAR,DRY,,FOUR-WAY INTERSECTION,STRAIGHT/LEVEL,ASPHALT,DISREGARD SIGNAL/REG SIGN,RIGHT ANGLE,EUNIVERSITYSTSHENDERSONST,STOP SIGN
ISP BLOOMINGTON 33,BLOOMINGTON,9/18/2019,21:03 M,3,,1,0,0,,,,I-69 S,,,0,S,39.07183837,-86.62467275,INTERSTATE,,RURAL,N,N,N,,DARK (NOT LIGHTED),CLEAR,DRY,,NO JUNCTION INVOLVED,,ASPHALT,OTHER (DRIVER) - EXPLAIN IN NARRATIVE,OTHER - EXPLAIN IN NARRATIVE,,
ISP BLOOMINGTON 33,BLOOMINGTON,9/18/2019,21:01 M,1,,1,0,0,,,,I-69 S,,,581,E,39.07200083,-86.62645775,INTERSTATE,,RURAL,N,N,N,,DARK (NOT LIGHTED),CLEAR,DRY,,NO JUNCTION INVOLVED,,ASPHALT,,RAN OFF ROAD,,
MONROE SD,BLOOMINGTON,9/18/2019,6:09 AM,1,0,0,0,0,,,,N FRONTAGE W,W SIMPSON CHAPEL RD,,,,39.27243958,-86.54356948,LOCAL/CITY ROAD,N,RURAL,N,N,N,,DARK (NOT LIGHTED),CLEAR,DRY,,NO JUNCTION INVOLVED,CURVE/LEVEL,ASPHALT,RAN OFF ROAD RIGHT,RAN OFF ROAD,BURMARDSIMPSONCHAPELRD,NONE
BLOOMINGTON PD,BLOOMINGTON,9/18/2019,4:22 PM,2,0,0,0,0,,,,N WASHINGTON,E 7TH ST,,,,39.16864,-86.5324,LOCAL/CITY ROAD,N,URBAN,N,N,N,,DAYLIGHT,CLEAR,DRY,,FOUR-WAY INTERSECTION,STRAIGHT/LEVEL,ASPHALT,DISREGARD SIGNAL/REG SIGN,OTHER - EXPLAIN IN NARRATIVE,E7THSTNWASHINGTONST,STOP SIGN
BLOOMINGTON PD,BLOOMINGTON,9/18/2019,6:30 PM,2,0,0,0,0,,,,S DUNN,E 4TH ST,,,,39.165648,-86.528144,LOCAL/CITY ROAD,Y,URBAN,N,N,N,,DAYLIGHT,CLEAR,DRY,,FOUR-WAY INTERSECTION,STRAIGHT/LEVEL,ASPHALT,OTHER (DRIVER) - EXPLAIN IN NARRATIVE,BACKING CRASH,E4THSTSDUNNST,STOP SIGN
BLOOMINGTON PD,BLOOMINGTON,9/18/2019,9:00 PM,2,0,1,0,0,,,,S LEONARD SPRINGS,W WOODHAVEN DR,,,,39.128368,-86.58256,LOCAL/CITY ROAD,N,URBAN,N,N,N,,DARK (NOT LIGHTED),CLEAR,DRY,,NO JUNCTION INVOLVED,STRAIGHT/LEVEL,ASPHALT,FAILURE TO YIELD RIGHT OF WAY,RIGHT ANGLE,LEONARDSPRINGSRDWOODHAVENDR,STOP SIGN
INDIANA UNIV BLOOMINGTON PD,BLOOMINGTON,9/19/2019,7:15 PM,2,0,0,0,0,,,,SR 45,SR 45/46,,,,,,LOCAL/CITY ROAD,N,URBAN,N,N,N,,DAYLIGHT,CLEAR,DRY,,FOUR-WAY INTERSECTION,STRAIGHT/LEVEL,ASPHALT,FOLLOWING TOO CLOSELY,REAR END,SR45SR46,TRAFFIC CONTROL SIGNAL
BLOOMINGTON PD,BLOOMINGTON,9/19/2019,7:35 AM,2,0,1,0,0,,,,W 17TH,N KINSER PIKE,,,,39.178992,-86.537792,LOCAL/CITY ROAD,N,URBAN,N,N,N,,DAYLIGHT,CLEAR,DRY,,NO JUNCTION INVOLVED,STRAIGHT/GRADE,ASPHALT,UNSAFE LANE MOVEMENT,LEFT TURN,KINSERPKWYW17THST,NONE
BLOOMINGTON PD,BLOOMINGTON,9/19/2019,7:00 PM,2,0,0,0,0,,,,E 3RD,S OVERHILL DR,,50,E,39.164272,-86.501488,LOCAL/CITY ROAD,N,URBAN,N,N,N,,DAYLIGHT,CLEAR,DRY,,NO JUNCTION INVOLVED,STRAIGHT/GRADE,ASPHALT,FOLLOWING TOO CLOSELY,REAR END,E3RDSTSOVERHILLDR,NONE
MONROE SD,BLOOMINGTON,9/19/2019,5:43 PM,2,0,0,0,0,,,,SR 46,N CURRY PIKE,,,,39.142048,-86.582592,STATE ROAD,N,URBAN,N,Y,Y,X-OVER/LANE SHIFT,DAYLIGHT,CLEAR,DRY,DRIVABLE,FOUR-WAY INTERSECTION,STRAIGHT/LEVEL,ASPHALT,DRIVER DISTRACTED - EXPLAIN IN NARRATIVE,REAR END,NCURRYPIKESR46W,LANE CONTROL
BLOOMINGTON PD,BLOOMINGTON,9/19/2019,9:11 AM,2,0,0,0,0,,,,W COUNTRY CLUB,S MADISON ST,,,,39.136048,-86.536992,LOCAL/CITY ROAD,N,URBAN,N,N,N,,DAYLIGHT,CLEAR,DRY,,T-INTERSECTION,STRAIGHT/GRADE,ASPHALT,FOLLOWING TOO CLOSELY,REAR END,COUNTRYCLUBDRMADISONST,LANE CONTROL
INDIANA UNIV BLOOMINGTON PD,BLOOMINGTON,9/19/2019,9:15 AM,2,0,0,0,0,,,,E 7TH,N FORREST AVE,,50,S,39.16318226,-86.52109,LOCAL/CITY ROAD,N,URBAN,N,N,N,,DAYLIGHT,CLEAR,DRY,,T-INTERSECTION,STRAIGHT/LEVEL,ASPHALT,IMPROPER PASSING,RIGHT ANGLE,E7THSTNFORRESTAVE,NONE
INDIANA UNIV BLOOMINGTON PD,BLOOMINGTON,9/19/2019,9:32 AM,2,0,1,0,0,,,,E UNIVERSITY,S BALLANTINE RD,,75,E,0,0,LOCAL/CITY ROAD,N,URBAN,N,N,N,,DAYLIGHT,CLEAR,DRY,,NO JUNCTION INVOLVED,STRAIGHT/LEVEL,ASPHALT,IMPROPER LANE USAGE,RIGHT ANGLE,EKIRKWOODAVESBALLANTINERD,NONE
ELLETTSVILLE PD,ELLETTSVILLE,9/19/2019,2:30 PM,2,0,0,0,0,,,,EDGEWOOD,EDGEWOOD DR,,,,39.236288,-86.628336,UNKNOWN,N,URBAN,Y,N,N,,DAYLIGHT,CLEAR,DRY,,T-INTERSECTION,STRAIGHT/GRADE,ASPHALT,FAILURE TO YIELD RIGHT OF WAY,OTHER - EXPLAIN IN NARRATIVE,EDGEWOODDREDGEWOODDR,YIELD SIGN
ISP BLOOMINGTON 33,BLOOMINGTON,9/19/2019,12:10 M,1,,0,0,0,,,,I-69 N,,,686,N,39.19563697,-86.55424409,INTERSTATE,,URBAN,N,N,N,,DAYLIGHT,CLEAR,DRY,,NO JUNCTION INVOLVED,,ASPHALT,ANIMAL/OBJECT IN ROADWAY,COLLISION WITH OBJECT IN ROAD,,
BLOOMINGTON PD,BLOOMINGTON,9/19/2019,12:07 PM,2,0,0,0,0,,,,I-69 S,SR 48,,500,S,0,0,US ROUTE,Y,URBAN,N,N,N,,DAYLIGHT,CLEAR,DRY,,NO JUNCTION INVOLVED,STRAIGHT/LEVEL,ASPHALT,UNSAFE LANE MOVEMENT,SAME DIRECTION SIDESWIPE,US69SW3RDST,LANE CONTROL
BLOOMINGTON PD,BLOOMINGTON,9/19/2019,4:30 PM,2,0,0,0,0,,,,N KINSER,W SKYLINE DR,,,,39.190544,-86.537712,LOCAL/CITY ROAD,N,URBAN,N,N,N,,DAYLIGHT,CLEAR,DRY,,NO JUNCTION INVOLVED,STRAIGHT/LEVEL,ASPHALT,UNSAFE SPEED,REAR END,NORTHKINSERPIKESKYLINEDR,NONE
INDIANA UNIV BLOOMINGTON PD,BLOOMINGTON,9/19/2019,1:33 PM,1,0,1,0,0,,,,S JORDAN,E ATWATER AVE,,,,39.1631,-86.5164,LOCAL/CITY ROAD,N,URBAN,N,N,N,,DAYLIGHT,CLEAR,DRY,,FOUR-WAY INTERSECTION,STRAIGHT/LEVEL,ASPHALT,DISREGARD SIGNAL/REG SIGN,OTHER - EXPLAIN IN NARRATIVE,ATWATERAVEJORDANAVE,TRAFFIC CONTROL SIGNAL
BLOOMINGTON PD,BLOOMINGTON,9/19/2019,8:30 PM,2,0,0,0,0,,,,S ROGERS,W GRAHAM DR,,200,S,39.13992,-86.538416,LOCAL/CITY ROAD,Y,URBAN,N,N,N,,DARK (NOT LIGHTED),CLEAR,DRY,,T-INTERSECTION,STRAIGHT/LEVEL,ASPHALT,,OPPOSITE DIRECTION SIDESWIPE,SROGERSSTWGRAHAMDR,NONE
ELLETTSVILLE PD,ELLETTSVILLE,9/19/2019,5:30 PM,2,0,0,0,0,,,,S SALE,N THOMAS RD,,,,39.231152,-86.6308,LOCAL/CITY ROAD,N,URBAN,N,N,N,,DAYLIGHT,CLEAR,DRY,,T-INTERSECTION,STRAIGHT/LEVEL,ASPHALT,FOLLOWING TOO CLOSELY,REAR END,NORTHTHOMASRDSOUTHSALEST,STOP SIGN
MONROE SD,BLOOMINGTON,9/19/2019,9:17 PM,1,0,0,0,1,,,,SR 45,N BRUMMETTS CREEK RD,,150,S,39.23046517,-86.41948008,STATE ROAD,N,RURAL,N,N,N,,DARK (NOT LIGHTED),CLEAR,DRY,,NO JUNCTION INVOLVED,CURVE/GRADE,ASPHALT,ANIMAL/OBJECT IN ROADWAY,COLLISION WITH DEER,BRUMMETTSCREEKRDSR45E,NONE
INDIANA UNIV BLOOMINGTON PD,BLOOMINGTON,9/20/2019,11:55 AM,2,1,0,0,0,,,,SR 45/46,E 10TH ST,,150,N,39.176848,-86.478192,STATE ROAD,N,URBAN,N,N,N,,DAYLIGHT,CLEAR,DRY,,FOUR-WAY INTERSECTION,STRAIGHT/LEVEL,ASPHALT,FOLLOWING TOO CLOSELY,SAME DIRECTION SIDESWIPE,E10THSTSR4546E,TRAFFIC CONTROL SIGNAL