Agency,City,Collision Date,Collision Time,Vehicles Involved,Trailers Involved,Number Injured,Number Dead,Number Deer,House Number,Roadway Interchange,Roadway Ramp,Roadway Id,Intersecting Road,Interchange,Feet From,Direction,Latitude,Longitude,Roadway Class,Hit and Run?,Locality,School Zone?,Rumble Strips?,Construction?,Construction Type,Light Condition,Weather Conditions,Surface Condition,Type of Median,Roadway Junction Type,Road Character,Roadway Surface,Primary Factor,Manner of Collision,Unique Location Id,Traffic Control
INDIANA UNIV BLOOMINGTON PD,BLOOMINGTON,9/20/2019,5:15 PM,2,0,0,0,0,,,,N UNION,E 10TH ST,,,,39.17157,-86.50945,LOCAL/CITY ROAD,N,URBAN,N,N,N,,DAYLIGHT,CLEAR,DRY,,NO JUNCTION INVOLVED,STRAIGHT/LEVEL,ASPHALT,UNSAFE BACKING,BACKING CRASH,TENTHSTUNIONST,NONE
BLOOMINGTON PD,BLOOMINGTON,9/20/2019,9:59 AM,2,0,0,0,0,,,,S ROGERS,W 2ND ST,,,,39.16139,-86.5387,LOCAL/CITY ROAD,N,URBAN,N,N,N,,DAYLIGHT,CLEAR,DRY,,FOUR-WAY INTERSECTION,STRAIGHT/LEVEL,ASPHALT,FAILURE TO YIELD RIGHT OF WAY,RIGHT ANGLE,SROGERSSTW2NDST,TRAFFIC CONTROL SIGNAL
MONROE SD,BLOOMINGTON,9/20/2019,9:26 PM,1,0,0,0,1,,,,SR 45,W HINDS RD,,500,W,39.08989,-86.66622666,STATE ROAD,N,RURAL,N,N,N,,DARK (NOT LIGHTED),CLEAR,DRY,,NO JUNCTION INVOLVED,CURVE/GRADE,ASPHALT,ANIMAL/OBJECT IN ROADWAY,COLLISION WITH DEER,HINESRDSR45W,NONE
MONROE SD,BLOOMINGTON,9/20/2019,5:52 PM,2,0,0,0,0,,,,SR 46,W HEDRICK RD,,150,E,39.27762,-86.677343,STATE ROAD,N,RURAL,N,N,N,,DAYLIGHT,CLOUDY,DRY,,NO JUNCTION INVOLVED,STRAIGHT/GRADE,CONCRETE,FOLLOWING TOO CLOSELY,REAR END,SR46WWHEDRICKRD,NONE
BLOOMINGTON PD,BLOOMINGTON,9/20/2019,10:28 AM,2,0,0,0,0,,,,W 17TH,N WILLIS DR,,,,39.179104,-86.544016,LOCAL/CITY ROAD,N,URBAN,N,N,N,,DAYLIGHT,CLEAR,DRY,,T-INTERSECTION,STRAIGHT/GRADE,ASPHALT,FAILURE TO YIELD RIGHT OF WAY,LEFT TURN,NWILLISDRW17THST,NONE
BLOOMINGTON PD,BLOOMINGTON,9/20/2019,7:43 PM,2,0,0,0,0,,,,W KIRKWOOD,S ROGERS ST,,,,39.166672,-86.538608,LOCAL/CITY ROAD,N,URBAN,N,N,N,,DAWN/DUSK,CLEAR,DRY,,FOUR-WAY INTERSECTION,STRAIGHT/LEVEL,ASPHALT,FAILURE TO YIELD RIGHT OF WAY,RIGHT ANGLE,SROGERSSTWKIRKWOODAVE,NONE
BLOOMINGTON PD,BLOOMINGTON,9/20/2019,1:19 AM,2,0,0,0,0,,,,N ROGERS,W 8TH ST,,,,39.169584,-86.538576,LOCAL/CITY ROAD,N,URBAN,N,N,N,,DARK (LIGHTED),CLEAR,DRY,,NO JUNCTION INVOLVED,STRAIGHT/GRADE,ASPHALT,FAILURE TO YIELD RIGHT OF WAY,RIGHT ANGLE,8THSTROGERSST,STOP SIGN
MONROE SD,BLOOMINGTON,9/20/2019,2:01 PM,2,0,0,0,0,,,,S CURRY,W DOYLE AVE,,,,39.158352,-86.582752,LOCAL/CITY ROAD,N,URBAN,N,N,N,,DAYLIGHT,CLOUDY,DRY,,T-INTERSECTION,STRAIGHT/LEVEL,ASPHALT,FOLLOWING TOO CLOSELY,REAR END,DOYLEAVESCURRYPIKE,TRAFFIC CONTROL SIGNAL
MONROE SD,BLOOMINGTON,9/20/2019,9:04 PM,1,0,0,0,1,,,,S HARRELL,E MOFFETT LN,,1000,N,39.20526919,-86.49847,LOCAL/CITY ROAD,N,RURAL,N,N,N,,DARK (NOT LIGHTED),CLEAR,DRY,,NO JUNCTION INVOLVED,STRAIGHT/GRADE,ASPHALT,ANIMAL/OBJECT IN ROADWAY,COLLISION WITH DEER,HARRELLRDMOFFETTLN,NONE
BLOOMINGTON PD,BLOOMINGTON,9/21/2019,10:57 AM,2,0,0,0,0,,,,SR 46,S COLLEGE MALL RD,,500,E,39.16464,-86.534816,LOCAL/CITY ROAD,N,URBAN,N,N,N,,DAYLIGHT,CLEAR,DRY,,NO JUNCTION INVOLVED,STRAIGHT/LEVEL,ASPHALT,FOLLOWING TOO CLOSELY,REAR END,EAST3RDSTSOUTHCOLLEGEMALL,NONE
BLOOMINGTON PD,BLOOMINGTON,9/21/2019,10:13 AM,3,0,1,0,0,,,,SR 45/46,N KINSER PIKE,,,,39.186544,-86.537888,STATE ROAD,N,URBAN,N,N,N,,DAYLIGHT,CLEAR,DRY,,FOUR-WAY INTERSECTION,STRAIGHT/LEVEL,ASPHALT,FAILURE TO YIELD RIGHT OF WAY,RIGHT ANGLE,NKINSERPIKESR46W,TRAFFIC CONTROL SIGNAL
BLOOMINGTON PD,BLOOMINGTON,9/21/2019,12:06 PM,2,0,0,0,0,,,,W COUNTRY CLUB,S WALNUT ST,,150,W,39.13597,-86.53109702,LOCAL/CITY ROAD,N,URBAN,N,N,N,,DAYLIGHT,CLOUDY,DRY,,NO JUNCTION INVOLVED,STRAIGHT/LEVEL,ASPHALT,OTHER (DRIVER) - EXPLAIN IN NARRATIVE,SAME DIRECTION SIDESWIPE,SWALNUTSTWCOUNTRYCLUBDR,LANE CONTROL
BLOOMINGTON PD,BLOOMINGTON,9/21/2019,10:46 AM,2,0,0,0,0,,,,SR 46,SR 446,,,,39.16664,-86.462496,STATE ROAD,N,URBAN,N,N,N,,DAYLIGHT,CLOUDY,DRY,,T-INTERSECTION,STRAIGHT/GRADE,ASPHALT,FOLLOWING TOO CLOSELY,REAR END,SR446SSR46E,TRAFFIC CONTROL SIGNAL
BLOOMINGTON PD,BLOOMINGTON,9/21/2019,8:25 AM,2,0,1,0,0,,,,W COUNTRY CLUB,S ROGERS ST,,,,39.13608,-86.538096,LOCAL/CITY ROAD,N,URBAN,N,N,N,,DAYLIGHT,CLEAR,DRY,,FOUR-WAY INTERSECTION,STRAIGHT/GRADE,ASPHALT,DRIVER DISTRACTED - EXPLAIN IN NARRATIVE,REAR END,SROGERSSTWCOUNTRYCLUBDR,TRAFFIC CONTROL SIGNAL
BLOOMINGTON PD,BLOOMINGTON,9/21/2019,7:20 PM,1,0,0,0,0,,,,N GRANT,E 8TH ST,,50,S,39.169552,-86.529696,LOCAL/CITY ROAD,N,URBAN,N,N,N,,DAYLIGHT,CLEAR,DRY,,NO JUNCTION INVOLVED,STRAIGHT/LEVEL,ASPHALT,RAN OFF ROAD RIGHT,RAN OFF ROAD,E8THSTNGRANTST,NONE
BLOOMINGTON PD,BLOOMINGTON,9/21/2019,1:52 PM,1,0,0,0,0,,,,N PETE ELLIS,E BRAESIDE DR,,100,N,39.168192,-86.49504,LOCAL/CITY ROAD,N,URBAN,N,N,N,,DAYLIGHT,CLEAR,DRY,,NO JUNCTION INVOLVED,CURVE/GRADE,ASPHALT,RAN OFF ROAD RIGHT,RAN OFF ROAD,EBRAESIDEDRNPETEELLISDR,NONE
MONROE SD,BLOOMINGTON,9/21/2019,5:25 PM,2,0,1,0,0,,,,S FAIRFAX,E HARBOR DR,,115,S,39.0648269,-86.49017,COUNTY ROAD,N,RURAL,N,N,N,,DAYLIGHT,CLOUDY,DRY,,NO JUNCTION INVOLVED,STRAIGHT/GRADE,ASPHALT,FAILURE TO YIELD RIGHT OF WAY,LEFT/RIGHT TURN,FAIRFAXRDMTEBALRD,NONE
BLOOMINGTON PD,BLOOMINGTON,9/22/2019,7:57 PM,2,0,3,0,0,,,,S WALNUT,W GRIMES LN,,,,39.15335,-86.53371,LOCAL/CITY ROAD,N,URBAN,N,N,N,,DAWN/DUSK,CLEAR,DRY,,FOUR-WAY INTERSECTION,STRAIGHT/LEVEL,ASPHALT,FAILURE TO YIELD RIGHT OF WAY,LEFT TURN,EGRIMESLNSWALNUTST,TRAFFIC CONTROL SIGNAL
BLOOMINGTON PD,BLOOMINGTON,9/22/2019,11:00 AM,2,0,2,0,0,,,,W 2ND,S ROGERS ST,,150,W,39.16139,-86.53868701,LOCAL/CITY ROAD,N,URBAN,N,N,N,,DAYLIGHT,CLEAR,DRY,,NO JUNCTION INVOLVED,STRAIGHT/GRADE,ASPHALT,FOLLOWING TOO CLOSELY,REAR END,2NDSTROGERSST,NONE
BLOOMINGTON PD,BLOOMINGTON,9/22/2019,2:20 PM,2,0,0,0,0,,,,S OAKDALE,W BLOOMFIELD RD,,,,39.14977,-86.568905,LOCAL/CITY ROAD,N,URBAN,N,N,N,,DAYLIGHT,CLEAR,DRY,,FOUR-WAY INTERSECTION,STRAIGHT/LEVEL,ASPHALT,UNSAFE LANE MOVEMENT,HEAD ON BETWEEN TWO MOTOR VEHICLES,BLOOMFIELDRDOAKDALEDR,TRAFFIC CONTROL SIGNAL
BLOOMINGTON PD,BLOOMINGTON,9/22/2019,7:23 PM,2,0,0,0,0,,,,E 3RD,S JORDAN AVE,,,,39.16424,-86.5164,LOCAL/CITY ROAD,N,URBAN,N,N,N,,DARK (LIGHTED),CLEAR,DRY,,FOUR-WAY INTERSECTION,STRAIGHT/LEVEL,ASPHALT,IMPROPER TURNING,LEFT TURN,EAST3RDSTSOUTHJORDANAVE,TRAFFIC CONTROL SIGNAL
BLOOMINGTON PD,BLOOMINGTON,9/22/2019,1:10 PM,2,0,0,0,0,,,,E MOORES,SR 446,,,,0,0,LOCAL/CITY ROAD,N,URBAN,N,N,N,,DAYLIGHT,CLEAR,DRY,,NO JUNCTION INVOLVED,STRAIGHT/GRADE,ASPHALT,FOLLOWING TOO CLOSELY,REAR END,446HWYMOORESPKWY,NONE
MONROE SD,BLOOMINGTON,9/22/2019,1:56 PM,1,0,5,0,0,,,,S HARMONY,S ROCKPORT RD,,2640,N,39.05024,-86.609104,COUNTY ROAD,N,RURAL,N,N,N,,DAYLIGHT,CLEAR,DRY,,NO JUNCTION INVOLVED,CURVE/GRADE,ASPHALT,UNSAFE SPEED,RAN OFF ROAD,SHARMONYRDSROCKPORTRD,NO PASSING ZONE
MONROE SD,BLOOMINGTON,9/22/2019,12:22 AM,1,0,0,0,0,,,,S KIRBY,W AIRPORT RD,,,,39.136848,-86.610192,LOCAL/CITY ROAD,N,RURAL,N,N,N,,DARK (LIGHTED),CLEAR,DRY,,T-INTERSECTION,STRAIGHT/LEVEL,ASPHALT,DRIVER ILLNESS,RAN OFF ROAD,AIRPORTRDKIRBYRD,STOP SIGN
MONROE SD,BLOOMINGTON,9/22/2019,8:33 PM,1,0,0,0,2,,,,S SNOW,W ROCK EAST RD,,100,E,39.04352518,-86.66596445,COUNTY ROAD,N,RURAL,N,N,N,,DARK (NOT LIGHTED),CLEAR,DRY,,NO JUNCTION INVOLVED,STRAIGHT/GRADE,ASPHALT,ANIMAL/OBJECT IN ROADWAY,COLLISION WITH DEER,BREEDENRDSNOWRD,NONE
ISP INDIANAPOLIS 52,BLOOMINGTON,9/23/2019,19:17 M,2,,1,0,0,,,,W 3RD,I-69,Y,264,E,39.16464191,-86.57246083,LOCAL/CITY ROAD,,URBAN,N,N,N,,DAWN/DUSK,CLEAR,DRY,,FOUR-WAY INTERSECTION,,ASPHALT,DISREGARD SIGNAL/REG SIGN,RIGHT ANGLE,,
INDIANA UNIV BLOOMINGTON PD,BLOOMINGTON,9/23/2019,2:47 PM,2,0,0,0,0,,,,SR 45/46,E 17TH ST,,,,39.17984,-86.507088,STATE ROAD,N,URBAN,N,N,N,,DAYLIGHT,CLEAR,DRY,,T-INTERSECTION,STRAIGHT/LEVEL,ASPHALT,FAILURE TO YIELD RIGHT OF WAY,LEFT TURN,17THSTSR46E,TRAFFIC CONTROL SIGNAL
BLOOMINGTON PD,BLOOMINGTON,9/23/2019,7:16 PM,2,0,1,0,0,,,,W 2ND,S WALKER ST,,,,39.16143,-86.54614,LOCAL/CITY ROAD,N,URBAN,N,N,N,,DAWN/DUSK,CLEAR,DRY,,FOUR-WAY INTERSECTION,STRAIGHT/GRADE,ASPHALT,DISREGARD SIGNAL/REG SIGN,RIGHT ANGLE,SWALKERSTW2NDST,TRAFFIC CONTROL SIGNAL
BLOOMINGTON PD,BLOOMINGTON,9/23/2019,5:20 PM,2,0,0,0,0,,,,E COVENANTER,S COLLEGE MALL RD,,75,E,39.15518,-86.49774648,LOCAL/CITY ROAD,N,URBAN,N,N,N,,DAYLIGHT,CLEAR,DRY,,T-INTERSECTION,STRAIGHT/LEVEL,ASPHALT,FAILURE TO YIELD RIGHT OF WAY,RIGHT ANGLE,EASTCOVENANTERDRSOUTHCOLLEGEMALLRD,STOP SIGN
BLOOMINGTON PD,BLOOMINGTON,9/23/2019,5:35 PM,2,0,0,0,0,,,,E 2ND,S SWAIN AVE,,,,39.161136,-86.51512,LOCAL/CITY ROAD,N,URBAN,N,N,N,,DAYLIGHT,CLEAR,DRY,,T-INTERSECTION,STRAIGHT/LEVEL,ASPHALT,FAILURE TO YIELD RIGHT OF WAY,RIGHT ANGLE,EAST2NDSTSOUTHSWAINEAVE,STOP SIGN
BLOOMINGTON PD,BLOOMINGTON,9/23/2019,6:04 AM,1,0,0,0,0,,,,N DUNN,N OLD SR 37,,1000,S,39.208048,-86.528704,LOCAL/CITY ROAD,N,URBAN,N,N,N,,DARK (NOT LIGHTED),RAIN,WET,,NO JUNCTION INVOLVED,CURVE/HILLCREST,ASPHALT,OVERCORRECTING/OVERSTEERING,RAN OFF ROAD,NDUNNSTNOLDSTATEROAD37RD,NONE
INDIANA UNIV BLOOMINGTON PD,BLOOMINGTON,9/23/2019,11:00 AM,1,0,,,,,,,N FEE,E 13TH ST,,175,N,39.17563263,-86.51898724,LOCAL/CITY ROAD,Y,URBAN,Y,N,Y,INTERMITTENT OR MOVING WORK,DAYLIGHT,CLEAR,DRY,,NO JUNCTION INVOLVED,STRAIGHT/LEVEL,ASPHALT,PEDESTRIAN ACTION,OTHER - EXPLAIN IN NARRATIVE,13THSTFEELN,YIELD SIGN
MONROE SD,BLOOMINGTON,9/23/2019,12:28 PM,1,0,1,0,0,,,,S LIBERTY,W CONSTITUTION AVE,,500,N,39.149552,-86.575936,COUNTY ROAD,N,RURAL,N,N,Y,LANE CLOSURE,DAYLIGHT,CLEAR,DRY,,NO JUNCTION INVOLVED,STRAIGHT/GRADE,ASPHALT,DRIVER DISTRACTED - EXPLAIN IN NARRATIVE,OTHER - EXPLAIN IN NARRATIVE,CONSTITUTIONWAYSOUTHLIBERTYDR,NONE
ELLETTSVILLE PD,ELLETTSVILLE,9/23/2019,11:50 AM,2,0,0,0,0,,,,SR 46,W FLATWOODS RD,,750,E,39.25089562,-86.65216252,STATE ROAD,N,URBAN,Y,N,N,,DAYLIGHT,CLEAR,DRY,,NO JUNCTION INVOLVED,CURVE/HILLCREST,ASPHALT,FOLLOWING TOO CLOSELY,REAR END,FLATWOODSRDSR46W,LANE CONTROL
BLOOMINGTON PD,BLOOMINGTON,9/23/2019,7:55 AM,2,0,1,0,0,,,,W ARLINGTON,W PROW RD,,,,39.192352,-86.552592,LOCAL/CITY ROAD,N,URBAN,N,N,N,,DAWN/DUSK,FOG/SMOKE/SMOG,WET,,T-INTERSECTION,STRAIGHT/LEVEL,ASPHALT,FAILURE TO YIELD RIGHT OF WAY,LEFT TURN,ARLINGTONRDPROWRD,NONE
MONROE SD,BLOOMINGTON,9/23/2019,8:05 AM,1,0,0,0,0,,,,W ELWREN,S GREENE COUNTY LINE RD,,200,E,39.10878,-86.68255733,COUNTY ROAD,Y,RURAL,N,N,N,,DAYLIGHT,CLOUDY,WET,,NO JUNCTION INVOLVED,STRAIGHT/GRADE,ASPHALT,RAN OFF ROAD RIGHT,RAN OFF ROAD,SOUTHGREENCOUNTYLINERDWESTELWRENRD,NONE
BLOOMINGTON PD,BLOOMINGTON,9/24/2019,11:23 AM,2,0,0,0,0,,,,E WINSLOW,S HENDERSON ST,,,,39.136144,-86.5268,LOCAL/CITY ROAD,N,URBAN,N,N,N,,DAYLIGHT,CLEAR,DRY,,FOUR-WAY INTERSECTION,STRAIGHT/LEVEL,ASPHALT,DRIVER DISTRACTED - EXPLAIN IN NARRATIVE,REAR END,HENDERSONSTWINSLOWRD,LANE CONTROL
BLOOMINGTON PD,BLOOMINGTON,9/24/2019,3:13 AM,2,0,1,0,0,,,,W 17TH,N WILLIS DR,,,,39.179104,-86.544016,LOCAL/CITY ROAD,N,URBAN,N,N,N,,DAYLIGHT,CLEAR,DRY,,T-INTERSECTION,STRAIGHT/LEVEL,CONCRETE,FOLLOWING TOO CLOSELY,REAR END,NWILLISDRW17THST,STOP SIGN
INDIANA UNIV BLOOMINGTON PD,BLOOMINGTON,9/24/2019,11:15 AM,1,0,0,0,0,,,,N FEE,E 10TH ST,,,,39.17161,-86.518985,LOCAL/CITY ROAD,N,URBAN,N,N,N,,DAYLIGHT,CLEAR,DRY,,T-INTERSECTION,STRAIGHT/LEVEL,ASPHALT,OTHER (DRIVER) - EXPLAIN IN NARRATIVE,OTHER - EXPLAIN IN NARRATIVE,FEELNTENTHST,TRAFFIC CONTROL SIGNAL
MONROE SD,BLOOMINGTON,9/24/2019,3:45 AM,2,0,1,0,0,,,,N PROFILE,W GRAND AVE,,250,N,39.19302745,-86.59259,LOCAL/CITY ROAD,N,RURAL,N,N,N,,DAYLIGHT,CLEAR,DRY,,NO JUNCTION INVOLVED,STRAIGHT/LEVEL,ASPHALT,FAILURE TO YIELD RIGHT OF WAY,RIGHT ANGLE,NPROFILEPKWYWGRANDAVE,NONE
MONROE SD,BLOOMINGTON,9/24/2019,3:12 PM,1,0,0,0,0,,,,N STONE MILL,W BAYLES RD,,300,S,39.18372545,-86.536835,COUNTY ROAD,N,RURAL,N,N,N,,DAYLIGHT,CLEAR,DRY,,T-INTERSECTION,STRAIGHT/LEVEL,GRAVEL,RAN OFF ROAD RIGHT,RAN OFF ROAD,EBAYLESRDNSTONEMILLRD,NONE
MONROE SD,BLOOMINGTON,9/24/2019,8:51 AM,2,0,0,0,0,,,,SR 37,,,3000,N,39.10100964,-86.54769604,STATE ROAD,N,RURAL,N,N,Y,LANE CLOSURE,DAYLIGHT,CLEAR,DRY,,NO JUNCTION INVOLVED,STRAIGHT/GRADE,ASPHALT,FOLLOWING TOO CLOSELY,REAR END,EDILLMANRDSR37N,LANE CONTROL
MONROE SD,BLOOMINGTON,9/24/2019,4:17 PM,1,0,0,0,0,,,,SR 46,S TWINLEAF TRACE,,309,W,39.15265,-86.37058831,STATE ROAD,N,RURAL,N,N,N,,DAYLIGHT,CLEAR,DRY,,NO JUNCTION INVOLVED,STRAIGHT/LEVEL,CONCRETE,DRIVER ASLEEP OR FATIGUED,RAN OFF ROAD,STWINLEAFTRSR46E,NONE
BLOOMINGTON PD,BLOOMINGTON,9/24/2019,11:00 AM,2,0,0,0,0,,,,W DIXIE,S FAIRVIEW ST,,,,39.156752,-86.540976,LOCAL/CITY ROAD,Y,URBAN,N,N,N,,DAYLIGHT,CLEAR,DRY,,FOUR-WAY INTERSECTION,STRAIGHT/GRADE,ASPHALT,UNSAFE LANE MOVEMENT,REAR END,SFAIRVIEWSTWDIXIEST,NONE
MONROE SD,BLOOMINGTON,9/24/2019,7:28 PM,1,0,1,0,0,,,,W THAT,S VICTOR PIKE,,1000,W,39.11484351,-86.54991367,LOCAL/CITY ROAD,N,RURAL,N,N,N,,DAYLIGHT,CLEAR,DRY,,NO JUNCTION INVOLVED,STRAIGHT/LEVEL,ASPHALT,RAN OFF ROAD RIGHT,RAN OFF ROAD,SVICTORPIKETHATRD,NONE
BLOOMINGTON PD,BLOOMINGTON,9/25/2019,5:14 PM,2,0,0,0,0,,,,SR 48,S WELMIR DR,,,,39.16461,-86.57913,LOCAL/CITY ROAD,N,URBAN,N,N,N,,DAYLIGHT,CLEAR,DRY,,FOUR-WAY INTERSECTION,STRAIGHT/LEVEL,ASPHALT,FAILURE TO YIELD RIGHT OF WAY,RIGHT ANGLE,SLIBERTYDRW3RDST,TRAFFIC CONTROL SIGNAL
INDIANA UNIV BLOOMINGTON PD,BLOOMINGTON,9/25/2019,6:35 PM,2,0,0,0,0,,,,N WOODLAWN,E 10TH ST,,,,39.17164,-86.52351,LOCAL/CITY ROAD,N,URBAN,N,N,N,,DAYLIGHT,CLEAR,DRY,,FOUR-WAY INTERSECTION,STRAIGHT/LEVEL,ASPHALT,IMPROPER PASSING,SAME DIRECTION SIDESWIPE,TENTHSTWOODLAWNAVE,TRAFFIC CONTROL SIGNAL
MONROE SD,BLOOMINGTON,9/25/2019,4:45 PM,2,0,0,0,0,,,,SR 46,I-69 S,,,,39.19369,-86.571693,STATE ROAD,Y,RURAL,N,Y,Y,LANE CLOSURE,DAYLIGHT,CLEAR,DRY,,RAMP,STRAIGHT/LEVEL,ASPHALT,FAILURE TO YIELD RIGHT OF WAY,SAME DIRECTION SIDESWIPE,CURRYPIKESR46W,NONE
MONROE SD,BLOOMINGTON,9/25/2019,12:45 AM,1,0,1,0,0,,,,SR 46,E BENDER RD,,500,W,39.16361443,-86.4397635,STATE ROAD,N,RURAL,N,N,N,,DARK (NOT LIGHTED),CLEAR,DRY,,NO JUNCTION INVOLVED,STRAIGHT/LEVEL,ASPHALT,RAN OFF ROAD RIGHT,RAN OFF ROAD,EASTBENDERRDSR46E,NONE
MONROE SD,BLOOMINGTON,9/25/2019,2:55 PM,2,0,2,0,0,,,,SR 37,E SMITHVILLE RD,,,,39.071056,-86.5356,STATE ROAD,N,RURAL,N,N,N,,DAYLIGHT,CLEAR,DRY,,FOUR-WAY INTERSECTION,STRAIGHT/LEVEL,ASPHALT,FAILURE TO YIELD RIGHT OF WAY,RIGHT ANGLE,ESMITHVILLERDSR37N,YIELD SIGN
INDIANA UNIV BLOOMINGTON PD,BLOOMINGTON,9/25/2019,5:10 PM,2,0,0,0,0,,,,N WALNUT GROVE,E 13TH ST,,,,39.17513,-86.52103,LOCAL/CITY ROAD,N,URBAN,N,N,N,,DAYLIGHT,CLEAR,DRY,,FOUR-WAY INTERSECTION,STRAIGHT/LEVEL,ASPHALT,FAILURE TO YIELD RIGHT OF WAY,RIGHT ANGLE,THIRTEENTHSTWALNUTGROVEST,STOP SIGN
BLOOMINGTON PD,BLOOMINGTON,9/25/2019,2:35 PM,1,0,0,0,0,1104,,,S COVENANTER,,,,,39.15426431,-86.50878096,UNKNOWN,Y,URBAN,N,N,N,,DAYLIGHT,CLEAR,DRY,,NO JUNCTION INVOLVED,STRAIGHT/LEVEL,ASPHALT,UNSAFE BACKING,RAN OFF ROAD,SCOVENANTERDR,NONE
INDIANA UNIV BLOOMINGTON PD,BLOOMINGTON,9/25/2019,10:00 AM,2,0,0,0,0,,,,S FESS,E ATWATER AVE,,,,39.16312,-86.5259,LOCAL/CITY ROAD,N,URBAN,N,N,N,,DAYLIGHT,CLEAR,DRY,,T-INTERSECTION,STRAIGHT/LEVEL,ASPHALT,IMPROPER TURNING,LEFT TURN,ATWATERAVEFESSAVE,STOP SIGN
MONROE SD,BLOOMINGTON,9/25/2019,5:27 PM,2,0,0,0,0,,,,S VICTOR,W THAT RD,,,,39.11464,-86.5464,COUNTY ROAD,N,RURAL,N,N,N,,DAYLIGHT,CLEAR,DRY,,FOUR-WAY INTERSECTION,STRAIGHT/LEVEL,ASPHALT,FAILURE TO YIELD RIGHT OF WAY,RIGHT ANGLE,SVICTORPIKEWTHATRD,STOP SIGN
MONROE SD,BLOOMINGTON,9/25/2019,3:24 PM,2,0,0,0,0,,,,SR 45,W ELWREN RD,,,,39.107648,-86.643696,STATE ROAD,N,RURAL,N,N,N,,DAYLIGHT,CLOUDY,DRY,,FOUR-WAY INTERSECTION,STRAIGHT/GRADE,ASPHALT,FAILURE TO YIELD RIGHT OF WAY,RIGHT ANGLE,ELWRENRDSR45W,STOP SIGN
BLOOMINGTON PD,BLOOMINGTON,9/25/2019,3:45 PM,1,0,0,0,0,,,,W 3RD,S MUELLER AVE,,,,0,0,LOCAL/CITY ROAD,N,URBAN,N,N,N,,DAYLIGHT,CLEAR,DRY,,RAILROAD CROSSINGS,STRAIGHT/LEVEL,CONCRETE,RAN OFF ROAD RIGHT,RAN OFF ROAD,SMUELLERAVEW3RDST,RR CROSSING CROSSBUCKS ONLY
BLOOMINGTON PD,BLOOMINGTON,9/25/2019,8:00 AM,2,0,0,0,0,828,,,W 7TH,,,,,39.16874057,-86.54252571,LOCAL/CITY ROAD,Y,URBAN,N,N,N,,UNKNOWN,CLEAR,DRY,,NO JUNCTION INVOLVED,STRAIGHT/LEVEL,ASPHALT,UNSAFE LANE MOVEMENT,SAME DIRECTION SIDESWIPE,W7THST,NONE
BLOOMINGTON PD,BLOOMINGTON,9/26/2019,11:44 AM,1,0,0,1,0,,,,S WALNUT,E 3RD ST,,190,S,39.16411815,-86.5336,LOCAL/CITY ROAD,N,URBAN,N,N,N,,DAYLIGHT,CLEAR,DRY,,NO JUNCTION INVOLVED,STRAIGHT/LEVEL,ASPHALT,PEDESTRIAN ACTION,RIGHT TURN,E3RDSTWALNUTST,NONE
MONROE SD,BLOOMINGTON,9/26/2019,8:40 AM,2,0,0,0,0,,,,S WALNUT,S FAIRFAX RD,,100,S,39.09670104,-86.53149,LOCAL/CITY ROAD,N,RURAL,N,N,N,,DAYLIGHT,CLEAR,DRY,,NO JUNCTION INVOLVED,STRAIGHT/GRADE,ASPHALT,DRIVER DISTRACTED - EXPLAIN IN NARRATIVE,REAR END,SFAIRFAXRDSOLDSR37RD,LANE CONTROL
MONROE SD,BLOOMINGTON,9/26/2019,5:53 AM,1,0,0,0,1,,,,SR 46,E KINGS RD,,1500,E,39.16659,-86.45518968,STATE ROAD,N,RURAL,N,N,N,,DARK (NOT LIGHTED),CLEAR,DRY,,NO JUNCTION INVOLVED,CURVE/LEVEL,ASPHALT,ANIMAL/OBJECT IN ROADWAY,COLLISION WITH DEER,EASTKINGSRDSR46E,NONE
BLOOMINGTON PD,BLOOMINGTON,9/26/2019,10:59 AM,2,0,0,0,0,,,,W KIRKWOOD,S ROGERS ST,,75,W,39.16667553,-86.53887258,LOCAL/CITY ROAD,N,URBAN,N,N,N,,DAYLIGHT,CLEAR,DRY,,NO JUNCTION INVOLVED,STRAIGHT/LEVEL,ASPHALT,FAILURE TO YIELD RIGHT OF WAY,RIGHT ANGLE,KIRKWOODAVEROGERSST,LANE CONTROL
BLOOMINGTON PD,BLOOMINGTON,9/26/2019,5:24 PM,1,0,1,0,0,,,,E ATWATER,S MITCHELL ST,,,,39.163136,-86.514096,LOCAL/CITY ROAD,N,URBAN,N,N,N,,DAYLIGHT,CLEAR,DRY,,FOUR-WAY INTERSECTION,STRAIGHT/GRADE,ASPHALT,OTHER (DRIVER) - EXPLAIN IN NARRATIVE,NON-COLLISION,EATWATERAVESMITCHELLST,STOP SIGN
BLOOMINGTON PD,BLOOMINGTON,9/26/2019,4:50 PM,1,0,0,0,0,501,,,N COLLEGE,,,,,39.170544,-86.534768,UNKNOWN,N,URBAN,N,N,N,,DAYLIGHT,CLEAR,DRY,,T-INTERSECTION,STRAIGHT/LEVEL,ASPHALT,OTHER (DRIVER) - EXPLAIN IN NARRATIVE,COLLISION WITH OBJECT IN ROAD,NCOLLEGEAVE,NONE
BLOOMINGTON PD,BLOOMINGTON,9/26/2019,11:00 AM,2,0,0,0,0,,,,N MORTON,W 7TH ST,,,,39.168672,-86.536,LOCAL/CITY ROAD,N,URBAN,N,N,N,,DAYLIGHT,CLEAR,DRY,,FOUR-WAY INTERSECTION,STRAIGHT/LEVEL,ASPHALT,FOLLOWING TOO CLOSELY,REAR END,7THSTMORTONST,NONE