Agency,City,Collision Date,Collision Time,Vehicles Involved,Trailers Involved,Number Injured,Number Dead,Number Deer,House Number,Roadway Interchange,Roadway Ramp,Roadway Id,Intersecting Road,Interchange,Feet From,Direction,Latitude,Longitude,Roadway Class,Hit and Run?,Locality,School Zone?,Rumble Strips?,Construction?,Construction Type,Light Condition,Weather Conditions,Surface Condition,Type of Median,Roadway Junction Type,Road Character,Roadway Surface,Primary Factor,Manner of Collision,Unique Location Id,Traffic Control
INDIANA UNIV BLOOMINGTON PD,BLOOMINGTON,10/11/2019,8:50 AM,2,0,1,0,0,,,,SR 45,N RANGE RD,,,,39.171504,-86.495312,LOCAL/CITY ROAD,N,URBAN,Y,N,N,,DAYLIGHT,RAIN,WET,,FOUR-WAY INTERSECTION,STRAIGHT/LEVEL,ASPHALT,FOLLOWING TOO CLOSELY,REAR END,10THSTRANGERD,TRAFFIC CONTROL SIGNAL
BLOOMINGTON PD,BLOOMINGTON,10/11/2019,6:33 PM,2,0,0,0,0,,,,SR 45/46,E 17TH ST,,500,S,39.17866376,-86.50618143,LOCAL/CITY ROAD,Y,URBAN,N,N,N,,DAYLIGHT,RAIN,WET,,NO JUNCTION INVOLVED,STRAIGHT/LEVEL,ASPHALT,FOLLOWING TOO CLOSELY,REAR END,E17THSTSTATEROAD46RD,NONE
INDIANA UNIV BLOOMINGTON PD,BLOOMINGTON,10/11/2019,5:20 PM,2,0,0,0,0,,,,SR 45/46,E 17TH ST,,,,39.17984,-86.507088,STATE ROAD,N,URBAN,N,N,N,,DAYLIGHT,RAIN,WET,,FOUR-WAY INTERSECTION,STRAIGHT/LEVEL,ASPHALT,FOLLOWING TOO CLOSELY,REAR END,17THSTSR45S,TRAFFIC CONTROL SIGNAL
BLOOMINGTON PD,BLOOMINGTON,10/11/2019,5:37 PM,2,0,2,0,0,,,,W 2ND,S ROGERS ST,,,,39.16139,-86.5387,LOCAL/CITY ROAD,N,URBAN,N,N,N,,DAYLIGHT,RAIN,WET,,FOUR-WAY INTERSECTION,STRAIGHT/LEVEL,CONCRETE,FOLLOWING TOO CLOSELY,REAR END,SROGERSSTW2NDST,TRAFFIC CONTROL SIGNAL
INDIANA UNIV BLOOMINGTON PD,BLOOMINGTON,10/11/2019,9:35 PM,2,0,0,0,0,,,,E 3RD,E ATWATER AVE,,,,39.16444,-86.52819,LOCAL/CITY ROAD,N,URBAN,N,N,N,,DARK (LIGHTED),RAIN,WET,,NO JUNCTION INVOLVED,STRAIGHT/LEVEL,ASPHALT,SPEED TOO FAST FOR WEATHER CONDITIONS,REAR END,ATWATERAVETHIRDST,NONE
BLOOMINGTON PD,BLOOMINGTON,10/11/2019,12:17 PM,2,0,0,0,0,,,,N GATES,N JACOB DR,,,,39.16562,-86.576,UNKNOWN,N,URBAN,N,N,N,,DAYLIGHT,RAIN,WET,,T-INTERSECTION,STRAIGHT/LEVEL,ASPHALT,FOLLOWING TOO CLOSELY,REAR END,NGATESDRWJACOBDR,LANE CONTROL
INDIANA UNIV BLOOMINGTON PD,BLOOMINGTON,10/11/2019,4:28 PM,2,0,0,0,0,,,,S JORDAN,E JONES AVE,,,,39.1654,-86.51637,LOCAL/CITY ROAD,N,URBAN,N,N,N,,DAYLIGHT,RAIN,WET,,T-INTERSECTION,STRAIGHT/LEVEL,ASPHALT,FOLLOWING TOO CLOSELY,REAR END,JONESAVEJORDANAVE,NONE
MONROE SD,BLOOMINGTON,10/11/2019,8:07 AM,2,0,0,0,0,,,,SR 37,S OLD SR 37,,,,39.085632,-86.542304,STATE ROAD,N,URBAN,N,N,N,,DAWN/DUSK,RAIN,WET,,FOUR-WAY INTERSECTION,STRAIGHT/LEVEL,ASPHALT,FAILURE TO YIELD RIGHT OF WAY,LEFT TURN,SOUTHOLDSTATEROAD37RDSR37S,TRAFFIC CONTROL SIGNAL
MONROE SD,BLOOMINGTON,10/11/2019,4:00 AM,2,0,0,0,0,,,,SR 37,S WALNUT ST,,,,38.77814,-86.50351,STATE ROAD,N,RURAL,N,N,Y,WORK ON SHOULDER,DARK (NOT LIGHTED),CLEAR,DRY,,FOUR-WAY INTERSECTION,STRAIGHT/LEVEL,ASPHALT,DISREGARD SIGNAL/REG SIGN,HEAD ON BETWEEN TWO MOTOR VEHICLES,OLDSTRD37RDSR37N,TRAFFIC CONTROL SIGNAL
BLOOMINGTON PD,BLOOMINGTON,10/11/2019,11:54 AM,2,0,0,0,0,,,,SR 46,S PARK RIDGE RD,,75,E,39.16424,-86.47583139,LOCAL/CITY ROAD,N,URBAN,N,N,N,,DAYLIGHT,RAIN,WET,,NO JUNCTION INVOLVED,STRAIGHT/GRADE,ASPHALT,FAILURE TO YIELD RIGHT OF WAY,RIGHT ANGLE,3RDSTPARKRIDGERD,LANE CONTROL
MONROE SD,BLOOMINGTON,10/11/2019,7:30 AM,1,0,0,0,0,,,,SR 48,W VERNAL PIKE,,1000,W,0,0,STATE ROAD,N,RURAL,N,N,N,,DAWN/DUSK,RAIN,WET,,NO JUNCTION INVOLVED,CURVE/LEVEL,ASPHALT,RAN OFF ROAD RIGHT,RAN OFF ROAD,SR48WWVERNALPIKE,NO PASSING ZONE
MONROE SD,BLOOMINGTON,10/11/2019,4:59 PM,2,0,0,0,0,,,,SR 37,S VICTOR PIKE,,,,39.105552,-86.551104,STATE ROAD,N,RURAL,N,N,Y,LANE CLOSURE,DAYLIGHT,RAIN,WET,,NO JUNCTION INVOLVED,STRAIGHT/LEVEL,ASPHALT,FOLLOWING TOO CLOSELY,REAR END,SVICTORPIKESR37S,TRAFFIC CONTROL SIGNAL
MONROE SD,BLOOMINGTON,10/11/2019,4:16 PM,1,0,0,0,0,,,,E SAMPLE,W OLD SR 37,,1000,W,39.25884886,-86.50462726,COUNTY ROAD,N,RURAL,N,N,N,,DAYLIGHT,RAIN,WET,,NO JUNCTION INVOLVED,CURVE/HILLCREST,ASPHALT,RAN OFF ROAD RIGHT,RAN OFF ROAD,OLDSTATEROAD37RDSAMPLERD,NONE
MONROE SD,BLOOMINGTON,10/11/2019,8:03 AM,2,0,0,0,0,,,,S FAIRFAX,S WALNUT ST PIKE,,,,39.10719,-86.52648,LOCAL/CITY ROAD,N,URBAN,N,N,N,,DAWN/DUSK,RAIN,WET,,T-INTERSECTION,STRAIGHT/LEVEL,ASPHALT,SPEED TOO FAST FOR WEATHER CONDITIONS,REAR END,SFAIRFAXRDSWALNUTSTREETPIKE,NONE
BLOOMINGTON PD,BLOOMINGTON,10/11/2019,6:26 PM,2,0,1,0,0,,,,E 11TH,N FESS AVE,,,,39.17344,-86.525792,LOCAL/CITY ROAD,N,URBAN,N,N,N,,DAWN/DUSK,RAIN,WET,,FOUR-WAY INTERSECTION,STRAIGHT/GRADE,ASPHALT,FAILURE TO YIELD RIGHT OF WAY,RIGHT ANGLE,E11THSTNFESSAVE,STOP SIGN
BLOOMINGTON PD,BLOOMINGTON,10/11/2019,4:49 PM,2,0,0,0,0,,,,E HILLSIDE,S MAXWELL ST,,200,E,39.150576,-86.515088,LOCAL/CITY ROAD,N,URBAN,N,N,N,,DAYLIGHT,RAIN,WET,,T-INTERSECTION,STRAIGHT/GRADE,ASPHALT,FOLLOWING TOO CLOSELY,REAR END,EHILLSIDEDRSMAXWELLST,NONE
MONROE SD,BLOOMINGTON,10/11/2019,6:03 PM,1,0,0,0,1,,,,E RAMP CREEK,S LUCAS LN,,1732,E,39.07117,-86.49870981,COUNTY ROAD,N,RURAL,N,N,N,,DAYLIGHT,CLEAR,DRY,,NO JUNCTION INVOLVED,CURVE/LEVEL,ASPHALT,ANIMAL/OBJECT IN ROADWAY,COLLISION WITH DEER,LUCASRDRAMPCREEKRD,NONE
MONROE SD,BLOOMINGTON,10/11/2019,12:53 PM,2,0,0,0,0,,,,N BRUMMETTS CREEK,SR 45,,,,39.230544,-86.42,LOCAL/CITY ROAD,N,RURAL,N,N,N,,DAYLIGHT,CLOUDY,DRY,,NO JUNCTION INVOLVED,STRAIGHT/GRADE,ASPHALT,FAILURE TO YIELD RIGHT OF WAY,RIGHT ANGLE,ESTATEROAD45RDNBRUMMETTSCREEKRD,LANE CONTROL
BLOOMINGTON PD,BLOOMINGTON,10/11/2019,9:51 PM,2,0,0,0,0,,,,N DUNN,E VARSITY LN,,,,39.182976,-86.528416,LOCAL/CITY ROAD,N,URBAN,N,N,N,,DARK (LIGHTED),RAIN,WET,,T-INTERSECTION,STRAIGHT/GRADE,ASPHALT,SPEED TOO FAST FOR WEATHER CONDITIONS,REAR END,EVARSITYLNNDUNNST,NONE
BLOOMINGTON PD,BLOOMINGTON,10/11/2019,6:00 PM,2,0,0,0,0,,,,N GRANT,E 19TH ST,,100,W,39.18104,-86.529696,LOCAL/CITY ROAD,Y,URBAN,N,N,N,,DAYLIGHT,RAIN,DRY,,FOUR-WAY INTERSECTION,STRAIGHT/LEVEL,ASPHALT,UNSAFE BACKING,BACKING CRASH,E19THSTNGRANTST,NONE
MONROE SD,BLOOMINGTON,10/11/2019,9:10 AM,2,0,0,0,0,,,,S CURRY,W BEASLEY DR,,,,39.14917,-86.5826,COUNTY ROAD,N,RURAL,N,N,N,,DAYLIGHT,RAIN,WET,,NO JUNCTION INVOLVED,STRAIGHT/LEVEL,ASPHALT,SPEED TOO FAST FOR WEATHER CONDITIONS,REAR END,BEASLEYDRSOUTHCURRYPIKE,NONE
MONROE SD,BLOOMINGTON,10/11/2019,6:00 PM,1,0,0,0,0,,,,W FULLERTON,S LEONARD SPRINGS RD,,300,E,39.123376,-86.582592,LOCAL/CITY ROAD,N,RURAL,N,N,N,,DAYLIGHT,RAIN,WET,,NO JUNCTION INVOLVED,STRAIGHT/LEVEL,ASPHALT,BRAKE FAILURE OR DEFECTIVE,RAN OFF ROAD,SLEONARDSPRINGSRDWFULLERTONPIKE,NO PASSING ZONE
BLOOMINGTON PD,BLOOMINGTON,10/12/2019,7:30 PM,2,0,0,0,0,,,,SR 46,S PETE ELLIS DR,,100,W,39.16423651,-86.49544078,LOCAL/CITY ROAD,Y,URBAN,N,N,N,,DARK (LIGHTED),CLEAR,DRY,,FOUR-WAY INTERSECTION,STRAIGHT/GRADE,ASPHALT,UNSAFE LANE MOVEMENT,SAME DIRECTION SIDESWIPE,3RDSTPETEELLISDR,NONE
BLOOMINGTON PD,BLOOMINGTON,10/12/2019,9:04 AM,2,0,0,0,0,,,,N COLLEGE,W 7TH ST,,,,39.168656,-86.534784,LOCAL/CITY ROAD,N,URBAN,N,N,N,,DARK (LIGHTED),CLEAR,DRY,,NO JUNCTION INVOLVED,STRAIGHT/LEVEL,ASPHALT,FAILURE TO YIELD RIGHT OF WAY,SAME DIRECTION SIDESWIPE,7THSTCOLLEGEAVE,NONE
INDIANA UNIV BLOOMINGTON PD,BLOOMINGTON,10/12/2019,4:55 PM,1,0,0,0,0,,,,E 3RD,S HIGHLAND AVE,,,,39.16427,-86.51772,LOCAL/CITY ROAD,N,URBAN,N,N,N,,DAYLIGHT,CLEAR,DRY,,NO JUNCTION INVOLVED,STRAIGHT/LEVEL,ASPHALT,UNSAFE SPEED,RAN OFF ROAD,HIGHLANDAVETHIRDST,NONE
MONROE SD,BLOOMINGTON,10/12/2019,6:30 PM,1,0,0,0,0,,,,I-69 N,E SAMPLE RD,Y,,,39.27125,-86.52750503,INTERSTATE,N,RURAL,N,N,N,,DAYLIGHT,CLEAR,DRY,,NO JUNCTION INVOLVED,CURVE/LEVEL,ASPHALT,UNSAFE SPEED,OTHER - EXPLAIN IN NARRATIVE,I69NSAMPLERD,ROUNDABOUT INTERSECTION
MONROE SD,BLOOMINGTON,10/12/2019,8:13 PM,2,0,0,0,0,,,,SR 37,S ZIKES RD,,100,S,39.04918134,-86.53588594,STATE ROAD,N,RURAL,N,N,N,,DARK (NOT LIGHTED),CLEAR,DRY,,T-INTERSECTION,STRAIGHT/LEVEL,ASPHALT,IMPROPER LANE USAGE,SAME DIRECTION SIDESWIPE,SZIKESRDSR37S,NONE
BLOOMINGTON PD,BLOOMINGTON,10/12/2019,10:42 AM,3,0,0,0,0,,,,E 15TH,N LINCOLN ST,,,,39.176896,-86.53088,LOCAL/CITY ROAD,N,URBAN,N,N,N,,DAYLIGHT,CLEAR,DRY,,FOUR-WAY INTERSECTION,STRAIGHT/LEVEL,ASPHALT,FAILURE TO YIELD RIGHT OF WAY,RIGHT ANGLE,E15THSTNLINCOLNST,STOP SIGN
BLOOMINGTON PD,BLOOMINGTON,10/12/2019,10:11 AM,2,0,0,0,0,,,,E 4TH,S WASHINGTON ST,,,,39.165648,-86.5324,LOCAL/CITY ROAD,N,URBAN,N,N,N,,DARK (LIGHTED),CLEAR,DRY,,FOUR-WAY INTERSECTION,STRAIGHT/LEVEL,ASPHALT,FAILURE TO YIELD RIGHT OF WAY,RIGHT ANGLE,4THSTWASHINGTONST,STOP SIGN
MONROE SD,BLOOMINGTON,10/12/2019,2:23 AM,1,0,0,0,0,,,,I-69 N,,,,,41.21841477,-85.10442919,INTERSTATE,Y,URBAN,N,N,N,,DARK (NOT LIGHTED),CLEAR,DRY,,NO JUNCTION INVOLVED,STRAIGHT/LEVEL,ASPHALT,RAN OFF ROAD RIGHT,RAN OFF ROAD,I69N118.5,NONE
BLOOMINGTON PD,BLOOMINGTON,10/12/2019,10:51 PM,2,0,0,0,0,,,,N CLARK,E 7TH ST,,,,39.168224,-86.504832,LOCAL/CITY ROAD,N,URBAN,N,N,N,,DARK (NOT LIGHTED),CLEAR,DRY,,FOUR-WAY INTERSECTION,STRAIGHT/LEVEL,ASPHALT,UNSAFE LANE MOVEMENT,REAR END,E7THSTNCLARKST,STOP SIGN
INDIANA UNIV BLOOMINGTON PD,BLOOMINGTON,10/12/2019,4:34 PM,2,0,0,0,0,,,,N INDIANA,E 10TH ST,,,,39.17167,-86.527,LOCAL/CITY ROAD,Y,URBAN,N,N,N,,DAYLIGHT,CLEAR,DRY,,FOUR-WAY INTERSECTION,STRAIGHT/GRADE,ASPHALT,FOLLOWING TOO CLOSELY,REAR END,INDIANAAVETENTHST,NONE
BLOOMINGTON PD,BLOOMINGTON,10/12/2019,3:35 PM,2,0,3,0,0,,,,N WALNUT,,,,,39.186368,-86.5344,LOCAL/CITY ROAD,N,URBAN,N,N,N,,DAYLIGHT,CLEAR,DRY,,FOUR-WAY INTERSECTION,STRAIGHT/LEVEL,ASPHALT,FOLLOWING TOO CLOSELY,REAR END,NWALNUTSTSR46W,TRAFFIC CONTROL SIGNAL
BLOOMINGTON PD,BLOOMINGTON,10/12/2019,12:54 AM,2,0,0,0,0,,,,S DUNN,E 4TH ST,,,,39.165648,-86.528144,LOCAL/CITY ROAD,Y,URBAN,N,N,N,,DARK (LIGHTED),CLOUDY,WET,,NO JUNCTION INVOLVED,STRAIGHT/GRADE,ASPHALT,IMPROPER TURNING,REAR END,E4THSTSDUNNST,STOP SIGN
MONROE SD,BLOOMINGTON,10/12/2019,11:29 PM,1,0,0,0,0,,,,S ENDWRIGHT,W AIRPORT RD,,,,39.136848,-86.5964,LOCAL/CITY ROAD,Y,URBAN,N,N,N,,DARK (NOT LIGHTED),CLEAR,DRY,,T-INTERSECTION,STRAIGHT/LEVEL,ASPHALT,UNSAFE SPEED,RAN OFF ROAD,AIRPORTRDENDWRIGHTRD,STOP SIGN
BLOOMINGTON PD,BLOOMINGTON,10/12/2019,11:18 PM,1,0,0,0,0,,,,W BELLE,S VILLAGE CT,,,,39.163552,-86.583792,LOCAL/CITY ROAD,Y,URBAN,N,N,N,,DARK (LIGHTED),CLEAR,DRY,,T-INTERSECTION,STRAIGHT/LEVEL,ASPHALT,UNSAFE SPEED,RAN OFF ROAD,SVILLAGECTWBELLEAVE,STOP SIGN
BLOOMINGTON PD,BLOOMINGTON,10/13/2019,9:15 PM,2,0,1,0,0,,,,SR 45/46,N DUNN ST,,,,39.186352,-86.528496,STATE ROAD,N,URBAN,N,N,N,,DARK (LIGHTED),CLEAR,DRY,,FOUR-WAY INTERSECTION,STRAIGHT/LEVEL,ASPHALT,FOLLOWING TOO CLOSELY,REAR END,NDUNNSTSR46W,TRAFFIC CONTROL SIGNAL
INDIANA UNIV BLOOMINGTON PD,BLOOMINGTON,10/13/2019,4:00 PM,2,0,0,0,0,,,,SR 45/46,N RANGE RD,,,,39.171504,-86.495312,LOCAL/CITY ROAD,Y,URBAN,N,N,N,,DAYLIGHT,CLEAR,DRY,,NO JUNCTION INVOLVED,CURVE/LEVEL,ASPHALT,IMPROPER LANE USAGE,SAME DIRECTION SIDESWIPE,RANGERDSR46RD,NONE
MONROE SD,BLOOMINGTON,10/13/2019,7:43 PM,1,0,0,0,1,,,,E DILLMAN,,,500,E,39.09283,-86.52780326,COUNTY ROAD,N,RURAL,N,N,N,,DARK (NOT LIGHTED),CLEAR,DRY,,FOUR-WAY INTERSECTION,STRAIGHT/LEVEL,ASPHALT,ANIMAL/OBJECT IN ROADWAY,COLLISION WITH ANIMAL OTHER,EDILLMANRDEMPIRERD,NONE
ISP BLOOMINGTON 33,HARRODSBURG,10/13/2019,20:40 M,1,,0,0,1,,,,SR 37,,,0,S,39.00890123,-86.537409,STATE ROAD,,RURAL,N,N,N,,DARK (NOT LIGHTED),CLEAR,DRY,,NO JUNCTION INVOLVED,,ASPHALT,ANIMAL/OBJECT IN ROADWAY,COLLISION WITH DEER,,
BLOOMINGTON PD,BLOOMINGTON,10/13/2019,2:30 AM,2,0,0,0,0,,,,W SMITH,S JACKSON ST,,,,39.16288,-86.53993,LOCAL/CITY ROAD,Y,URBAN,N,N,N,,DARK (NOT LIGHTED),CLEAR,DRY,,T-INTERSECTION,STRAIGHT/LEVEL,ASPHALT,OVERCORRECTING/OVERSTEERING,SAME DIRECTION SIDESWIPE,JACKSONSTSMITHAVE,NONE
BLOOMINGTON PD,BLOOMINGTON,10/14/2019,8:30 AM,2,0,0,0,0,,,,SR 46,KINGSTON DR S,,100,W,39.16424,-86.492944,LOCAL/CITY ROAD,N,RURAL,N,N,N,,DARK (LIGHTED),CLEAR,DRY,,NO JUNCTION INVOLVED,STRAIGHT/LEVEL,ASPHALT,UNSAFE LANE MOVEMENT,SAME DIRECTION SIDESWIPE,E3RDSTSKINGSTONDR,NONE
BLOOMINGTON PD,BLOOMINGTON,10/14/2019,5:38 PM,2,0,0,0,0,,,,SR 45/46,N DUNN ST,,,,39.186352,-86.528496,LOCAL/CITY ROAD,N,URBAN,N,N,N,,DAYLIGHT,CLEAR,DRY,,FOUR-WAY INTERSECTION,STRAIGHT/LEVEL,ASPHALT,FOLLOWING TOO CLOSELY,REAR END,DUNNSTSR4546BYP,TRAFFIC CONTROL SIGNAL
ELLETTSVILLE PD,ELLETTSVILLE,10/14/2019,6:42 AM,2,0,0,0,0,,,,SR 46,N LAKEVIEW DR,,,,39.221152,-86.6056,STATE ROAD,N,URBAN,N,N,N,,DARK (NOT LIGHTED),CLEAR,DRY,,T-INTERSECTION,STRAIGHT/LEVEL,ASPHALT,FAILURE TO YIELD RIGHT OF WAY,RIGHT ANGLE,NLAKEVIEWDRSR46W,STOP SIGN
MONROE SD,BLOOMINGTON,10/14/2019,5:30 PM,1,0,0,0,0,,,,E EARL YOUNG,,,1170,S,39.10032066,-86.45448,LOCAL/CITY ROAD,N,URBAN,N,N,N,,DAYLIGHT,CLEAR,DRY,,NO JUNCTION INVOLVED,STRAIGHT/GRADE,GRAVEL,RAN OFF ROAD RIGHT,RAN OFF ROAD,EEARLYOUNGRDEVERETTARNOLDLN,NONE
MONROE SD,BLOOMINGTON,10/14/2019,4:38 AM,1,0,0,0,1,,,,I-69 N,,,0,N,41.16101667,-85.10786235,INTERSTATE,N,URBAN,N,Y,N,,DARK (LIGHTED),CLEAR,DRY,,NO JUNCTION INVOLVED,STRAIGHT/GRADE,ASPHALT,ANIMAL/OBJECT IN ROADWAY,COLLISION WITH DEER,I69N114.5,NONE
ISP BLOOMINGTON 33,BLOOMINGTON,10/14/2019,16:40 M,1,,0,0,1,,,,I-69 S,,,0,S,39.09489385,-86.5655703,INTERSTATE,,RURAL,N,N,N,,DAYLIGHT,CLEAR,DRY,,NO JUNCTION INVOLVED,,CONCRETE,ANIMAL/OBJECT IN ROADWAY,COLLISION WITH DEER,,
MONROE SD,BLOOMINGTON,10/14/2019,1:12 PM,2,0,0,0,0,5925,,,S CHARLIE,S ROGERS ST,,,,39.102267,-86.539219,UNKNOWN,N,URBAN,N,N,N,,DAYLIGHT,CLEAR,DRY,,NO JUNCTION INVOLVED,STRAIGHT/LEVEL,ASPHALT,RAN OFF ROAD RIGHT,RAN OFF ROAD,SOUTHCHARLIEST,NONE
BLOOMINGTON PD,BLOOMINGTON,10/14/2019,8:10 AM,2,0,1,0,0,1351,,,W TAPP,S PINEHURST DR,,300,W,0,0,LOCAL/CITY ROAD,N,URBAN,N,N,N,,DAYLIGHT,CLEAR,DRY,,NO JUNCTION INVOLVED,STRAIGHT/HILLCREST,ASPHALT,LEFT OF CENTER,LEFT TURN,1351WTAPPRDPINEHURSTDR,LANE CONTROL
BLOOMINGTON PD,BLOOMINGTON,10/15/2019,11:42 AM,2,0,0,0,0,,,,SR 48,S CURRY PIKE,,200,E,39.16464,-86.58297731,LOCAL/CITY ROAD,N,URBAN,N,N,N,,DAYLIGHT,CLOUDY,DRY,,NO JUNCTION INVOLVED,STRAIGHT/LEVEL,ASPHALT,FOLLOWING TOO CLOSELY,REAR END,CURRYPIKEW3RDST,LANE CONTROL
INDIANA UNIV BLOOMINGTON PD,BLOOMINGTON,10/15/2019,2:00 PM,3,0,0,0,0,,,,SR 45/46,E 17TH ST,,,,39.17984,-86.507088,STATE ROAD,N,URBAN,N,N,N,,DAYLIGHT,CLEAR,DRY,,T-INTERSECTION,STRAIGHT/LEVEL,ASPHALT,DISREGARD SIGNAL/REG SIGN,RIGHT ANGLE,EAST17THSTSR46,TRAFFIC CONTROL SIGNAL
MONROE SD,BLOOMINGTON,10/15/2019,11:01 AM,2,0,0,0,0,,,,S WALNUT,S FAIRFAX RD,,300,N,39.13893688,-86.53149,LOCAL/CITY ROAD,N,URBAN,N,N,Y,LANE CLOSURE,DAYLIGHT,CLEAR,DRY,,NO JUNCTION INVOLVED,STRAIGHT/LEVEL,ASPHALT,OTHER (DRIVER) - EXPLAIN IN NARRATIVE,REAR END,SFAIRFAXRDSOLDSR37RD,NONE
MONROE SD,BLOOMINGTON,10/15/2019,7:33 PM,1,0,0,0,1,,,,SR 46,E KINGS RD,,1500,W,39.16676271,-86.4602362,STATE ROAD,N,RURAL,N,N,N,,DARK (NOT LIGHTED),CLOUDY,DRY,,NO JUNCTION INVOLVED,STRAIGHT/LEVEL,ASPHALT,ANIMAL/OBJECT IN ROADWAY,COLLISION WITH DEER,EKINGSRDSR46E,NO PASSING ZONE
BLOOMINGTON PD,BLOOMINGTON,10/15/2019,9:31 PM,2,0,2,0,0,,,,E HILLSIDE,S HENDERSON ST,,,,39.15064,-86.52696,LOCAL/CITY ROAD,N,URBAN,N,N,N,,DARK (LIGHTED),CLOUDY,WET,,FOUR-WAY INTERSECTION,STRAIGHT/LEVEL,ASPHALT,FAILURE TO YIELD RIGHT OF WAY,OPPOSITE DIRECTION SIDESWIPE,EHILLSIDEDRSHENDERSONST,TRAFFIC CONTROL SIGNAL
MONROE SD,BLOOMINGTON,10/15/2019,7:41 AM,1,0,0,0,1,,,,I-69 N,,,0,N,39.99117901,-85.87984449,INTERSTATE,N,RURAL,N,Y,N,,DAWN/DUSK,CLEAR,DRY,,NO JUNCTION INVOLVED,STRAIGHT/LEVEL,ASPHALT,ANIMAL/OBJECT IN ROADWAY,COLLISION WITH DEER,I69S12.5,NONE
MONROE SD,BLOOMINGTON,10/15/2019,5:59 PM,1,0,0,0,1,,,,I-69 S,,,100,N,41.12849711,-85.17702569,INTERSTATE,N,RURAL,N,Y,N,,DAWN/DUSK,CLOUDY,DRY,,NO JUNCTION INVOLVED,STRAIGHT/GRADE,ASPHALT,ANIMAL/OBJECT IN ROADWAY,COLLISION WITH DEER,I69S110.0,NONE
MONROE SD,BLOOMINGTON,10/15/2019,7:56 AM,1,0,0,0,0,4398,,,S WALNUT ST PIKE,,,,,39.11494122,-86.526496,COUNTY ROAD,N,RURAL,N,N,N,,DAWN/DUSK,CLEAR,DRY,,NO JUNCTION INVOLVED,STRAIGHT/GRADE,ASPHALT,RAN OFF ROAD RIGHT,RAN OFF ROAD,SWALNUTSTREETPIKE,LANE CONTROL
BLOOMINGTON PD,BLOOMINGTON,10/15/2019,2:51 PM,2,0,2,0,0,,,,W 2ND,S MAPLE ST,,,,39.161568,-86.542096,LOCAL/CITY ROAD,N,URBAN,N,N,N,,DAYLIGHT,CLEAR,DRY,,T-INTERSECTION,STRAIGHT/LEVEL,ASPHALT,IMPROPER TURNING,LEFT TURN,SMAPLESTW2NDST,NONE
MONROE SD,BLOOMINGTON,10/15/2019,9:00 PM,1,0,0,0,0,,,,W VERNAL,N ANGELINA LN,,,,39.18663,-86.60202,LOCAL/CITY ROAD,N,RURAL,N,N,N,,DARK (NOT LIGHTED),RAIN,WET,,T-INTERSECTION,STRAIGHT/LEVEL,ASPHALT,ANIMAL/OBJECT IN ROADWAY,COLLISION WITH ANIMAL OTHER,NANGELINALNWVERNALPIKE,NONE
MONROE SD,BLOOMINGTON,10/16/2019,8:56 AM,2,0,0,0,0,,,,SR 46,N SMITH PIKE,,,,39.210144,-86.5832,STATE ROAD,N,URBAN,N,N,N,,DAYLIGHT,CLEAR,DRY,,FOUR-WAY INTERSECTION,STRAIGHT/LEVEL,ASPHALT,FOLLOWING TOO CLOSELY,REAR END,NSMITHPIKESR46W,TRAFFIC CONTROL SIGNAL
BLOOMINGTON PD,BLOOMINGTON,10/16/2019,8:56 PM,3,0,0,0,0,,,,E 1ST,S LINCOLN ST,,100,W,39.177792,-86.530864,LOCAL/CITY ROAD,Y,URBAN,N,N,N,,DARK (NOT LIGHTED),CLEAR,DRY,,FOUR-WAY INTERSECTION,STRAIGHT/LEVEL,ASPHALT,OTHER (DRIVER) - EXPLAIN IN NARRATIVE,SAME DIRECTION SIDESWIPE,EAST1STSTSOUTHLINCOLNST,NONE
BLOOMINGTON PD,BLOOMINGTON,10/16/2019,1:25 PM,2,0,0,0,0,,,,INDUSTRIAL,S CURRY PIKE,,,,39.14393,-86.58262,LOCAL/CITY ROAD,Y,URBAN,N,N,N,,DAYLIGHT,CLOUDY,DRY,,T-INTERSECTION,STRAIGHT/GRADE,ASPHALT,UNSAFE BACKING,BACKING CRASH,SCURRYPIKEWINDUSTRIALBLVD,STOP SIGN
MONROE SD,BLOOMINGTON,10/16/2019,8:56 AM,1,0,0,0,0,,,,N BEECHWOOD HEIGHTS,,,400,N,0,0,COUNTY ROAD,N,RURAL,N,N,N,,DAYLIGHT,CLOUDY,WET,,NO JUNCTION INVOLVED,CURVE/GRADE,ASPHALT,ANIMAL/OBJECT IN ROADWAY,RAN OFF ROAD,BEECHWOODLNSOUTHSHOREDR,NONE
BLOOMINGTON PD,BLOOMINGTON,10/16/2019,12:05 AM,1,0,0,0,0,,,,S BASSWOOD,S MULLER PKWY,,100,S,39.1534849,-86.56333493,LOCAL/CITY ROAD,N,URBAN,N,N,N,,DARK (NOT LIGHTED),CLOUDY,WET,,NO JUNCTION INVOLVED,CURVE/GRADE,ASPHALT,ANIMAL/OBJECT IN ROADWAY,RAN OFF ROAD,MULLERPKWYSBASSWOODDR,NONE
MONROE SD,BLOOMINGTON,10/16/2019,8:59 AM,1,0,0,0,0,,,,S STRAIN RIDGE,E DOC MITCHELL ST,,300,N,39.09919472,-86.50785,LOCAL/CITY ROAD,N,RURAL,N,N,N,,DAYLIGHT,CLOUDY,DRY,,NO JUNCTION INVOLVED,STRAIGHT/LEVEL,ASPHALT,RAN OFF ROAD RIGHT,RAN OFF ROAD,EDOCMITCHELLSTSSTRAINRIDGERD,NONE