Agency,City,Collision Date,Collision Time,Vehicles Involved,Trailers Involved,Number Injured,Number Dead,Number Deer,House Number,Roadway Interchange,Roadway Ramp,Roadway Id,Intersecting Road,Interchange,Feet From,Direction,Latitude,Longitude,Roadway Class,Hit and Run?,Locality,School Zone?,Rumble Strips?,Construction?,Construction Type,Light Condition,Weather Conditions,Surface Condition,Type of Median,Roadway Junction Type,Road Character,Roadway Surface,Primary Factor,Manner of Collision,Unique Location Id,Traffic Control
INDIANA UNIV BLOOMINGTON PD,BLOOMINGTON,10/16/2019,5:13 PM,2,0,0,0,0,,,,S UNION,E 3RD ST,,,,39.16427,-86.50939,LOCAL/CITY ROAD,Y,URBAN,N,N,N,,DAYLIGHT,CLOUDY,DRY,,T-INTERSECTION,STRAIGHT/LEVEL,ASPHALT,IMPROPER TURNING,LEFT TURN,THIRDSTUNIONST,STOP SIGN
MONROE SD,BLOOMINGTON,10/16/2019,3:09 PM,2,0,0,0,0,,,,W AIRPORT,S BUNGER RD,,,,39.136848,-86.606,LOCAL/CITY ROAD,N,RURAL,N,N,N,,DAYLIGHT,CLOUDY,DRY,,T-INTERSECTION,STRAIGHT/GRADE,ASPHALT,FAILURE TO YIELD RIGHT OF WAY,RIGHT ANGLE,AIRPORTRDBUNGERRD,NONE
BLOOMINGTON PD,BLOOMINGTON,10/16/2019,3:31 PM,1,0,0,0,0,,,,W ALEXANDER,ENTRANCE TO PRIVATE DRIVE OF 350 N GATES,,,,39.169874,-86.574978,LOCAL/CITY ROAD,Y,URBAN,N,N,N,,DAYLIGHT,CLOUDY,DRY,,FOUR-WAY INTERSECTION,STRAIGHT/LEVEL,ASPHALT,RAN OFF ROAD RIGHT,RAN OFF ROAD,PRIVATEDRIVEOF350NGATESSTWALEXANDERDR,STOP SIGN
BLOOMINGTON PD,BLOOMINGTON,10/17/2019,4:16 PM,3,0,0,0,0,,,,SR 48,S CURRY PIKE,,,,39.164544,-86.560096,LOCAL/CITY ROAD,N,URBAN,N,N,N,,DAYLIGHT,CLEAR,DRY,,FOUR-WAY INTERSECTION,STRAIGHT/LEVEL,ASPHALT,DRIVER DISTRACTED - EXPLAIN IN NARRATIVE,REAR END,SCURRYPIKEW3RDST,TRAFFIC CONTROL SIGNAL
MONROE SD,BLOOMINGTON,10/17/2019,5:31 PM,2,0,1,0,0,,,,N CURRY,W VERNAL PIKE,,1200,S,39.179248,-86.5832,LOCAL/CITY ROAD,N,URBAN,N,N,N,,DAYLIGHT,CLEAR,DRY,,NO JUNCTION INVOLVED,STRAIGHT/LEVEL,ASPHALT,FAILURE TO YIELD RIGHT OF WAY,RIGHT ANGLE,NCURRYPIKEWVERNALPIKE,NONE
INDIANA UNIV BLOOMINGTON PD,BLOOMINGTON,10/17/2019,11:15 AM,2,0,0,0,0,,,,E 10TH,N JORDAN AVE,,,,39.171552,-86.515728,LOCAL/CITY ROAD,N,URBAN,N,N,N,,DAYLIGHT,CLEAR,DRY,,FOUR-WAY INTERSECTION,STRAIGHT/GRADE,ASPHALT,FOLLOWING TOO CLOSELY,REAR END,E10THSTNJORDANAVE,TRAFFIC CONTROL SIGNAL
MONROE SD,BLOOMINGTON,10/17/2019,4:22 AM,1,0,0,0,0,,,,SR 37,S VICTOR PIKE,,50,N,39.10564609,-86.55123239,STATE ROAD,N,RURAL,N,N,Y,INTERMITTENT OR MOVING WORK,DARK (LIGHTED),CLEAR,DRY,,NO JUNCTION INVOLVED,STRAIGHT/GRADE,ASPHALT,DRIVER ASLEEP OR FATIGUED,RAN OFF ROAD,SR37SWVICTORPIKE,LANE CONTROL
BLOOMINGTON PD,BLOOMINGTON,10/17/2019,12:00 AM,1,0,0,0,0,,,,E 17TH,N WALNUT ST,,300,E,39.17902207,-86.53233811,LOCAL/CITY ROAD,Y,URBAN,N,N,N,,DAYLIGHT,,,,NO JUNCTION INVOLVED,STRAIGHT/GRADE,ASPHALT,RAN OFF ROAD RIGHT,RAN OFF ROAD,17THSTWALNUTST,NONE
INDIANA UNIV BLOOMINGTON PD,BLOOMINGTON,10/17/2019,8:15 AM,2,0,0,0,0,,,,E 3RD,S FACULTY AVE,,,,39.164352,-86.521088,LOCAL/CITY ROAD,N,URBAN,N,N,N,,DAYLIGHT,CLEAR,DRY,,T-INTERSECTION,STRAIGHT/LEVEL,ASPHALT,FAILURE TO YIELD RIGHT OF WAY,RIGHT ANGLE,E3RDSTSFACULTYAVE,STOP SIGN
INDIANA UNIV BLOOMINGTON PD,BLOOMINGTON,10/17/2019,3:45 PM,1,0,1,0,0,,,,E 3RD,S MITCHELL ST,,75,E,39.16425,-86.51423648,LOCAL/CITY ROAD,N,URBAN,N,N,N,,DAYLIGHT,CLEAR,DRY,,T-INTERSECTION,STRAIGHT/GRADE,ASPHALT,FAILURE TO YIELD RIGHT OF WAY,RIGHT ANGLE,MITCHELLSTTHIRDST,STOP SIGN
MONROE SD,ELLETTSVILLE,10/17/2019,3:31 PM,2,0,0,0,0,,,,N COUNTY LINE,W FLATWOODS RD,,,,39.25257,-86.68432,LOCAL/CITY ROAD,N,RURAL,N,N,N,,DAYLIGHT,CLEAR,DRY,,FOUR-WAY INTERSECTION,STRAIGHT/LEVEL,OTHER - EXPLAIN IN NARRATIVE,FAILURE TO YIELD RIGHT OF WAY,RIGHT ANGLE,NCOUNTYLINERDWFLATWOODSRD,STOP SIGN
BLOOMINGTON PD,BLOOMINGTON,10/17/2019,5:20 PM,2,0,0,0,0,,,,S HIGH,,,700,S,39.06574593,-86.50823,LOCAL/CITY ROAD,N,URBAN,Y,N,N,,DAYLIGHT,CLEAR,DRY,,FOUR-WAY INTERSECTION,STRAIGHT/GRADE,ASPHALT,FAILURE TO YIELD RIGHT OF WAY,LEFT TURN,EROCKCREEKDRSHIGHST,NONE
MONROE SD,BLOOMINGTON,10/17/2019,8:14 AM,2,0,0,0,0,,,,SR 46,FOSTER FISCUS RD,,,,39.28011,-86.67979,STATE ROAD,N,RURAL,N,N,N,,DAYLIGHT,CLOUDY,DRY,,T-INTERSECTION,CURVE/LEVEL,ASPHALT,IMPROPER PASSING,SAME DIRECTION SIDESWIPE,FOSTERFISCUSRDSR46W,NONE
ISP BLOOMINGTON 33,BLOOMINGTON,10/17/2019,18:27 M,1,,0,0,0,,,,SR 46,,,634,E,39.16203566,-86.41217827,STATE ROAD,,RURAL,N,N,N,,DAYLIGHT,CLEAR,DRY,,NO JUNCTION INVOLVED,,ASPHALT,,RAN OFF ROAD,,
INDIANA UNIV BLOOMINGTON PD,BLOOMINGTON,10/18/2019,12:35 AM,1,0,0,0,0,,,,E 10TH,N JEFFERSON ST,,100,E,39.17164801,-86.50673515,LOCAL/CITY ROAD,N,URBAN,N,N,N,,DARK (NOT LIGHTED),CLEAR,DRY,,NO JUNCTION INVOLVED,CURVE/LEVEL,ASPHALT,UNSAFE SPEED,RAN OFF ROAD,10THSTJEFFERSONST,NONE
BLOOMINGTON PD,BLOOMINGTON,10/18/2019,4:30 PM,2,0,0,0,0,,,,N WALNUT,E 10TH ST,,,,39.171744,-86.53352,LOCAL/CITY ROAD,Y,URBAN,N,N,N,,DARK (LIGHTED),CLEAR,DRY,,FOUR-WAY INTERSECTION,STRAIGHT/LEVEL,ASPHALT,IMPROPER LANE USAGE,BACKING CRASH,E10THSTNWALNUTST,TRAFFIC CONTROL SIGNAL
BLOOMINGTON PD,BLOOMINGTON,10/18/2019,4:49 PM,2,0,4,0,0,,,,S COLLEGE MALL,E BUICK CADILLAC BLVD,,,,39.15816,-86.497792,LOCAL/CITY ROAD,N,URBAN,N,N,N,,DAYLIGHT,CLEAR,DRY,,FOUR-WAY INTERSECTION,STRAIGHT/GRADE,ASPHALT,UNSAFE LANE MOVEMENT,HEAD ON BETWEEN TWO MOTOR VEHICLES,EBUICKCADILLACBLVDSCOLLEGEMALLRD,TRAFFIC CONTROL SIGNAL
BLOOMINGTON PD,BLOOMINGTON,10/18/2019,12:50 PM,2,0,0,0,0,,,,SR 45/46,N MONROE ST,,200,E,39.18691229,-86.54609567,STATE ROAD,N,URBAN,N,N,Y,LANE CLOSURE,DAYLIGHT,CLEAR,DRY,,NO JUNCTION INVOLVED,STRAIGHT/LEVEL,ASPHALT,FAILURE TO YIELD RIGHT OF WAY,SAME DIRECTION SIDESWIPE,MONROESTSR46E,LANE CONTROL
MONROE SD,BLOOMINGTON,10/18/2019,3:49 PM,2,0,0,0,0,,,,W 17TH,N WILLIS DR,,100,W,39.179104,-86.544016,LOCAL/CITY ROAD,N,URBAN,N,N,N,,DAYLIGHT,CLEAR,DRY,,T-INTERSECTION,STRAIGHT/LEVEL,ASPHALT,FOLLOWING TOO CLOSELY,REAR END,NWILLISDRW17THST,NONE
MONROE SD,BLOOMINGTON,10/18/2019,7:24 PM,1,0,0,0,1,,,,SR 37,S VICTOR PIKE,,300,S,39.10487224,-86.55050631,STATE ROAD,N,RURAL,N,N,N,,DARK (NOT LIGHTED),CLEAR,DRY,,FOUR-WAY INTERSECTION,STRAIGHT/LEVEL,ASPHALT,ANIMAL/OBJECT IN ROADWAY,COLLISION WITH DEER,SVICTORPIKESR37S,NONE
BLOOMINGTON PD,BLOOMINGTON,10/18/2019,7:15 PM,2,0,0,0,0,,,,E ATWATER,S SWAIN AVE,,,,39.163152,-86.515168,LOCAL/CITY ROAD,N,URBAN,N,N,N,,DARK (NOT LIGHTED),CLEAR,DRY,,T-INTERSECTION,STRAIGHT/LEVEL,ASPHALT,DISREGARD SIGNAL/REG SIGN,RIGHT ANGLE,EASTATWATERAVESOUTHSWAINAVE,STOP SIGN
BLOOMINGTON PD,BLOOMINGTON,10/18/2019,2:40 PM,1,0,1,0,0,,,,E BENNINGTON,S ROMANS CT,,100,E,39.15981,-86.47926864,LOCAL/CITY ROAD,N,URBAN,N,N,N,,DAYLIGHT,CLEAR,DRY,,NO JUNCTION INVOLVED,CURVE/LEVEL,ASPHALT,RAN OFF ROAD RIGHT,RAN OFF ROAD,EBENNINGTONBLVDSOUTHROMANSCT,NONE
ISP BLOOMINGTON 33,BLOOMINGTON,10/18/2019,07:15 M,1,,0,0,1,,,,I-69 S,,,0,S,39.07820521,-86.58378787,INTERSTATE,,RURAL,N,N,N,,DARK (NOT LIGHTED),CLEAR,DRY,,NO JUNCTION INVOLVED,,CONCRETE,ANIMAL/OBJECT IN ROADWAY,COLLISION WITH DEER,,
MONROE SD,ELLETTSVILLE,10/18/2019,7:28 AM,1,0,0,0,0,,,,N STARNES,W MALLORY RD,,900,N,39.202144,-86.658608,LOCAL/CITY ROAD,N,RURAL,N,N,N,,DAWN/DUSK,CLEAR,DRY,,NO JUNCTION INVOLVED,STRAIGHT/GRADE,ASPHALT,DRIVER DISTRACTED - EXPLAIN IN NARRATIVE,RAN OFF ROAD,NSTARNESRDWMALLORYRD,NONE
MONROE SD,ELLETTSVILLE,10/18/2019,4:45 PM,2,0,0,0,0,,,,N UNION VALLEY,W LYNWEST DR,,,,39.21584,-86.5928,LOCAL/CITY ROAD,N,RURAL,N,N,N,,DAYLIGHT,CLEAR,DRY,,T-INTERSECTION,STRAIGHT/LEVEL,ASPHALT,FAILURE TO YIELD RIGHT OF WAY,RIGHT ANGLE,NUNIONVALLEYRDWLYNWESTDR,STOP SIGN
MONROE SD,BLOOMINGTON,10/18/2019,12:39 PM,2,0,0,0,0,1285,,,S LIBERTY,,,,,39.158491,-86.57527,UNKNOWN,N,URBAN,N,N,N,,DAYLIGHT,CLEAR,DRY,,NO JUNCTION INVOLVED,CURVE/LEVEL,ASPHALT,FAILURE TO YIELD RIGHT OF WAY,LEFT TURN,SOUTHLIBERTYDR,NONE
BLOOMINGTON PD,BLOOMINGTON,10/18/2019,12:00 PM,2,0,0,0,0,,,,S LINCOLN,E 4TH ST,,,,39.16558,-86.53109,LOCAL/CITY ROAD,N,URBAN,N,N,N,,DAYLIGHT,CLEAR,DRY,,FOUR-WAY INTERSECTION,STRAIGHT/LEVEL,ASPHALT,FAILURE TO YIELD RIGHT OF WAY,RIGHT ANGLE,4THSTLINCOLNST,STOP SIGN
BLOOMINGTON PD,BLOOMINGTON,10/18/2019,3:00 AM,1,0,1,0,0,,,,S PEACHTREE,,,300,N,39.1876463,-86.55583,LOCAL/CITY ROAD,N,URBAN,N,N,N,,UNKNOWN,CLEAR,DRY,,NO JUNCTION INVOLVED,STRAIGHT/LEVEL,ASPHALT,UNSAFE SPEED,OTHER - EXPLAIN IN NARRATIVE,SOUTHPEACHTREELNWESTALLENST,NONE
BLOOMINGTON PD,BLOOMINGTON,10/18/2019,11:25 AM,2,1,0,0,0,,,,SR 45/46,W STONELAKE DR,,300,W,39.18699904,-86.54785641,STATE ROAD,N,URBAN,N,N,Y,X-OVER/LANE SHIFT,DAYLIGHT,CLEAR,DRY,,NO JUNCTION INVOLVED,STRAIGHT/LEVEL,CONCRETE,IMPROPER TURNING,LEFT TURN,MONROESTSR46E,LANE CONTROL
MONROE SD,BLOOMINGTON,10/18/2019,4:17 PM,2,0,0,0,0,,,,SR 48,W PROFILE PKWY,,,,39.16474,-86.59259,STATE ROAD,N,RURAL,N,N,N,,DAYLIGHT,CLEAR,DRY,,FOUR-WAY INTERSECTION,STRAIGHT/LEVEL,ASPHALT,FAILURE TO YIELD RIGHT OF WAY,RIGHT ANGLE,PROFILEPKWYSR48,TRAFFIC CONTROL SIGNAL
MONROE SD,BLOOMINGTON,10/18/2019,3:20 PM,2,0,1,0,0,,,,W REEVES,N STARNES RD,,,,39.231536,-86.6588,LOCAL/CITY ROAD,N,RURAL,N,N,N,,DAYLIGHT,CLEAR,DRY,,FOUR-WAY INTERSECTION,STRAIGHT/LEVEL,ASPHALT,FAILURE TO YIELD RIGHT OF WAY,RIGHT ANGLE,NSTARNESRDWREEVESRD,STOP SIGN
ELLETTSVILLE PD,ELLETTSVILLE,10/19/2019,3:13 PM,2,0,0,0,0,,,,N UNIONVALLEY,SR 46,,,,39.215152,-86.5928,LOCAL/CITY ROAD,N,URBAN,N,N,N,,DAYLIGHT,CLEAR,DRY,,FOUR-WAY INTERSECTION,STRAIGHT/LEVEL,ASPHALT,FAILURE TO YIELD RIGHT OF WAY,RIGHT TURN,STATEROAD46WRDUNIONVALLEYRD,STOP SIGN
BLOOMINGTON PD,BLOOMINGTON,10/19/2019,12:29 PM,2,0,1,0,0,,,,E HILLSIDE,S CLIFTON AVE,,,,39.150544,-86.5096,LOCAL/CITY ROAD,N,URBAN,N,N,N,,DAYLIGHT,CLEAR,DRY,,NO JUNCTION INVOLVED,STRAIGHT/GRADE,ASPHALT,FAILURE TO YIELD RIGHT OF WAY,REAR END,EHILLSIDEDRSCLIFTONAVE,LANE CONTROL
BLOOMINGTON PD,BLOOMINGTON,10/19/2019,3:15 PM,2,0,1,0,0,,,,N WALNUT,E BLUE RIDGE DR,,50,S,39.196848,-86.5344,LOCAL/CITY ROAD,N,URBAN,N,N,N,,DAYLIGHT,CLEAR,DRY,,T-INTERSECTION,STRAIGHT/LEVEL,ASPHALT,UNSAFE SPEED,OTHER - EXPLAIN IN NARRATIVE,BLUERIDGEDRNORTHWALNUTST,LANE CONTROL
MONROE SD,BLOOMINGTON,10/19/2019,10:32 PM,1,0,1,0,0,,,,N WAYPORT,E ELLIS RD,,300,S,39.22862068,-86.52276286,COUNTY ROAD,N,RURAL,N,N,N,,DARK (NOT LIGHTED),CLEAR,DRY,,T-INTERSECTION,STRAIGHT/LEVEL,ASPHALT,RAN OFF ROAD RIGHT,RAN OFF ROAD,EELLISRDNWAYPORTRD,NONE
BLOOMINGTON PD,BLOOMINGTON,10/19/2019,9:30 PM,1,0,1,0,0,,,,W 17TH,N JACKSON,,,,39.179024,-86.539616,LOCAL/CITY ROAD,Y,URBAN,N,N,N,,DARK (LIGHTED),CLEAR,DRY,,FOUR-WAY INTERSECTION,STRAIGHT/GRADE,ASPHALT,DISREGARD SIGNAL/REG SIGN,RIGHT ANGLE,NORTHJACKSONSTWEST17THST,STOP SIGN
BLOOMINGTON PD,BLOOMINGTON,10/19/2019,8:19 AM,1,0,0,0,1,,,,W TAPP,S DEBORAH DR,,,,39.13666,-86.56784,LOCAL/CITY ROAD,N,URBAN,N,N,N,,DAYLIGHT,CLEAR,DRY,,FOUR-WAY INTERSECTION,STRAIGHT/GRADE,ASPHALT,ANIMAL/OBJECT IN ROADWAY,COLLISION WITH DEER,DEBORAHDRTAPPRD,NONE
MONROE SD,BLOOMINGTON,10/20/2019,11:18 AM,1,0,0,0,0,,,,S WALNUT,W CHURCH LN,,,,39.107248,-86.531392,COUNTY ROAD,N,URBAN,N,N,N,,DAYLIGHT,CLEAR,DRY,,FOUR-WAY INTERSECTION,STRAIGHT/GRADE,ASPHALT,RAN OFF ROAD RIGHT,RAN OFF ROAD,SOUTHOLDSTATEROAD37RDWESTCHURCHLN,TRAFFIC CONTROL SIGNAL
BLOOMINGTON PD,BLOOMINGTON,10/20/2019,7:25 PM,1,0,0,0,1,,,,E HILLSIDE,S HUNTINGTON DR,,,,39.150688,-86.520896,LOCAL/CITY ROAD,N,URBAN,N,N,N,,DARK (NOT LIGHTED),CLEAR,DRY,,T-INTERSECTION,STRAIGHT/LEVEL,ASPHALT,ANIMAL/OBJECT IN ROADWAY,COLLISION WITH DEER,EASTHILLSIDEDRSOUTHHUNTINGTONDR,NONE
MONROE SD,BLOOMINGTON,10/20/2019,7:29 AM,1,0,0,0,0,,,,I-69 S,,,0,S,0,0,STATE ROAD,N,RURAL,N,N,N,,DARK (NOT LIGHTED),CLEAR,DRY,,NO JUNCTION INVOLVED,STRAIGHT/HILLCREST,ASPHALT,ANIMAL/OBJECT IN ROADWAY,COLLISION WITH OBJECT IN ROAD,SR69S122.5,NONE
BLOOMINGTON PD,BLOOMINGTON,10/20/2019,7:42 PM,2,0,0,0,0,,,,N WALNUT,N FRITZ DR,,1000,N,39.191248,-86.532896,LOCAL/CITY ROAD,N,URBAN,N,N,N,,DARK (LIGHTED),CLEAR,DRY,,NO JUNCTION INVOLVED,STRAIGHT/LEVEL,ASPHALT,FOLLOWING TOO CLOSELY,REAR END,NFRITZDRNWALNUTST,NONE
MONROE SD,BLOOMINGTON,10/20/2019,1:50 PM,2,0,0,0,0,6280,,,S OLD SR 37,,,,,39.24148245,-86.49912327,UNKNOWN,N,URBAN,N,N,N,,DAYLIGHT,CLEAR,DRY,,T-INTERSECTION,STRAIGHT/LEVEL,ASPHALT,FAILURE TO YIELD RIGHT OF WAY,RIGHT ANGLE,OLDSTATEROAD37HWY,LANE CONTROL
INDIANA UNIV BLOOMINGTON PD,BLOOMINGTON,10/21/2019,9:30 AM,2,0,3,0,0,,,,E 17TH,SR 45/46,,,,0,0,STATE ROAD,N,URBAN,N,N,N,,DAYLIGHT,RAIN,WET,,T-INTERSECTION,STRAIGHT/LEVEL,ASPHALT,FAILURE TO YIELD RIGHT OF WAY,LEFT TURN,EAST17THSTSR46,TRAFFIC CONTROL SIGNAL
ELLETTSVILLE PD,ELLETTSVILLE,10/21/2019,7:43 AM,2,0,0,0,0,,,,SR 46,N SMITH PIKE,,,,39.210144,-86.5832,STATE ROAD,N,URBAN,N,N,N,,DARK (LIGHTED),CLOUDY,WET,,NO JUNCTION INVOLVED,STRAIGHT/LEVEL,ASPHALT,FOLLOWING TOO CLOSELY,RAN OFF ROAD,SMITHPIKESR46W,TRAFFIC CONTROL SIGNAL
INDIANA UNIV BLOOMINGTON PD,BLOOMINGTON,10/21/2019,8:30 PM,2,0,0,0,0,,,,SR 45/46,N DUNN ST,,,,39.186352,-86.528496,STATE ROAD,N,URBAN,N,N,N,,DARK (NOT LIGHTED),CLEAR,DRY,,FOUR-WAY INTERSECTION,STRAIGHT/LEVEL,ASPHALT,OTHER (DRIVER) - EXPLAIN IN NARRATIVE,REAR END,DUNNSTSR45W,TRAFFIC CONTROL SIGNAL
INDIANA UNIV BLOOMINGTON PD,BLOOMINGTON,10/21/2019,8:43 AM,1,0,1,0,0,,,,E 10TH,N SUNRISE DR,,300,E,0,0,LOCAL/CITY ROAD,N,URBAN,N,N,N,,DAYLIGHT,RAIN,WET,,NO JUNCTION INVOLVED,STRAIGHT/LEVEL,ASPHALT,PEDESTRIAN ACTION,RIGHT ANGLE,10THSTSUNRISEAVE,NONE
INDIANA UNIV BLOOMINGTON PD,BLOOMINGTON,10/21/2019,1:30 PM,1,0,1,0,0,,,,E 10TH,N JEFFERSON ST,,200,E,39.17141,-86.5072173,LOCAL/CITY ROAD,N,URBAN,N,N,N,,DAYLIGHT,CLOUDY,WET,,NO JUNCTION INVOLVED,CURVE/LEVEL,ASPHALT,SPEED TOO FAST FOR WEATHER CONDITIONS,RAN OFF ROAD,10THSTJEFFERSONST,NONE
BLOOMINGTON PD,BLOOMINGTON,10/21/2019,4:51 PM,2,0,1,0,0,,,,SR 45/46,N MONROE ST,,,,39.186944,-86.5468,STATE ROAD,N,URBAN,N,N,N,,DAYLIGHT,CLEAR,DRY,,FOUR-WAY INTERSECTION,STRAIGHT/GRADE,ASPHALT,FAILURE TO YIELD RIGHT OF WAY,RIGHT ANGLE,NMONROESTSR45W,STOP SIGN
MONROE SD,BLOOMINGTON,10/21/2019,4:07 PM,1,0,0,0,0,,,,SR 48,W VERNAL PIKE,,500,W,39.16871806,-86.66283373,STATE ROAD,N,RURAL,N,N,N,,DAYLIGHT,RAIN,WET,,T-INTERSECTION,CURVE/LEVEL,ASPHALT,RAN OFF ROAD RIGHT,RAN OFF ROAD,SR48WWVERNALPIKE,NONE
BLOOMINGTON PD,BLOOMINGTON,10/21/2019,9:55 PM,1,0,1,0,0,,,,W 2ND,S WALKER ST,,,,39.16143,-86.54614,LOCAL/CITY ROAD,N,URBAN,N,N,N,,DARK (LIGHTED),CLEAR,DRY,,FOUR-WAY INTERSECTION,STRAIGHT/GRADE,ASPHALT,STEERING FAILURE,OTHER - EXPLAIN IN NARRATIVE,SWALKERSTW2NDST,TRAFFIC CONTROL SIGNAL
BLOOMINGTON PD,BLOOMINGTON,10/21/2019,1:14 PM,2,0,0,0,0,,,,S COLLEGE MALL,EASTLAND PLAZA DR,,,,0,0,LOCAL/CITY ROAD,N,URBAN,N,N,N,,DAYLIGHT,RAIN,WET,,FOUR-WAY INTERSECTION,STRAIGHT/LEVEL,ASPHALT,DISREGARD SIGNAL/REG SIGN,RIGHT ANGLE,EASTLANDPLAZADRSCOLLEGEMALLRD,TRAFFIC CONTROL SIGNAL
BLOOMINGTON PD,BLOOMINGTON,10/21/2019,3:44 PM,2,0,0,0,0,,,,N LINCOLN,E 16TH ST,,,,39.177792,-86.530864,LOCAL/CITY ROAD,N,URBAN,N,N,N,,DAYLIGHT,RAIN,WET,,NO JUNCTION INVOLVED,STRAIGHT/LEVEL,ASPHALT,FAILURE TO YIELD RIGHT OF WAY,OTHER - EXPLAIN IN NARRATIVE,E16THSTNLINCOLNST,NONE
BLOOMINGTON PD,BLOOMINGTON,10/21/2019,8:00 AM,2,0,0,0,0,500,,,S FESS,E 2ND ST,,,,39.16213,-86.52625,LOCAL/CITY ROAD,Y,URBAN,N,N,N,,DAYLIGHT,RAIN,WET,,FOUR-WAY INTERSECTION,STRAIGHT/GRADE,ASPHALT,OTHER (DRIVER) - EXPLAIN IN NARRATIVE,,2NDST500SFESSAVE,NONE
BLOOMINGTON PD,BLOOMINGTON,10/21/2019,10:50 AM,2,0,0,0,0,,,,S HENDERSON,E GRAHAM ST,,,,39.139584,-86.526768,LOCAL/CITY ROAD,N,URBAN,N,N,N,,DAYLIGHT,RAIN,WET,,FOUR-WAY INTERSECTION,STRAIGHT/GRADE,ASPHALT,FAILURE TO YIELD RIGHT OF WAY,RIGHT ANGLE,GRAHAMDRHENDERSONST,STOP SIGN
INDIANA UNIV BLOOMINGTON PD,BLOOMINGTON,10/21/2019,2:45 PM,2,0,0,0,0,,,,S JORDAN,UNIVERSITY AVE,,150,N,39.18293126,-86.51599035,LOCAL/CITY ROAD,N,URBAN,N,N,N,,DAYLIGHT,RAIN,WET,,FOUR-WAY INTERSECTION,STRAIGHT/LEVEL,ASPHALT,FAILURE TO YIELD RIGHT OF WAY,LEFT TURN,JORDANAVEUNIVERSITYAVE,STOP SIGN
BLOOMINGTON PD,BLOOMINGTON,10/21/2019,12:10 PM,3,0,0,0,0,,,,S LINCOLN,E 4TH ST,,,,39.16558,-86.53109,LOCAL/CITY ROAD,N,URBAN,N,N,N,,DAYLIGHT,RAIN,WATER (STANDING OR MOVING),,T-INTERSECTION,STRAIGHT/GRADE,ASPHALT,FAILURE TO YIELD RIGHT OF WAY,RIGHT ANGLE,4THSTLINCOLNST,STOP SIGN
BLOOMINGTON PD,BLOOMINGTON,10/21/2019,7:50 AM,2,0,0,0,0,1965,,,S WALNUT,,,,,39.142555,-86.531238,UNKNOWN,Y,URBAN,Y,N,N,,DARK (LIGHTED),RAIN,WET,,T-INTERSECTION,CURVE/GRADE,ASPHALT,DISREGARD SIGNAL/REG SIGN,RIGHT ANGLE,SWALNUTST,STOP SIGN
MONROE SD,BLOOMINGTON,10/21/2019,1:04 PM,2,0,0,0,0,,,,SR 37,S ROGERS ST,,2500,S,38.83538966,-86.5379,STATE ROAD,N,URBAN,N,N,N,,DAYLIGHT,RAIN,WET,,T-INTERSECTION,STRAIGHT/LEVEL,ASPHALT,FOLLOWING TOO CLOSELY,REAR END,ROGERSSTSR37S,NONE
MONROE SD,ELLETTSVILLE,10/21/2019,8:26 PM,1,0,0,0,0,,,,W MCNEELY,N UNION VALLEY RD,,,,39.2375,-86.59278,LOCAL/CITY ROAD,N,RURAL,N,N,N,,DARK (NOT LIGHTED),CLOUDY,WET,,T-INTERSECTION,STRAIGHT/HILLCREST,ASPHALT,SPEED TOO FAST FOR WEATHER CONDITIONS,RAN OFF ROAD,NUNIONVALLEYRDWMCNEELYRD,STOP SIGN
ELLETTSVILLE PD,ELLETTSVILLE,10/21/2019,11:59 PM,2,0,0,0,0,,,,W RATLIFF,N LOUDEN RD,,,,39.2165,-86.6304,COUNTY ROAD,N,URBAN,N,N,N,,DAYLIGHT,RAIN,WET,,NO JUNCTION INVOLVED,STRAIGHT/GRADE,ASPHALT,FAILURE TO YIELD RIGHT OF WAY,RIGHT ANGLE,LOUDENRDRATLIFFRD,STOP SIGN
INDIANA UNIV BLOOMINGTON PD,BLOOMINGTON,10/22/2019,9:55 AM,2,0,1,0,0,,,,SR 45,SR 45/46,,,,39.1863,-86.53177,STATE ROAD,N,URBAN,N,N,N,,DAYLIGHT,CLOUDY,DRY,,FOUR-WAY INTERSECTION,STRAIGHT/GRADE,ASPHALT,FOLLOWING TOO CLOSELY,REAR END,SR45SR46,TRAFFIC CONTROL SIGNAL
BLOOMINGTON PD,BLOOMINGTON,10/22/2019,8:00 PM,2,0,0,0,0,,,,S COLLEGE,W 2ND ST,,,,39.16094,-86.4977,LOCAL/CITY ROAD,Y,URBAN,N,N,N,,DARK (NOT LIGHTED),CLEAR,DRY,,FOUR-WAY INTERSECTION,STRAIGHT/LEVEL,ASPHALT,FOLLOWING TOO CLOSELY,REAR END,SCOLLEGEAVEW2NDST,TRAFFIC CONTROL SIGNAL
ELLETTSVILLE PD,ELLETTSVILLE,10/22/2019,3:50 PM,2,0,0,0,0,,,,SR 46,N SMITH PIKE,,,,39.210144,-86.5832,STATE ROAD,N,URBAN,N,N,N,,DAYLIGHT,CLEAR,DRY,,FOUR-WAY INTERSECTION,STRAIGHT/LEVEL,ASPHALT,DRIVER DISTRACTED - EXPLAIN IN NARRATIVE,REAR END,SMITHPIKEPIKESR46W,TRAFFIC CONTROL SIGNAL