Agency,City,Collision Date,Collision Time,Vehicles Involved,Trailers Involved,Number Injured,Number Dead,Number Deer,House Number,Roadway Interchange,Roadway Ramp,Roadway Id,Intersecting Road,Interchange,Feet From,Direction,Latitude,Longitude,Roadway Class,Hit and Run?,Locality,School Zone?,Rumble Strips?,Construction?,Construction Type,Light Condition,Weather Conditions,Surface Condition,Type of Median,Roadway Junction Type,Road Character,Roadway Surface,Primary Factor,Manner of Collision,Unique Location Id,Traffic Control
MONROE SD,BLOOMINGTON,10/22/2019,1:20 PM,2,1,0,0,0,,,,SR 46,N CURRY PIKE,,,,39.19369,-86.57139,STATE ROAD,N,RURAL,N,N,Y,X-OVER/LANE SHIFT,DAYLIGHT,CLEAR,DRY,,NO JUNCTION INVOLVED,STRAIGHT/LEVEL,ASPHALT,IMPROPER TURNING,LEFT TURN,NCURRYPIKESR46W,LANE CONTROL
INDIANA UNIV BLOOMINGTON PD,BLOOMINGTON,10/22/2019,7:05 PM,2,0,0,0,0,,,,E UNIVERSITY,S BALLANTINE RD,,198,E,0,0,LOCAL/CITY ROAD,N,URBAN,N,N,N,,DAWN/DUSK,CLEAR,DRY,,NO JUNCTION INVOLVED,STRAIGHT/LEVEL,ASPHALT,VIEW OBSTRUCTED,RIGHT ANGLE,UNIVERSITYAVESBALLANTINERD,NONE
ISP BLOOMINGTON 33,BLOOMINGTON,10/22/2019,09:50 M,1,,0,0,0,8953,,,I-69 N,,,0,S,39.3246389,-86.51276936,INTERSTATE,,RURAL,N,N,N,,DAYLIGHT,CLEAR,DRY,,NO JUNCTION INVOLVED,,ASPHALT,ANIMAL/OBJECT IN ROADWAY,COLLISION WITH DEER,,
INDIANA UNIV BLOOMINGTON PD,BLOOMINGTON,10/22/2019,7:50 PM,2,0,0,0,0,,,,N FEE,N JORDAN AVE,,,,39.18384,-86.5192,LOCAL/CITY ROAD,N,URBAN,N,N,N,,DARK (LIGHTED),CLEAR,DRY,,NO JUNCTION INVOLVED,STRAIGHT/LEVEL,ASPHALT,FOLLOWING TOO CLOSELY,REAR END,FEELNNJORDANAVE,NONE
BLOOMINGTON PD,BLOOMINGTON,10/23/2019,9:28 AM,2,0,0,0,0,,,,SR 46,E 3RD ST,,,,39.16424,-86.473296,STATE ROAD,N,URBAN,N,N,N,,DAYLIGHT,CLEAR,DRY,,FOUR-WAY INTERSECTION,STRAIGHT/LEVEL,ASPHALT,DRIVER DISTRACTED - EXPLAIN IN NARRATIVE,REAR END,3RDSTSR46E,YIELD SIGN
MONROE SD,BLOOMINGTON,10/23/2019,4:14 PM,2,0,0,0,0,,,,S CURRY,SR 45,,,,39.142048,-86.582592,COUNTY ROAD,N,RURAL,N,N,N,,DAYLIGHT,CLEAR,DRY,,FOUR-WAY INTERSECTION,STRAIGHT/LEVEL,ASPHALT,FOLLOWING TOO CLOSELY,REAR END,SCURRYPIKESR45W,TRAFFIC CONTROL SIGNAL
BLOOMINGTON PD,BLOOMINGTON,10/23/2019,11:41 AM,2,0,0,0,0,,,,SR 45/46,N KINSER PIKE,,,,39.186544,-86.537888,STATE ROAD,N,URBAN,N,N,N,,DAYLIGHT,CLEAR,DRY,,FOUR-WAY INTERSECTION,STRAIGHT/GRADE,ASPHALT,FOLLOWING TOO CLOSELY,REAR END,KINSERPIKESR46W,TRAFFIC CONTROL SIGNAL
INDIANA UNIV BLOOMINGTON PD,BLOOMINGTON,10/23/2019,3:40 PM,2,0,0,0,0,,,,E 17TH,N JORDAN AVE,,300,W,39.178848,-86.51214665,LOCAL/CITY ROAD,N,URBAN,N,N,N,,DAYLIGHT,CLEAR,DRY,,NO JUNCTION INVOLVED,STRAIGHT/GRADE,ASPHALT,FOLLOWING TOO CLOSELY,REAR END,17THSTJORDANAVE,NONE
BLOOMINGTON PD,BLOOMINGTON,10/23/2019,2:00 PM,2,0,0,0,0,,,,N COLLEGE,W KIRKWOOD AVE,,,,39.16664,-86.5348,LOCAL/CITY ROAD,Y,URBAN,N,N,N,,UNKNOWN,CLEAR,DRY,,FOUR-WAY INTERSECTION,STRAIGHT/LEVEL,ASPHALT,FOLLOWING TOO CLOSELY,REAR END,SOUTHCOLLEGEAVEWESTKIRKWOODAVE,TRAFFIC CONTROL SIGNAL
BLOOMINGTON PD,BLOOMINGTON,10/23/2019,9:58 AM,2,0,2,0,0,,,,SR 45/46,N MONROE ST,,,,39.186944,-86.5468,STATE ROAD,N,URBAN,N,N,Y,X-OVER/LANE SHIFT,DAYLIGHT,CLEAR,DRY,,FOUR-WAY INTERSECTION,STRAIGHT/LEVEL,ASPHALT,OTHER (DRIVER) - EXPLAIN IN NARRATIVE,REAR END,NMONROESTSR4546W,LANE CONTROL
MONROE SD,BLOOMINGTON,10/23/2019,5:06 PM,3,0,0,0,0,,,,SR 46,N CURRY PIKE,,200,W,0,0,STATE ROAD,Y,URBAN,N,Y,Y,LANE CLOSURE,DAYLIGHT,CLEAR,DRY,,NO JUNCTION INVOLVED,STRAIGHT/LEVEL,ASPHALT,,REAR END,NCURRYPIKESR46W,NONE
ELLETTSVILLE PD,ELLETTSVILLE,10/23/2019,2:48 PM,2,0,0,0,0,,,,SR 46,N SALE ST,,,,39.234944,-86.623392,LOCAL/CITY ROAD,N,URBAN,N,N,N,,DAYLIGHT,CLEAR,DRY,,FOUR-WAY INTERSECTION,STRAIGHT/LEVEL,ASPHALT,DRIVER DISTRACTED - EXPLAIN IN NARRATIVE,REAR END,SSALESTWMAINST,TRAFFIC CONTROL SIGNAL
MONROE SD,BLOOMINGTON,10/23/2019,4:12 PM,2,0,1,0,0,,,,E RHORER,S NIMIT DR,,,,39.12145,-86.52384,LOCAL/CITY ROAD,Y,URBAN,N,N,N,,DAYLIGHT,CLEAR,DRY,,T-INTERSECTION,STRAIGHT/LEVEL,ASPHALT,LEFT OF CENTER,HEAD ON BETWEEN TWO MOTOR VEHICLES,EASTRHORERRDSOUTHNIMITDR,NONE
MONROE SD,BLOOMINGTON,10/23/2019,1:17 AM,1,0,0,0,1,,,,I-69 S,,,0,S,41.09022561,-85.21952416,INTERSTATE,N,RURAL,N,Y,N,,DARK (NOT LIGHTED),CLEAR,DRY,,NO JUNCTION INVOLVED,STRAIGHT/GRADE,ASPHALT,ANIMAL/OBJECT IN ROADWAY,RAN OFF ROAD,I69S106.5,NONE
MONROE SD,BLOOMINGTON,10/23/2019,5:09 PM,2,0,0,0,0,,,,N LOUDEN,W RATLIFF RD,,,,39.18731,-86.63957,COUNTY ROAD,N,RURAL,N,N,N,,DAYLIGHT,CLEAR,DRY,,FOUR-WAY INTERSECTION,STRAIGHT/HILLCREST,ASPHALT,FAILURE TO YIELD RIGHT OF WAY,RIGHT ANGLE,NLOUDENRDWRATLIFFRD,NONE
MONROE SD,BLOOMINGTON,10/23/2019,5:59 PM,2,0,0,0,0,,,,N TUNNEL,SR 45,,,,39.230048,-86.4316,LOCAL/CITY ROAD,N,URBAN,N,N,N,,DAYLIGHT,CLEAR,DRY,,T-INTERSECTION,STRAIGHT/LEVEL,ASPHALT,FAILURE TO YIELD RIGHT OF WAY,RIGHT ANGLE,ESTATEROAD45RDNTUNNELRD,NONE
BLOOMINGTON PD,BLOOMINGTON,10/24/2019,4:00 PM,2,0,0,0,0,,,,SR 45/46,N COLLEGE AVE,,500,E,39.18643792,-86.53612866,STATE ROAD,N,URBAN,N,N,N,,DAYLIGHT,CLOUDY,WET,,NO JUNCTION INVOLVED,STRAIGHT/GRADE,ASPHALT,FOLLOWING TOO CLOSELY,REAR END,NKINSERPIKESR46E,LANE CONTROL
INDIANA UNIV BLOOMINGTON PD,BLOOMINGTON,10/24/2019,11:30 AM,2,0,0,0,0,,,,S SWAIN,E 3RD ST,,,,39.16425,-86.51526,LOCAL/CITY ROAD,N,URBAN,N,N,N,,DAYLIGHT,CLOUDY,DRY,,T-INTERSECTION,STRAIGHT/GRADE,ASPHALT,UNSAFE LANE MOVEMENT,RIGHT ANGLE,SWAINAVETHIRDST,LANE CONTROL
INDIANA UNIV BLOOMINGTON PD,BLOOMINGTON,10/24/2019,9:40 AM,3,0,0,0,0,,,,E 3RD,S JORDAN AVE,,,,39.16426,-86.51642,LOCAL/CITY ROAD,N,URBAN,N,N,N,,DAYLIGHT,CLOUDY,DRY,,FOUR-WAY INTERSECTION,STRAIGHT/LEVEL,ASPHALT,FOLLOWING TOO CLOSELY,REAR END,JORDANAVETHIRDST,TRAFFIC CONTROL SIGNAL
BLOOMINGTON PD,BLOOMINGTON,10/24/2019,4:13 PM,3,0,1,0,0,,,,W 2ND,S PATTERSON DR,,,,0,0,LOCAL/CITY ROAD,N,URBAN,N,N,N,,DAYLIGHT,CLEAR,DRY,,FOUR-WAY INTERSECTION,STRAIGHT/LEVEL,ASPHALT,DRIVER ASLEEP OR FATIGUED,OPPOSITE DIRECTION SIDESWIPE,SPATTERSONDRW2NDST,TRAFFIC CONTROL SIGNAL
INDIANA UNIV BLOOMINGTON PD,BLOOMINGTON,10/24/2019,6:30 PM,2,0,0,0,0,,,,E 10TH,N SUNRISE DR,,150,W,39.17158,-86.51246702,LOCAL/CITY ROAD,N,URBAN,N,N,N,,DAWN/DUSK,CLEAR,WET,,NO JUNCTION INVOLVED,STRAIGHT/GRADE,ASPHALT,FOLLOWING TOO CLOSELY,REAR END,NSUNRISEDRTENTHST,LANE CONTROL
BLOOMINGTON PD,BLOOMINGTON,10/24/2019,1:43 PM,3,0,0,0,0,,,,W 3RD,S CORY LN,,,,39.164544,-86.560096,LOCAL/CITY ROAD,N,URBAN,N,N,N,,DAYLIGHT,CLEAR,DRY,,FOUR-WAY INTERSECTION,STRAIGHT/LEVEL,ASPHALT,DRIVER DISTRACTED - EXPLAIN IN NARRATIVE,REAR END,SCORYLNW3RDST,TRAFFIC CONTROL SIGNAL
BLOOMINGTON PD,BLOOMINGTON,10/24/2019,2:52 PM,2,0,0,0,0,,,,W KIRKWOOD,N ROGERS ST,,75,W,39.166672,-86.538608,LOCAL/CITY ROAD,N,URBAN,N,N,N,,DAYLIGHT,CLEAR,DRY,,NO JUNCTION INVOLVED,STRAIGHT/LEVEL,ASPHALT,FAILURE TO YIELD RIGHT OF WAY,OTHER - EXPLAIN IN NARRATIVE,NROGERSSTWKIRKWOODAVE,NONE
MONROE SD,BLOOMINGTON,10/24/2019,11:40 AM,2,0,0,0,0,,,,SR 37,E SMITHVILLE RD,,,,39.071056,-86.5356,STATE ROAD,N,RURAL,N,N,N,,DAYLIGHT,CLEAR,DRY,,FOUR-WAY INTERSECTION,STRAIGHT/LEVEL,ASPHALT,FOLLOWING TOO CLOSELY,REAR END,ESMITHVILLERDSR37S,NONE
MONROE SD,BLOOMINGTON,10/24/2019,5:46 PM,2,0,2,0,0,,,,SR 37,E SMITHVILLE RD,,,,39.16424,-86.480688,STATE ROAD,N,RURAL,N,N,N,,DAWN/DUSK,CLOUDY,WET,,FOUR-WAY INTERSECTION,STRAIGHT/GRADE,ASPHALT,FAILURE TO YIELD RIGHT OF WAY,RIGHT ANGLE,SMITHVILLERDSR37S,NONE
INDIANA UNIV BLOOMINGTON PD,BLOOMINGTON,10/24/2019,10:55 AM,2,0,0,0,0,1414,,,N JORDAN,,,500,S,39.18241,-86.5126,LOCAL/CITY ROAD,N,URBAN,N,N,N,,DAYLIGHT,CLOUDY,DRY,,T-INTERSECTION,CURVE/GRADE,ASPHALT,UNSAFE SPEED,RIGHT ANGLE,EBALFOURSTNJORDANAVE,NONE
MONROE SD,BLOOMINGTON,10/24/2019,7:59 PM,2,0,1,0,0,,,,N MATTHEWS,W MT TABOR RD,,500,N,39.29832121,-86.62053,LOCAL/CITY ROAD,N,RURAL,N,N,N,,DARK (NOT LIGHTED),RAIN,WET,,T-INTERSECTION,CURVE/GRADE,ASPHALT,SPEED TOO FAST FOR WEATHER CONDITIONS,OPPOSITE DIRECTION SIDESWIPE,MTTABORRDNMATTHEWSRD,NONE
BLOOMINGTON PD,BLOOMINGTON,10/24/2019,10:00 PM,2,0,0,0,0,,,,S FESS,E UNIVERSITY ST,,,,39.16037,-86.52594,LOCAL/CITY ROAD,Y,URBAN,N,N,N,,UNKNOWN,CLEAR,DRY,,NO JUNCTION INVOLVED,STRAIGHT/LEVEL,ASPHALT,OTHER (DRIVER) - EXPLAIN IN NARRATIVE,SAME DIRECTION SIDESWIPE,EUNIVERSITYSTSFESSAVE,NONE
MONROE SD,BLOOMINGTON,10/24/2019,11:58 PM,1,0,1,0,0,,,,S GARRISON CHAPEL,W AIRPORT RD,,100,S,39.13676535,-86.64283504,COUNTY ROAD,N,RURAL,N,N,N,,DARK (NOT LIGHTED),CLEAR,DRY,,FOUR-WAY INTERSECTION,STRAIGHT/GRADE,ASPHALT,RAN OFF ROAD RIGHT,RAN OFF ROAD,AIRPORTRDGARRISONCHAPELRD,NONE
BLOOMINGTON PD,BLOOMINGTON,10/24/2019,9:45 AM,2,0,0,0,0,,,,S LIBERTY,ENTRANCE TO JOANN FABRICS,,,,0,0,LOCAL/CITY ROAD,N,URBAN,N,N,N,,DAYLIGHT,CLOUDY,DRY,,T-INTERSECTION,STRAIGHT/LEVEL,ASPHALT,FAILURE TO YIELD RIGHT OF WAY,RIGHT ANGLE,500BLKOFSOUTHLIBERTYDRENTRANCETOJOANNEFABRICST,STOP SIGN
BLOOMINGTON PD,BLOOMINGTON,10/24/2019,7:35 AM,1,0,0,0,1,,,,S ROGERS,W HAYS CT,,100,N,39.12504,-86.5388,LOCAL/CITY ROAD,N,URBAN,N,N,N,,DARK (NOT LIGHTED),CLEAR,DRY,,NO JUNCTION INVOLVED,STRAIGHT/LEVEL,ASPHALT,ANIMAL/OBJECT IN ROADWAY,COLLISION WITH DEER,SROGERSSTWHAYSCT,NONE
BLOOMINGTON PD,BLOOMINGTON,10/25/2019,7:29 PM,2,0,0,0,0,,,,E 3RD,S COLLEGE MALL RD,,,,39.16424,-86.4984,LOCAL/CITY ROAD,N,URBAN,N,N,N,,DARK (LIGHTED),CLEAR,DRY,,FOUR-WAY INTERSECTION,STRAIGHT/GRADE,ASPHALT,DRIVER DISTRACTED - EXPLAIN IN NARRATIVE,REAR END,E3RDSTSCOLLEGEMALLRD,TRAFFIC CONTROL SIGNAL
MONROE SD,BLOOMINGTON,10/25/2019,11:41 AM,2,0,0,0,0,,,,SR 46,N SMITH PIKE,,50,W,39.21022649,-86.58334113,STATE ROAD,N,URBAN,N,N,N,,DAYLIGHT,CLOUDY,DRY,,FOUR-WAY INTERSECTION,STRAIGHT/LEVEL,ASPHALT,FOLLOWING TOO CLOSELY,REAR END,NSMITHPIKESR46W,TRAFFIC CONTROL SIGNAL
MONROE SD,BLOOMINGTON,10/25/2019,4:56 PM,2,0,0,0,0,,,,SR 37,S VICTOR PIKE,,,,39.105552,-86.551104,STATE ROAD,N,RURAL,N,N,Y,INTERMITTENT OR MOVING WORK,DAYLIGHT,CLOUDY,DRY,,FOUR-WAY INTERSECTION,STRAIGHT/GRADE,ASPHALT,FOLLOWING TOO CLOSELY,REAR END,SR37SVICTORPIKE,TRAFFIC CONTROL SIGNAL
INDIANA UNIV BLOOMINGTON PD,BLOOMINGTON,10/25/2019,1:25 PM,2,0,0,0,0,,,,E 10TH,N FEE LN,,,,39.17161,-86.51902,LOCAL/CITY ROAD,Y,URBAN,N,N,N,,DAYLIGHT,CLEAR,DRY,,NO JUNCTION INVOLVED,STRAIGHT/LEVEL,ASPHALT,FOLLOWING TOO CLOSELY,REAR END,FEELNTENTHST,TRAFFIC CONTROL SIGNAL
BLOOMINGTON PD,BLOOMINGTON,10/25/2019,6:18 PM,2,0,0,0,0,,,,E 3RD,S ROOSEVELT ST,,,,39.16427,-86.50601,LOCAL/CITY ROAD,N,URBAN,N,N,N,,DAWN/DUSK,CLEAR,DRY,,NO JUNCTION INVOLVED,STRAIGHT/GRADE,ASPHALT,FOLLOWING TOO CLOSELY,REAR END,ROOSEVELTSTTHIRDST,NONE
MONROE SD,BLOOMINGTON,10/25/2019,2:26 PM,1,0,0,0,0,,,,E CHAMBERS,E SPARKS LN,,630,W,39.30564,-86.48689551,LOCAL/CITY ROAD,N,URBAN,N,N,N,,DAYLIGHT,CLEAR,DRY,,NO JUNCTION INVOLVED,CURVE/LEVEL,ASPHALT,RAN OFF ROAD RIGHT,RAN OFF ROAD,ECHAMBERSPIKESPARKSLN,NONE
BLOOMINGTON PD,BLOOMINGTON,10/25/2019,8:19 AM,2,0,0,0,0,,117,1,I-69 N,,,,,0,0,INTERSTATE,N,URBAN,N,N,N,,DAYLIGHT,CLOUDY,DRY,,RAMP,CURVE/GRADE,ASPHALT,IMPROPER LANE USAGE,SAME DIRECTION SIDESWIPE,I69N,OTHER
MONROE SD,BLOOMINGTON,10/25/2019,7:46 AM,2,0,0,0,0,,,,I-69 S,W FULLERTON PIKE,Y,,,0,0,INTERSTATE,N,URBAN,N,N,N,,DAWN/DUSK,CLEAR,DRY,,RAMP,STRAIGHT/LEVEL,ASPHALT,FAILURE TO YIELD RIGHT OF WAY,RIGHT ANGLE,I69SWFULLERTONPIKE,ROUNDABOUT INTERSECTION
BLOOMINGTON PD,BLOOMINGTON,10/25/2019,2:25 PM,2,0,0,0,0,,,,N GRANT,E 6TH ST,,80,S,39.167712,-86.529696,LOCAL/CITY ROAD,Y,URBAN,N,N,N,,DAYLIGHT,CLOUDY,DRY,,FOUR-WAY INTERSECTION,STRAIGHT/GRADE,ASPHALT,FAILURE TO YIELD RIGHT OF WAY,RIGHT ANGLE,E6THSTNGRANTST,NONE
BLOOMINGTON PD,BLOOMINGTON,10/25/2019,5:29 PM,2,0,0,0,0,,,,N PETE ELLIS,E JOHN HINKLE PL,,,,39.17057,-86.4956,LOCAL/CITY ROAD,N,URBAN,N,N,N,,DAYLIGHT,CLEAR,DRY,,T-INTERSECTION,STRAIGHT/GRADE,ASPHALT,FAILURE TO YIELD RIGHT OF WAY,RIGHT ANGLE,EJOHNHINKLEPLNPETEELLISDR,STOP SIGN
BLOOMINGTON PD,BLOOMINGTON,10/25/2019,4:15 PM,2,0,0,0,0,,,,S CORY,W BLOOMFIELD RD,,,,39.1571,-86.55969,LOCAL/CITY ROAD,N,URBAN,N,N,N,,DAYLIGHT,CLEAR,DRY,,T-INTERSECTION,STRAIGHT/GRADE,ASPHALT,FOLLOWING TOO CLOSELY,REAR END,SCORYLNWBLOOMFIELDRD,NONE
INDIANA UNIV BLOOMINGTON PD,BLOOMINGTON,10/25/2019,2:15 PM,2,0,0,0,0,,,,S FACULTY,E ATWATER AVE,,146,N,39.17853809,-86.52106,LOCAL/CITY ROAD,N,URBAN,N,N,N,,DAYLIGHT,CLOUDY,DRY,,T-INTERSECTION,STRAIGHT/LEVEL,ASPHALT,FAILURE TO YIELD RIGHT OF WAY,RIGHT ANGLE,AWTWATERAVESOUTHFACULTYLN,NONE
MONROE SD,BLOOMINGTON,10/25/2019,2:27 AM,1,0,0,0,0,,,,S SMITH,E LARRY WAYNE DR,,,,39.14076,-86.48038,COUNTY ROAD,N,RURAL,N,N,N,,DARK (NOT LIGHTED),CLEAR,DRY,,T-INTERSECTION,STRAIGHT/GRADE,ASPHALT,RAN OFF ROAD RIGHT,RAN OFF ROAD,LARRYWAYNEDRSMITHRD,NONE
BLOOMINGTON PD,BLOOMINGTON,10/25/2019,12:50 PM,2,0,0,0,0,,,,S WILLIAMSBURG,E 3RD ST,,100,N,39.17479434,-86.49658,LOCAL/CITY ROAD,N,URBAN,N,N,N,,DAYLIGHT,CLOUDY,DRY,,NO JUNCTION INVOLVED,STRAIGHT/LEVEL,ASPHALT,FAILURE TO YIELD RIGHT OF WAY,RIGHT ANGLE,3RDSTWILLIAMSBURGDR,NONE
INDIANA UNIV BLOOMINGTON PD,BLOOMINGTON,10/25/2019,8:30 PM,2,0,0,0,0,,,,SR 45/46,N HEADLEY RD,,,,0,0,STATE ROAD,N,URBAN,N,N,N,,DARK (NOT LIGHTED),CLEAR,DRY,,NO JUNCTION INVOLVED,CURVE/LEVEL,ASPHALT,UNSAFE LANE MOVEMENT,SAME DIRECTION SIDESWIPE,EBALFOURSTSR46,LANE CONTROL
MONROE SD,ELLETTSVILLE,10/25/2019,2:11 PM,1,1,1,0,0,,,,SR 46,N STINESVILLE RD,,750,E,39.25962,-86.65761499,STATE ROAD,N,RURAL,N,N,N,,DAYLIGHT,CLEAR,DRY,,NO JUNCTION INVOLVED,CURVE/LEVEL,ASPHALT,RAN OFF ROAD RIGHT,RAN OFF ROAD,NSTINESVILLERDSR46W,NO PASSING ZONE
ELLETTSVILLE PD,ELLETTSVILLE,10/25/2019,7:47 AM,3,0,0,0,0,,,,SR 46,,,500,E,39.215152,-86.5928,STATE ROAD,Y,URBAN,N,N,N,,DAWN/DUSK,CLEAR,DRY,,NO JUNCTION INVOLVED,STRAIGHT/LEVEL,ASPHALT,FOLLOWING TOO CLOSELY,REAR END,NORTHUNIONVALLEYRDSR45W,LANE CONTROL
MONROE SD,BLOOMINGTON,10/25/2019,7:56 PM,1,0,0,0,1,,,,W COUNTRY CLUB,S ROCKPORT RD,,200,W,39.13635,-86.54873269,LOCAL/CITY ROAD,N,URBAN,N,N,N,,DARK (LIGHTED),CLEAR,DRY,,NO JUNCTION INVOLVED,STRAIGHT/LEVEL,ASPHALT,ANIMAL/OBJECT IN ROADWAY,COLLISION WITH DEER,SROCKPORTRDWCOUNTRYCLUBRD,NONE
BLOOMINGTON PD,BLOOMINGTON,10/26/2019,6:09 PM,2,0,0,0,0,,,,SR 46,SR 46,,,,39.16424,-86.473296,STATE ROAD,N,URBAN,N,N,N,,DAYLIGHT,RAIN,WET,,FOUR-WAY INTERSECTION,STRAIGHT/GRADE,ASPHALT,FAILURE TO YIELD RIGHT OF WAY,RIGHT ANGLE,E3RDSTSR46N,TRAFFIC CONTROL SIGNAL
BLOOMINGTON PD,BLOOMINGTON,10/26/2019,2:38 PM,2,0,0,0,0,,,,SR 45,S CURRY PIKE,,,,39.14195,-86.58259,STATE ROAD,N,URBAN,N,N,N,,DAYLIGHT,RAIN,WET,,FOUR-WAY INTERSECTION,STRAIGHT/LEVEL,ASPHALT,FAILURE TO YIELD RIGHT OF WAY,LEFT TURN,SOUTHCURRYPIKESR45W,TRAFFIC CONTROL SIGNAL
BLOOMINGTON PD,BLOOMINGTON,10/26/2019,9:20 AM,2,0,0,0,0,,,,E WINSLOW,S WALNUT ST PIKE,,,,39.136144,-86.528688,LOCAL/CITY ROAD,N,URBAN,N,Y,Y,WORK ON SHOULDER,DAYLIGHT,RAIN,WET,,FOUR-WAY INTERSECTION,STRAIGHT/LEVEL,ASPHALT,FAILURE TO YIELD RIGHT OF WAY,RIGHT ANGLE,WALNUTSTREETPIKEWINSLOWRD,STOP SIGN
ISP BLOOMINGTON 33,BLOOMINGTON,10/26/2019,11:14 M,2,,0,0,0,,,,SR 48,S GATES DR,,317,E,39.16462024,-86.57443232,STATE ROAD,,URBAN,N,N,N,,DAYLIGHT,RAIN,WET,,NO JUNCTION INVOLVED,,ASPHALT,DISREGARD SIGNAL/REG SIGN,REAR END,,
BLOOMINGTON PD,BLOOMINGTON,10/26/2019,11:36 PM,2,0,0,0,0,,,,W 17TH,N KINSER PIKE,,,,39.178992,-86.537792,LOCAL/CITY ROAD,N,URBAN,N,N,N,,DARK (LIGHTED),CLOUDY,WET,,FOUR-WAY INTERSECTION,STRAIGHT/LEVEL,ASPHALT,DISREGARD SIGNAL/REG SIGN,RIGHT ANGLE,NKINSERPIKEW17THST,TRAFFIC CONTROL SIGNAL
MONROE SD,ELLETTSVILLE,10/26/2019,2:38 PM,2,0,0,0,0,,,,SR 46,N UNION VALLEY RD,,,,39.215152,-86.5928,LOCAL/CITY ROAD,N,URBAN,Y,N,N,,DAYLIGHT,RAIN,WET,,FOUR-WAY INTERSECTION,STRAIGHT/LEVEL,ASPHALT,SPEED TOO FAST FOR WEATHER CONDITIONS,RIGHT ANGLE,NUNIONVALLEYRDWSTATEROAD46RD,TRAFFIC CONTROL SIGNAL
BLOOMINGTON PD,BLOOMINGTON,10/26/2019,3:14 PM,2,0,0,0,0,,,,S COLLEGE MALL,EASTLAND PLAZA DR,,,,0,0,LOCAL/CITY ROAD,N,URBAN,N,N,N,,DAYLIGHT,RAIN,WATER (STANDING OR MOVING),,FOUR-WAY INTERSECTION,STRAIGHT/LEVEL,ASPHALT,FOLLOWING TOO CLOSELY,REAR END,EASTLANDPLAZADRSCOLLEGEMALLRD,TRAFFIC CONTROL SIGNAL
BLOOMINGTON PD,BLOOMINGTON,10/26/2019,2:31 PM,2,0,1,0,0,,,,S WALNUT,E NORTH DR,,1000,N,39.2497991,-86.53181,LOCAL/CITY ROAD,N,URBAN,N,N,N,,DAYLIGHT,RAIN,WET,,T-INTERSECTION,STRAIGHT/GRADE,ASPHALT,FAILURE TO YIELD RIGHT OF WAY,RIGHT ANGLE,ENORTHDRSWALNUTST,NONE
MONROE SD,BLOOMINGTON,10/26/2019,12:25 PM,1,0,0,0,0,,,,I-69 S,E SAMPLE RD,,1000,S,0,0,STATE ROAD,N,RURAL,N,N,N,,DAYLIGHT,RAIN,WATER (STANDING OR MOVING),,RAMP,STRAIGHT/HILLCREST,ASPHALT,ROADWAY SURFACE CONDITION,RAN OFF ROAD,ESAMPLERDSR69S,NONE
MONROE SD,BLOOMINGTON,10/26/2019,3:57 AM,1,0,3,0,0,,,,I-69 N,,,100,S,41.26694387,-85.08665186,INTERSTATE,Y,RURAL,N,N,N,,DARK (NOT LIGHTED),CLOUDY,DRY,,NO JUNCTION INVOLVED,CURVE/GRADE,ASPHALT,RAN OFF ROAD RIGHT,RAN OFF ROAD,I69N122.0,LANE CONTROL
MONROE SD,BLOOMINGTON,10/26/2019,12:08 AM,1,0,0,0,0,,,,I-69 S,,,3000,S,38.94809125,-86.52746673,INTERSTATE,N,URBAN,N,Y,N,,DAYLIGHT,RAIN,WET,,NO JUNCTION INVOLVED,STRAIGHT/GRADE,CONCRETE,SPEED TOO FAST FOR WEATHER CONDITIONS,RAN OFF ROAD,I69SSAMPLERD,NONE
MONROE SD,BLOOMINGTON,10/26/2019,11:16 AM,2,0,0,0,0,,,,N TUNNEL,,,,,39.230048,-86.4316,COUNTY ROAD,N,RURAL,N,N,N,,DAYLIGHT,RAIN,WET,,T-INTERSECTION,CURVE/GRADE,ASPHALT,FOLLOWING TOO CLOSELY,REAR END,NTUNNELRDSR45E,STOP SIGN
MONROE SD,ELLETTSVILLE,10/26/2019,3:43 PM,2,0,0,0,0,,,,N UNION VALLEY,W LYNWEST DR,,,,39.21584,-86.5928,LOCAL/CITY ROAD,N,URBAN,N,N,N,,DAYLIGHT,RAIN,WET,,NO JUNCTION INVOLVED,STRAIGHT/LEVEL,ASPHALT,FOLLOWING TOO CLOSELY,REAR END,NUNIONVALLEYRDWLYNWESTDR,NONE
BLOOMINGTON PD,BLOOMINGTON,10/26/2019,2:35 AM,2,0,1,0,0,255,,,N VINE,,,,,39.18368,-86.544016,UNKNOWN,N,URBAN,N,N,N,,DARK (NOT LIGHTED),CLEAR,DRY,,NO JUNCTION INVOLVED,STRAIGHT/GRADE,ASPHALT,DRIVER ASLEEP OR FATIGUED,SAME DIRECTION SIDESWIPE,NVINEST,NONE