Agency,City,Collision Date,Collision Time,Vehicles Involved,Trailers Involved,Number Injured,Number Dead,Number Deer,House Number,Roadway Interchange,Roadway Ramp,Roadway Id,Intersecting Road,Interchange,Feet From,Direction,Latitude,Longitude,Roadway Class,Hit and Run?,Locality,School Zone?,Rumble Strips?,Construction?,Construction Type,Light Condition,Weather Conditions,Surface Condition,Type of Median,Roadway Junction Type,Road Character,Roadway Surface,Primary Factor,Manner of Collision,Unique Location Id,Traffic Control
MONROE SD,BLOOMINGTON,10/26/2019,6:58 PM,1,0,0,0,0,,,,S KENNEDY,E RHORER RD,,200,S,39.121488,-86.528304,LOCAL/CITY ROAD,N,URBAN,N,N,N,,DARK (NOT LIGHTED),RAIN,WET,,NO JUNCTION INVOLVED,STRAIGHT/LEVEL,ASPHALT,OTHER (DRIVER) - EXPLAIN IN NARRATIVE,RAN OFF ROAD,ERHORERRDSKENNEDYDR,NONE
MONROE SD,BLOOMINGTON,10/26/2019,6:37 PM,1,0,0,0,0,,,,SR 446,E SALT CREEK DR,,,,39.08781,-86.4224,STATE ROAD,N,RURAL,N,N,N,,DAWN/DUSK,RAIN,WET,,NO JUNCTION INVOLVED,STRAIGHT/LEVEL,ASPHALT,ANIMAL/OBJECT IN ROADWAY,COLLISION WITH OBJECT IN ROAD,SALTCREEKDRSR446S,NONE
MONROE SD,BLOOMINGTON,10/26/2019,8:55 AM,1,0,0,0,0,,,,SR 46,E OLD SR 46,,,,39.186352,-86.534704,STATE ROAD,N,RURAL,N,N,N,,DAYLIGHT,RAIN,WET,,NO JUNCTION INVOLVED,CURVE/GRADE,ASPHALT,SPEED TOO FAST FOR WEATHER CONDITIONS,RAN OFF ROAD,OLDSTATEROAD46RDSR46E,NONE
MONROE SD,ELLETTSVILLE,10/26/2019,1:01 PM,1,0,0,0,0,,,,SR 46,N COUNTY LINE RD,,,,39.281744,-86.6848,STATE ROAD,N,RURAL,N,Y,N,,DAYLIGHT,RAIN,WET,,FOUR-WAY INTERSECTION,STRAIGHT/LEVEL,ASPHALT,ROADWAY SURFACE CONDITION,RAN OFF ROAD,NCOUNTYLINERDSR46W,STOP SIGN
BLOOMINGTON PD,BLOOMINGTON,10/27/2019,8:00 PM,3,0,2,0,0,,,,S LIBERTY,SR 48,,,,39.16461,-86.57913,LOCAL/CITY ROAD,N,URBAN,N,N,N,,DARK (LIGHTED),CLEAR,DRY,,FOUR-WAY INTERSECTION,STRAIGHT/GRADE,ASPHALT,DRIVER DISTRACTED - EXPLAIN IN NARRATIVE,REAR END,SLIBERTYDRW3RDST,TRAFFIC CONTROL SIGNAL
BLOOMINGTON PD,BLOOMINGTON,10/27/2019,8:03 PM,3,0,0,0,0,,,,S WALNUT,W SMITH AVE,,50,N,39.16813698,-86.53363,LOCAL/CITY ROAD,Y,URBAN,N,N,N,,DARK (LIGHTED),CLEAR,DRY,,FOUR-WAY INTERSECTION,STRAIGHT/GRADE,ASPHALT,UNSAFE LANE MOVEMENT,SAME DIRECTION SIDESWIPE,ESMITHAVESWALNUTST,NONE
ISP BLOOMINGTON 33,BLOOMINGTON,10/27/2019,15:49 M,1,,1,0,0,,,,I-69 S,,,0,S,39.27181407,-86.52313306,INTERSTATE,,RURAL,N,Y,N,,DAYLIGHT,CLEAR,DRY,,NO JUNCTION INVOLVED,,ASPHALT,,RAN OFF ROAD,,
MONROE SD,BLOOMINGTON,10/27/2019,11:50 PM,1,0,0,0,1,,,,I-69 S,,,1000,N,41.15424437,-85.11144414,INTERSTATE,N,RURAL,N,N,N,,DARK (NOT LIGHTED),CLEAR,DRY,,NO JUNCTION INVOLVED,STRAIGHT/LEVEL,ASPHALT,ANIMAL/OBJECT IN ROADWAY,COLLISION WITH DEER,I69S114,NONE
MONROE SD,BLOOMINGTON,10/27/2019,7:14 AM,1,0,0,0,0,,,,N SHILO,N MILLER RD,,500,N,39.27129318,-86.460064,COUNTY ROAD,Y,RURAL,N,N,N,,DARK (NOT LIGHTED),CLEAR,WET,,NO JUNCTION INVOLVED,CURVE/GRADE,ASPHALT,SPEED TOO FAST FOR WEATHER CONDITIONS,RAN OFF ROAD,MILLERRDSHILORD,NONE
BLOOMINGTON PD,BLOOMINGTON,10/27/2019,5:37 PM,2,0,0,0,0,,,,N WASHINGTON,E 6TH ST,,,,39.167664,-86.5324,LOCAL/CITY ROAD,N,URBAN,N,N,N,,DAYLIGHT,CLEAR,DRY,,FOUR-WAY INTERSECTION,STRAIGHT/GRADE,ASPHALT,FAILURE TO YIELD RIGHT OF WAY,RIGHT ANGLE,E6THSTNWASHINGTONST,STOP SIGN
MONROE SD,BLOOMINGTON,10/27/2019,4:31 PM,2,0,0,0,0,,,,S GARRISON CHAPEL,W RICE RD,,,,39.151552,-86.643504,COUNTY ROAD,N,RURAL,N,N,N,,DAYLIGHT,CLEAR,DRY,,NO JUNCTION INVOLVED,STRAIGHT/HILLCREST,ASPHALT,OVERCORRECTING/OVERSTEERING,RIGHT TURN,GARRISONCHAPELRDRICERD,STOP SIGN
MONROE SD,BLOOMINGTON,10/27/2019,5:04 PM,1,0,1,0,0,,,,SR 48,,,4800,E,39.16899232,-86.66459059,STATE ROAD,N,RURAL,N,N,N,,DAYLIGHT,CLEAR,DRY,,NO JUNCTION INVOLVED,CURVE/LEVEL,ASPHALT,RAN OFF ROAD RIGHT,NON-COLLISION,NSTRD43RDSR48W,NO PASSING ZONE
BLOOMINGTON PD,BLOOMINGTON,10/28/2019,8:15 PM,2,0,0,0,0,,,,S CURRY,SR 45,,,,39.142048,-86.582592,LOCAL/CITY ROAD,N,URBAN,N,Y,N,,DARK (LIGHTED),CLEAR,DRY,,FOUR-WAY INTERSECTION,STRAIGHT/GRADE,ASPHALT,FAILURE TO YIELD RIGHT OF WAY,RIGHT TURN,NCURRYPIKESR45W,YIELD SIGN
BLOOMINGTON PD,BLOOMINGTON,10/28/2019,7:35 PM,2,0,1,0,0,,,,S LIBERTY,SR 48,,750,S,39.08530166,-86.57913,LOCAL/CITY ROAD,N,URBAN,N,N,N,,DARK (NOT LIGHTED),CLEAR,DRY,,FOUR-WAY INTERSECTION,STRAIGHT/LEVEL,ASPHALT,FOLLOWING TOO CLOSELY,REAR END,SOUTHLIBERTYDRWEST3RDST,LANE CONTROL
BLOOMINGTON PD,BLOOMINGTON,10/28/2019,3:55 PM,3,0,0,0,0,,,,S COLLEGE MALL,E BUICK CADILLAC BLVD,,,,39.15811,-86.49789,LOCAL/CITY ROAD,N,URBAN,N,N,N,,DAYLIGHT,CLOUDY,DRY,,FOUR-WAY INTERSECTION,STRAIGHT/LEVEL,ASPHALT,FOLLOWING TOO CLOSELY,REAR END,EASTBUICKCADILLACBLVDSOUTHCOLLEGEMALL,TRAFFIC CONTROL SIGNAL
INDIANA UNIV BLOOMINGTON PD,BLOOMINGTON,10/28/2019,3:00 PM,1,0,0,0,0,,,,E 12TH,N INDIANA AVE,,,,39.17435,-86.52699,LOCAL/CITY ROAD,N,URBAN,N,N,N,,DAYLIGHT,CLEAR,DRY,,NO JUNCTION INVOLVED,STRAIGHT/GRADE,ASPHALT,OTHER (DRIVER) - EXPLAIN IN NARRATIVE,OTHER - EXPLAIN IN NARRATIVE,INDIANAAVETWELVETHST,NONE
BLOOMINGTON PD,BLOOMINGTON,10/28/2019,7:19 PM,2,0,0,0,0,,,,E 7TH,N JEFFERSON ST,,,,39.168192,-86.507024,LOCAL/CITY ROAD,N,URBAN,N,N,N,,DARK (NOT LIGHTED),CLEAR,DRY,,FOUR-WAY INTERSECTION,STRAIGHT/GRADE,ASPHALT,FAILURE TO YIELD RIGHT OF WAY,RIGHT ANGLE,E7THSTNJEFFERSONST,STOP SIGN
BLOOMINGTON PD,BLOOMINGTON,10/28/2019,8:03 PM,2,0,0,0,0,,,,E 8TH,N LINCOLN ST,,,,39.169552,-86.530992,LOCAL/CITY ROAD,Y,URBAN,N,,N,,UNKNOWN,CLOUDY,DRY,,FOUR-WAY INTERSECTION,STRAIGHT/LEVEL,ASPHALT,IMPROPER LANE USAGE,SAME DIRECTION SIDESWIPE,E8THSTNLINCOLNST,STOP SIGN
ISP BLOOMINGTON 33,BLOOMINGTON,10/28/2019,21:30 M,1,,0,0,1,,,,I-69 N,,,317,N,39.26651342,-86.52284301,INTERSTATE,,RURAL,N,N,N,,DARK (LIGHTED),CLOUDY,DRY,,NO JUNCTION INVOLVED,,CONCRETE,ANIMAL/OBJECT IN ROADWAY,COLLISION WITH DEER,,
BLOOMINGTON PD,BLOOMINGTON,10/28/2019,2:07 AM,1,0,0,0,1,,,,I-69 N,,,100,S,0,0,LOCAL/CITY ROAD,N,RURAL,N,N,N,,DARK (NOT LIGHTED),CLEAR,DRY,,NO JUNCTION INVOLVED,STRAIGHT/LEVEL,ASPHALT,ANIMAL/OBJECT IN ROADWAY,COLLISION WITH DEER,NINTERSTATE69FWY120.5,NONE
MONROE SD,BLOOMINGTON,10/28/2019,1:02 AM,1,0,0,0,0,,,,N FRONTAGE W,W SIMPSON CHAPEL RD,,,,39.273255,-86.53008,LOCAL/CITY ROAD,N,RURAL,N,N,N,,DARK (NOT LIGHTED),CLEAR,DRY,,T-INTERSECTION,CURVE/LEVEL,ASPHALT,RAN OFF ROAD RIGHT,RAN OFF ROAD,NORTHBURMARDWESTSIMPSONCHAPELRD,NONE
BLOOMINGTON PD,BLOOMINGTON,10/28/2019,10:04 PM,1,0,0,0,0,,,,S ROGERS,W CHEROKEE DR,,,,39.146992,-86.5388,LOCAL/CITY ROAD,N,URBAN,N,N,N,,DARK (NOT LIGHTED),CLEAR,DRY,,T-INTERSECTION,STRAIGHT/GRADE,ASPHALT,OTHER LIGHTS DEFECTIVE,REAR END,CHEROKEEDRSROGERSST,NONE
MONROE SD,BLOOMINGTON,10/28/2019,2:16 PM,1,0,0,0,0,,,,SR 446,S OLD RICHARDSON RD,,,,39.1122,-86.43134,STATE ROAD,N,RURAL,N,N,N,,DAYLIGHT,CLEAR,DRY,,INTERCHANGE,CURVE/GRADE,ASPHALT,UNSAFE SPEED,RAN OFF ROAD,OLDRICHARDSONRDSR446S,LANE CONTROL
BLOOMINGTON PD,BLOOMINGTON,10/28/2019,4:10 PM,2,0,1,0,0,,,,SR 45/46,ENTRANCE TO IU PARKING LOT 11,,300,W,39.18635202,-86.52325076,STATE ROAD,N,URBAN,N,N,N,,DAYLIGHT,CLOUDY,DRY,,NO JUNCTION INVOLVED,STRAIGHT/GRADE,ASPHALT,UNSAFE LANE MOVEMENT,SAME DIRECTION SIDESWIPE,NMILOSAMPSONLNSR46E,NONE
BLOOMINGTON PD,BLOOMINGTON,10/28/2019,12:35 PM,2,0,0,0,0,,,,W 2ND,S WALNUT ST,,,,39.16144,-86.5336,LOCAL/CITY ROAD,N,URBAN,N,N,N,,DAYLIGHT,CLOUDY,DRY,,FOUR-WAY INTERSECTION,STRAIGHT/LEVEL,ASPHALT,LEFT OF CENTER,LEFT TURN,SWALNUTSTW2NDST,TRAFFIC CONTROL SIGNAL
ISP BLOOMINGTON 33,BLOOMINGTON,10/29/2019,08:50 M,2,,0,0,0,,100,A,I-69 N,W 3RD ST,Y,0,S,39.164566,-86.573008,UNKNOWN,,URBAN,N,N,N,,DAYLIGHT,CLOUDY,DRY,,RAMP,,ASPHALT,FOLLOWING TOO CLOSELY,REAR END,,
INDIANA UNIV BLOOMINGTON PD,BLOOMINGTON,10/29/2019,4:42 PM,2,0,1,0,0,,,,SR 45/46,E 17TH ST,,,,39.17984,-86.507088,STATE ROAD,N,URBAN,N,N,N,,DAYLIGHT,CLEAR,DRY,,T-INTERSECTION,CURVE/LEVEL,ASPHALT,DRIVER DISTRACTED - EXPLAIN IN NARRATIVE,REAR END,EAST17THSTSR46,TRAFFIC CONTROL SIGNAL
INDIANA UNIV BLOOMINGTON PD,BLOOMINGTON,10/29/2019,4:37 PM,1,0,0,0,0,,,,SR 45/46,E 17TH ST,,,,39.17984,-86.507088,STATE ROAD,N,URBAN,N,N,N,,DAYLIGHT,CLEAR,DRY,,NO JUNCTION INVOLVED,CURVE/LEVEL,ASPHALT,DRIVER ILLNESS,RAN OFF ROAD,EAST17THSTSR46,LANE CONTROL
BLOOMINGTON PD,BLOOMINGTON,10/29/2019,9:08 AM,2,0,0,0,0,,,,E 3RD,S GRANT ST,,200,E,39.16464,-86.52902237,LOCAL/CITY ROAD,N,URBAN,N,N,N,,DAYLIGHT,CLOUDY,DRY,,NO JUNCTION INVOLVED,STRAIGHT/GRADE,ASPHALT,FAILURE TO YIELD RIGHT OF WAY,RIGHT ANGLE,3RDSTGRANTST,NONE
INDIANA UNIV BLOOMINGTON PD,BLOOMINGTON,10/29/2019,4:00 PM,2,0,0,0,0,,,,N JORDAN,E LAW LN,,,,39.17343,-86.51545,LOCAL/CITY ROAD,Y,URBAN,N,N,N,,UNKNOWN,CLOUDY,DRY,,NO JUNCTION INVOLVED,STRAIGHT/LEVEL,ASPHALT,UNSAFE BACKING,BACKING CRASH,ELAWLNJORDANAVE,NONE
BLOOMINGTON PD,BLOOMINGTON,10/29/2019,8:35 PM,2,0,0,0,0,,,,N LINCOLN,E 7TH ST,,50,W,39.16864,-86.530992,LOCAL/CITY ROAD,N,URBAN,N,Y,N,,DARK (LIGHTED),CLEAR,DRY,,NO JUNCTION INVOLVED,STRAIGHT/LEVEL,ASPHALT,IMPROPER TURNING,LEFT TURN,E7THSTNLINCOLNST,NONE
MONROE SD,BLOOMINGTON,10/29/2019,8:31 AM,1,0,0,0,0,,,,S HARRELL,E SCHACHT RD,,,,39.107072,-86.498544,COUNTY ROAD,Y,RURAL,N,N,N,,DARK (NOT LIGHTED),CLEAR,DRY,,NO JUNCTION INVOLVED,STRAIGHT/LEVEL,ASPHALT,IMPROPER LANE USAGE,OTHER - EXPLAIN IN NARRATIVE,HARRELLRDSCHACHTRD,NONE
BLOOMINGTON PD,BLOOMINGTON,10/29/2019,3:34 PM,2,0,0,0,0,500,,,S MULLER,,,,,39.16283167,-86.56673833,LOCAL/CITY ROAD,N,URBAN,N,N,N,,DAYLIGHT,CLOUDY,DRY,,NO JUNCTION INVOLVED,STRAIGHT/LEVEL,ASPHALT,IMPROPER TURNING,RIGHT TURN,SMULLERPKWY,STOP SIGN
BLOOMINGTON PD,BLOOMINGTON,10/29/2019,12:44 AM,1,0,0,0,0,1730,,,S WALNUT,,,,,39.13608,-86.529792,LOCAL/CITY ROAD,Y,RURAL,N,N,N,,DARK (LIGHTED),CLEAR,DRY,,INTERCHANGE,STRAIGHT/LEVEL,ASPHALT,OVERCORRECTING/OVERSTEERING,OTHER - EXPLAIN IN NARRATIVE,EWINSLOWRD,NONE
ELLETTSVILLE PD,ELLETTSVILLE,10/29/2019,3:34 PM,1,0,0,0,1,,,,SR 46,N DEER PARK DR,,,,39.212048,-86.5872,STATE ROAD,N,URBAN,N,N,N,,DAYLIGHT,CLEAR,DRY,,T-INTERSECTION,STRAIGHT/LEVEL,ASPHALT,ANIMAL/OBJECT IN ROADWAY,COLLISION WITH DEER,DEERPARKDRSR46W,NONE
MONROE SD,BLOOMINGTON,10/29/2019,12:03 PM,1,0,3,0,0,,,,SR 46,,,750,E,39.19369,-86.57145492,STATE ROAD,N,RURAL,N,Y,Y,X-OVER/LANE SHIFT,DAYLIGHT,CLEAR,DRY,,NO JUNCTION INVOLVED,CURVE/GRADE,ASPHALT,RAN OFF ROAD RIGHT,RAN OFF ROAD,NCURRYPIKESR46W,NONE
MONROE SD,BLOOMINGTON,10/29/2019,7:25 AM,2,0,0,0,1,,,,W ARLINGTON,N SUGAR LN,,,,39.208048,-86.576496,LOCAL/CITY ROAD,N,RURAL,N,N,N,,DAWN/DUSK,CLEAR,DRY,,NO JUNCTION INVOLVED,STRAIGHT/LEVEL,ASPHALT,ANIMAL/OBJECT IN ROADWAY,COLLISION WITH DEER,NSUGARLNWARLINGTONRD,LANE CONTROL
MONROE SD,STINESVILLE,10/29/2019,3:02 PM,1,0,0,0,0,,,,W WALKER,N RED HILL RD,,,,39.295952,-86.639808,LOCAL/CITY ROAD,N,RURAL,N,N,N,,DAYLIGHT,CLOUDY,DRY,,T-INTERSECTION,STRAIGHT/GRADE,ASPHALT,UNSAFE SPEED,RAN OFF ROAD,NREDHILLRDWWALKERLN,STOP SIGN
ISP BLOOMINGTON 33,BLOOMINGTON,10/30/2019,09:30 M,2,,0,0,0,,100,C,I-69 S,SR 48,Y,317,W,39.16484453,-86.57390581,INTERSTATE,,URBAN,N,N,N,,DAYLIGHT,RAIN,WET,,RAMP,,ASPHALT,SPEED TOO FAST FOR WEATHER CONDITIONS,REAR END,,
INDIANA UNIV BLOOMINGTON PD,BLOOMINGTON,10/30/2019,5:15 PM,2,0,0,0,0,,,,SR 45/46,E 10TH ST,,,,0,0,STATE ROAD,N,URBAN,N,N,N,,DAYLIGHT,RAIN,WET,,FOUR-WAY INTERSECTION,STRAIGHT/LEVEL,ASPHALT,SPEED TOO FAST FOR WEATHER CONDITIONS,REAR END,SR46UNIONVILLERD,TRAFFIC CONTROL SIGNAL
BLOOMINGTON PD,BLOOMINGTON,10/30/2019,7:58 AM,2,0,0,0,0,,,,SR 45/46,N KINSER PIKE,,,,39.186544,-86.537888,STATE ROAD,N,URBAN,N,N,Y,LANE CLOSURE,DAWN/DUSK,RAIN,WET,,FOUR-WAY INTERSECTION,STRAIGHT/GRADE,ASPHALT,SPEED TOO FAST FOR WEATHER CONDITIONS,REAR END,KINSERPIKESR45E,TRAFFIC CONTROL SIGNAL
BLOOMINGTON PD,BLOOMINGTON,10/30/2019,10:31 AM,2,0,0,0,0,,,,N COLLEGE,W 11TH ST,,50,S,39.173232,-86.534752,LOCAL/CITY ROAD,N,URBAN,N,N,N,,DAYLIGHT,RAIN,WET,,FOUR-WAY INTERSECTION,STRAIGHT/GRADE,ASPHALT,OTHER (DRIVER) - EXPLAIN IN NARRATIVE,REAR END,NCOLLEGEAVEW11THST,LANE CONTROL
MONROE SD,BLOOMINGTON,10/30/2019,4:24 PM,2,0,0,0,0,,,,S WALNUT,S FAIRFAX RD,,,,39.10726,-86.53149,LOCAL/CITY ROAD,N,URBAN,N,N,N,,DAYLIGHT,RAIN,WET,,FOUR-WAY INTERSECTION,STRAIGHT/LEVEL,ASPHALT,SPEED TOO FAST FOR WEATHER CONDITIONS,RIGHT ANGLE,SOUTHFAIRFAXRDSOUTHOLDSTATEROAD37RD,NONE
MONROE SD,BLOOMINGTON,10/30/2019,5:54 PM,2,0,0,0,0,,,,S WALNUT,W CHURCH LN,,200,N,39.107248,-86.531392,LOCAL/CITY ROAD,N,URBAN,N,N,N,,DAYLIGHT,RAIN,WET,,NO JUNCTION INVOLVED,CURVE/LEVEL,ASPHALT,FOLLOWING TOO CLOSELY,REAR END,SOLDSTATEROAD37RDWCHURCHLN,NONE
MONROE SD,BLOOMINGTON,10/30/2019,8:07 AM,2,0,0,0,0,,,,SR 37,S WALNUT ST,,,,0,0,STATE ROAD,N,RURAL,N,Y,N,,DAYLIGHT,RAIN,WET,,FOUR-WAY INTERSECTION,STRAIGHT/LEVEL,ASPHALT,SPEED TOO FAST FOR WEATHER CONDITIONS,REAR END,OLDSTATE37RDSR37N,TRAFFIC CONTROL SIGNAL
MONROE SD,BLOOMINGTON,10/30/2019,6:24 PM,2,0,0,0,0,,,,W ARLINGTON,SR 46,,,,39.209808,-86.582672,LOCAL/CITY ROAD,N,RURAL,N,N,N,,DAYLIGHT,CLOUDY,WET,,FOUR-WAY INTERSECTION,STRAIGHT/LEVEL,ASPHALT,FOLLOWING TOO CLOSELY,REAR END,WARLINGTONRDWSTATEROAD46RD,TRAFFIC CONTROL SIGNAL
MONROE SD,BLOOMINGTON,10/30/2019,5:43 PM,3,0,1,0,0,,,,S WALNUT,E RHORER RD,,150,S,39.121552,-86.531296,COUNTY ROAD,N,RURAL,N,N,N,,DAYLIGHT,CLOUDY,WET,,FOUR-WAY INTERSECTION,STRAIGHT/LEVEL,ASPHALT,IMPROPER TURNING,LEFT TURN,SOLDSTATE37RDWGORDONPIKE,NONE
ISP BLOOMINGTON 33,BLOOMINGTON,10/30/2019,16:55 M,2,,0,0,0,,,,S CLARIZZ,SR 46,,0,S,39.164232,-86.490717,LOCAL/CITY ROAD,,URBAN,N,N,N,,DAYLIGHT,RAIN,WET,,FOUR-WAY INTERSECTION,,ASPHALT,OTHER (VEHICLE) - EXPLAIN IN NARRATIVE,SAME DIRECTION SIDESWIPE,,
ISP BLOOMINGTON 33,BLOOMINGTON,10/30/2019,15:05 M,1,,1,0,0,,,,I-69 N,,,106,N,39.22137898,-86.54960579,INTERSTATE,,RURAL,N,N,N,,DAYLIGHT,RAIN,WET,,NO JUNCTION INVOLVED,,ASPHALT,UNSAFE LANE MOVEMENT,,,
MONROE SD,BLOOMINGTON,10/30/2019,9:23 AM,2,0,0,0,0,,,,N HARTSTRAIT,W RATLIFF RD,,,,39.183925,-86.61127497,LOCAL/CITY ROAD,N,RURAL,N,N,N,,DAYLIGHT,RAIN,WET,,T-INTERSECTION,STRAIGHT/HILLCREST,ASPHALT,LEFT OF CENTER,OPPOSITE DIRECTION SIDESWIPE,NHARTSTRAITRDWRATLIFFRD,NONE
BLOOMINGTON PD,BLOOMINGTON,10/30/2019,8:18 AM,2,0,0,0,0,,,,N HILLSDALE,E 7TH ST,,75,S,39.16776,-86.503616,LOCAL/CITY ROAD,N,URBAN,N,N,N,,DAYLIGHT,RAIN,WET,,NO JUNCTION INVOLVED,STRAIGHT/LEVEL,ASPHALT,UNSAFE BACKING,BACKING CRASH,E7THSTNHILLSDALEDR,NONE
INDIANA UNIV BLOOMINGTON PD,BLOOMINGTON,10/30/2019,7:30 PM,2,0,0,0,0,,,,N JORDAN,E 7TH ST,,380,S,39.16790466,-86.51613828,LOCAL/CITY ROAD,N,URBAN,N,N,N,,DARK (LIGHTED),RAIN,WET,,NO JUNCTION INVOLVED,STRAIGHT/LEVEL,ASPHALT,FOLLOWING TOO CLOSELY,REAR END,E7THSTJORDANAVE,NONE
INDIANA UNIV BLOOMINGTON PD,BLOOMINGTON,10/30/2019,4:28 PM,1,0,1,0,0,,,,N WOODLAWN,E 17TH ST,,,,39.178992,-86.523504,LOCAL/CITY ROAD,Y,URBAN,N,N,N,,DAYLIGHT,RAIN,WET,,T-INTERSECTION,STRAIGHT/LEVEL,ASPHALT,FAILURE TO YIELD RIGHT OF WAY,RIGHT TURN,EAST17THSTWOODLAWNAVE,TRAFFIC CONTROL SIGNAL
ISP BLOOMINGTON 33,BLOOMINGTON,10/30/2019,12:00 M,2,,1,0,0,,,,SR 37,,,686,S,39.0482391,-86.5363844,STATE ROAD,,RURAL,N,Y,N,,DAYLIGHT,RAIN,WET,,NO JUNCTION INVOLVED,,ASPHALT,FOLLOWING TOO CLOSELY,REAR END,,
MONROE SD,BLOOMINGTON,10/30/2019,11:42 AM,2,0,0,0,0,,,,W OLD SR 37,N DUNN ST,,800,N,39.208048,-86.528704,COUNTY ROAD,Y,RURAL,N,N,N,,DAYLIGHT,RAIN,WET,,NO JUNCTION INVOLVED,CURVE/GRADE,ASPHALT,LEFT OF CENTER,OTHER - EXPLAIN IN NARRATIVE,NDUNNSTNOLDSTATEROAD37RD,NONE
INDIANA UNIV BLOOMINGTON PD,BLOOMINGTON,10/31/2019,8:30 AM,2,0,0,0,0,,,,SR 45/46,E 10TH ST,,,,0,0,STATE ROAD,Y,URBAN,N,N,N,,DAYLIGHT,RAIN,WET,,FOUR-WAY INTERSECTION,STRAIGHT/LEVEL,ASPHALT,FOLLOWING TOO CLOSELY,REAR END,SR46UNIONVILLERD,TRAFFIC CONTROL SIGNAL
BLOOMINGTON PD,BLOOMINGTON,10/31/2019,7:18 PM,2,0,0,0,0,,,,SR 46,E 3RD ST,,100,N,39.16427161,-86.47362489,LOCAL/CITY ROAD,N,URBAN,N,Y,N,,DARK (LIGHTED),BLOWING SAND/SOIL/SNOW,WET,,NO JUNCTION INVOLVED,STRAIGHT/LEVEL,ASPHALT,FOLLOWING TOO CLOSELY,REAR END,E3RDSTNSTATERD46RD,NONE
BLOOMINGTON PD,BLOOMINGTON,10/31/2019,8:03 AM,2,0,0,0,0,,,,SR 45/46,N KINSER PIKE,,200,E,39.186544,-86.537888,STATE ROAD,N,URBAN,N,N,N,,DARK (NOT LIGHTED),RAIN,WATER (STANDING OR MOVING),,FOUR-WAY INTERSECTION,STRAIGHT/GRADE,ASPHALT,FOLLOWING TOO CLOSELY,REAR END,NKINSERPIKESR4546W,LANE CONTROL
BLOOMINGTON PD,BLOOMINGTON,10/31/2019,7:41 AM,2,0,0,0,0,,,,SR 48,S CURRY PIKE,,,,39.16464,-86.58296,LOCAL/CITY ROAD,Y,URBAN,N,N,N,,DARK (LIGHTED),RAIN,WET,,FOUR-WAY INTERSECTION,STRAIGHT/LEVEL,ASPHALT,OTHER (DRIVER) - EXPLAIN IN NARRATIVE,RIGHT ANGLE,3RDSTCURRYPIKE,TRAFFIC CONTROL SIGNAL
BLOOMINGTON PD,BLOOMINGTON,10/31/2019,1:19 PM,2,0,0,0,0,,,,S COLLEGE,W 2ND ST,,250,S,0,0,LOCAL/CITY ROAD,N,URBAN,N,N,N,,DAYLIGHT,RAIN,WET,,NO JUNCTION INVOLVED,STRAIGHT/GRADE,ASPHALT,OTHER (DRIVER) - EXPLAIN IN NARRATIVE,REAR END,2NDSTSCOLLEGEAVE,LANE CONTROL
BLOOMINGTON PD,BLOOMINGTON,10/31/2019,11:03 PM,2,0,0,0,0,,,,N COLLEGE,W 9TH ST,,150,S,39.17013205,-86.53477464,LOCAL/CITY ROAD,N,URBAN,N,N,N,,DARK (LIGHTED),CLOUDY,DRY,,NO JUNCTION INVOLVED,STRAIGHT/LEVEL,ASPHALT,FOLLOWING TOO CLOSELY,SAME DIRECTION SIDESWIPE,9THSTCOLLEGEAVE,LANE CONTROL
BLOOMINGTON PD,BLOOMINGTON,10/31/2019,6:50 PM,2,0,0,0,0,,,,N COLLEGE,W 9TH ST,,,,39.170544,-86.534768,LOCAL/CITY ROAD,N,URBAN,N,N,N,,DARK (LIGHTED),SNOW,WET,,FOUR-WAY INTERSECTION,STRAIGHT/LEVEL,ASPHALT,IMPROPER LANE USAGE,SAME DIRECTION SIDESWIPE,NCOLLEGEAVEW9THST,NONE
INDIANA UNIV BLOOMINGTON PD,BLOOMINGTON,10/31/2019,7:39 PM,2,0,1,0,0,,,,SR 46,E 7TH ST,,250,S,,,STATE ROAD,N,URBAN,N,N,N,,DARK (LIGHTED),CLEAR,WET,,NO JUNCTION INVOLVED,STRAIGHT/LEVEL,ASPHALT,FOLLOWING TOO CLOSELY,REAR END,SR46THIRDST,NONE
BLOOMINGTON PD,BLOOMINGTON,10/31/2019,2:00 PM,2,0,0,0,0,,,,W 3RD,S LANDMARK AVE,,100,E,0,0,LOCAL/CITY ROAD,N,URBAN,N,N,N,,DAYLIGHT,CLOUDY,WET,,NO JUNCTION INVOLVED,STRAIGHT/GRADE,ASPHALT,FOLLOWING TOO CLOSELY,REAR END,SLANDMARKAVEW3RDST,TRAFFIC CONTROL SIGNAL
MONROE SD,BLOOMINGTON,10/31/2019,7:12 AM,2,0,0,0,0,,,,S CURRY,W CONSTITUTION AVE,,,,0,0,COUNTY ROAD,N,URBAN,N,N,N,,DARK (NOT LIGHTED),RAIN,WET,,FOUR-WAY INTERSECTION,STRAIGHT/LEVEL,ASPHALT,IMPROPER TURNING,HEAD ON BETWEEN TWO MOTOR VEHICLES,CONSTITUTIONAVESOUTHCURRYPIKE,STOP SIGN