Agency,City,Collision Date,Collision Time,Vehicles Involved,Trailers Involved,Number Injured,Number Dead,Number Deer,House Number,Roadway Interchange,Roadway Ramp,Roadway Id,Intersecting Road,Interchange,Feet From,Direction,Latitude,Longitude,Roadway Class,Hit and Run?,Locality,School Zone?,Rumble Strips?,Construction?,Construction Type,Light Condition,Weather Conditions,Surface Condition,Type of Median,Roadway Junction Type,Road Character,Roadway Surface,Primary Factor,Manner of Collision,Unique Location Id,Traffic Control
BLOOMINGTON PD,BLOOMINGTON,10/31/2019,1:36 PM,2,0,0,0,0,,,,E 7TH,N INDIANA AVE,,150,W,39.16864,-86.526944,LOCAL/CITY ROAD,N,URBAN,N,N,N,,DAYLIGHT,RAIN,WET,,FOUR-WAY INTERSECTION,STRAIGHT/LEVEL,ASPHALT,UNSAFE LANE MOVEMENT,SAME DIRECTION SIDESWIPE,E7THSTNINDIANAAVE,STOP SIGN
MONROE SD,BLOOMINGTON,10/31/2019,8:22 PM,1,0,0,0,0,,,,N FRONTAGE W,W SIMPSON CHAPEL RD,,,,0,0,LOCAL/CITY ROAD,N,URBAN,N,N,N,,DARK (NOT LIGHTED),RAIN,WET,,NO JUNCTION INVOLVED,STRAIGHT/LEVEL,ASPHALT,RAN OFF ROAD RIGHT,RAN OFF ROAD,WBURMARDWSIMPSONCHAPELRD,NONE
MONROE SD,BLOOMINGTON,10/31/2019,5:51 PM,1,0,0,0,0,,,,N RUSSELL,E LANAM RD,,,,39.19504,-86.489488,LOCAL/CITY ROAD,N,URBAN,N,N,N,,DAYLIGHT,RAIN,WET,,NO JUNCTION INVOLVED,STRAIGHT/GRADE,ASPHALT,RAN OFF ROAD RIGHT,RAN OFF ROAD,LANAMRDNRUSSELLRD,NONE
BLOOMINGTON PD,BLOOMINGTON,10/31/2019,8:00 AM,2,0,0,0,0,,,,W ARLINGTON,N PROW RD,,,,39.192352,-86.552592,LOCAL/CITY ROAD,N,URBAN,N,N,N,,DAYLIGHT,RAIN,WET,,NO JUNCTION INVOLVED,CURVE/LEVEL,ASPHALT,FAILURE TO YIELD RIGHT OF WAY,RIGHT ANGLE,NPROWRDWARLINGTONRD,STOP SIGN
MONROE SD,BLOOMINGTON,10/31/2019,4:11 PM,1,0,0,0,0,,,,W WOODYARD,N LOESCH RD,,1000,W,0,0,LOCAL/CITY ROAD,N,RURAL,N,N,N,,DAWN/DUSK,SNOW,WET,,NO JUNCTION INVOLVED,CURVE/LEVEL,ASPHALT,SPEED TOO FAST FOR WEATHER CONDITIONS,RAN OFF ROAD,NLOESCHRDWWOODYARDRD,NONE
BLOOMINGTON PD,BLOOMINGTON,11/1/2019,1:33 PM,2,0,0,0,0,,,,W KIRKWOOD,S COLLEGE AVE,,,,39.16664,-86.5348,LOCAL/CITY ROAD,N,URBAN,N,N,N,,DAYLIGHT,CLEAR,DRY,,FOUR-WAY INTERSECTION,STRAIGHT/GRADE,ASPHALT,UNSAFE LANE MOVEMENT,SAME DIRECTION SIDESWIPE,COLLEGEAVEKIRKWOODAVE,LANE CONTROL
INDIANA UNIV BLOOMINGTON PD,BLOOMINGTON,11/1/2019,2:00 AM,2,0,0,0,0,,,,E 3RD,S HIGHLAND AVE,,,,,,LOCAL/CITY ROAD,Y,URBAN,N,N,N,,DARK (LIGHTED),CLEAR,DRY,,NO JUNCTION INVOLVED,STRAIGHT/LEVEL,ASPHALT,UNSAFE LANE MOVEMENT,SAME DIRECTION SIDESWIPE,HIGHLANDAVETHIRDST,LANE CONTROL
MONROE SD,BLOOMINGTON,11/1/2019,7:05 PM,1,0,0,0,1,,,,SR 45,W AIRPORT RD,,300,E,39.13734928,-86.59295229,STATE ROAD,N,RURAL,N,Y,N,,DARK (NOT LIGHTED),CLEAR,DRY,,NO JUNCTION INVOLVED,STRAIGHT/GRADE,ASPHALT,ANIMAL/OBJECT IN ROADWAY,COLLISION WITH DEER,SR45WWESTAIRPORTRD,NONE
MONROE SD,BLOOMINGTON,11/1/2019,9:46 AM,2,0,0,0,0,,,,W ARLINGTON,SR 46,,,,39.209808,-86.582672,COUNTY ROAD,N,URBAN,N,N,N,,DAYLIGHT,CLEAR,DRY,,FOUR-WAY INTERSECTION,STRAIGHT/LEVEL,ASPHALT,FOLLOWING TOO CLOSELY,REAR END,WESTARLINGTONRDWESTSTATEROAD46RD,TRAFFIC CONTROL SIGNAL
MONROE SD,BLOOMINGTON,11/1/2019,9:01 PM,2,0,0,0,0,,,,S ADAMS,W ALLEN ST,,,,39.155952,-86.550592,LOCAL/CITY ROAD,N,URBAN,N,N,N,,DAYLIGHT,CLEAR,DRY,,FOUR-WAY INTERSECTION,STRAIGHT/LEVEL,ASPHALT,FAILURE TO YIELD RIGHT OF WAY,RIGHT ANGLE,SOUTHADAMSSTWESTALLENST,STOP SIGN
BLOOMINGTON PD,BLOOMINGTON,11/1/2019,7:28 AM,2,0,0,0,0,,,,E MOORES,S SARE RD,,,,,,LOCAL/CITY ROAD,N,URBAN,N,N,N,,DARK (LIGHTED),CLEAR,DRY,,FOUR-WAY INTERSECTION,STRAIGHT/GRADE,ASPHALT,DRIVER DISTRACTED - EXPLAIN IN NARRATIVE,REAR END,COLLEGEMALLRDSARERD,TRAFFIC CONTROL SIGNAL
MONROE SD,BLOOMINGTON,11/1/2019,7:16 PM,1,0,0,0,0,,,,S FAIRFAX,E COMMANDER CT,,,,0,0,COUNTY ROAD,N,RURAL,N,N,N,,DARK (NOT LIGHTED),CLEAR,DRY,,T-INTERSECTION,STRAIGHT/HILLCREST,ASPHALT,RAN OFF ROAD RIGHT,RAN OFF ROAD,ECOMMANDERCTSFAIRFAXRD,NONE
MONROE SD,BLOOMINGTON,11/1/2019,3:38 AM,1,0,0,0,0,,,,S FAIRFAX,E NORTON ST,,750,N,0,0,COUNTY ROAD,N,RURAL,N,N,N,,DARK (NOT LIGHTED),CLOUDY,DRY,,NO JUNCTION INVOLVED,STRAIGHT/GRADE,ASPHALT,OTHER (DRIVER) - EXPLAIN IN NARRATIVE,RAN OFF ROAD,EASTNORTONSTFAIRFAXRD,NONE
BLOOMINGTON PD,BLOOMINGTON,11/1/2019,12:06 PM,2,0,1,0,0,,,,S SARE,E ROGERS RD,,,,0,0,LOCAL/CITY ROAD,N,URBAN,N,N,N,,DAYLIGHT,CLEAR,DRY,,TRAFFIC CIRCLE/ROUNDABOUT,CURVE/LEVEL,ASPHALT,FOLLOWING TOO CLOSELY,REAR END,EROGERSRDSSARERD,ROUNDABOUT INTERSECTION
BLOOMINGTON PD,BLOOMINGTON,11/1/2019,9:45 AM,1,0,0,0,0,3811,,,SR 48,RUNKLE LN,,,,39.16424,-86.48244996,LOCAL/CITY ROAD,Y,URBAN,N,N,N,,,,,,NO JUNCTION INVOLVED,STRAIGHT/LEVEL,ASPHALT,RAN OFF ROAD RIGHT,RAN OFF ROAD,W3RDST,LANE CONTROL
BLOOMINGTON PD,BLOOMINGTON,11/2/2019,12:02 PM,3,0,1,0,0,,,,SR 46,S PETE ELLIS DR,,,,39.16424,-86.495088,LOCAL/CITY ROAD,N,URBAN,N,N,N,,DAYLIGHT,CLEAR,DRY,,FOUR-WAY INTERSECTION,STRAIGHT/GRADE,ASPHALT,FOLLOWING TOO CLOSELY,REAR END,E3RDSTSPETEELLISDR,TRAFFIC CONTROL SIGNAL
BLOOMINGTON PD,BLOOMINGTON,11/2/2019,12:00 PM,3,0,0,0,0,,,,SR 46,S PETE ELLIS DR,,,,39.16424,-86.495088,LOCAL/CITY ROAD,N,URBAN,N,N,N,,DAYLIGHT,CLEAR,DRY,,FOUR-WAY INTERSECTION,STRAIGHT/LEVEL,ASPHALT,FOLLOWING TOO CLOSELY,REAR END,E3RDSTSPETEELLISDR,TRAFFIC CONTROL SIGNAL
INDIANA UNIV BLOOMINGTON PD,BLOOMINGTON,11/2/2019,1:50 AM,2,0,0,0,0,,,,N JORDAN,E 3RD ST,,,,,,LOCAL/CITY ROAD,Y,URBAN,N,N,N,,DARK (LIGHTED),CLEAR,DRY,,FOUR-WAY INTERSECTION,STRAIGHT/LEVEL,ASPHALT,IMPROPER LANE USAGE,SAME DIRECTION SIDESWIPE,JORDANAVETHIRDST,LANE CONTROL
MONROE SD,BLOOMINGTON,11/2/2019,7:13 PM,2,0,1,0,0,,,,W VERNAL,N CURRY PIKE,,800,E,39.179248,-86.5832,LOCAL/CITY ROAD,N,URBAN,N,N,N,,DARK (LIGHTED),CLEAR,DRY,,NO JUNCTION INVOLVED,STRAIGHT/GRADE,ASPHALT,FAILURE TO YIELD RIGHT OF WAY,RIGHT ANGLE,NCURRYPIKEWVERNALPIKE,OTHER REGULATORY SIGN/MARKING
INDIANA UNIV BLOOMINGTON PD,BLOOMINGTON,11/2/2019,12:59 PM,2,0,1,0,0,,,,E 3RD,S OVERHILL DR,,,,,,LOCAL/CITY ROAD,N,URBAN,N,N,N,,DAYLIGHT,CLEAR,DRY,,T-INTERSECTION,STRAIGHT/LEVEL,ASPHALT,IMPROPER TURNING,LEFT TURN,OVERHILLDRTHIRDST,STOP SIGN
ISP BLOOMINGTON 33,BLOOMINGTON,11/2/2019,22:00 M,1,,0,0,1,,,,SR 37,W SMITHVILLE RD,,106,S,39.07077593,-86.53640288,STATE ROAD,,RURAL,N,Y,N,,DARK (NOT LIGHTED),CLEAR,DRY,,FOUR-WAY INTERSECTION,,ASPHALT,ANIMAL/OBJECT IN ROADWAY,COLLISION WITH DEER,,
INDIANA UNIV BLOOMINGTON PD,BLOOMINGTON,11/2/2019,11:10 PM,2,0,0,0,0,,,,N INDIANA,E 10TH ST,,,,,,LOCAL/CITY ROAD,N,URBAN,N,N,N,,DARK (LIGHTED),CLEAR,DRY,,FOUR-WAY INTERSECTION,STRAIGHT/LEVEL,ASPHALT,DISREGARD SIGNAL/REG SIGN,LEFT TURN,INDIANAAVETENTHST,TRAFFIC CONTROL SIGNAL
BLOOMINGTON PD,BLOOMINGTON,11/2/2019,1:20 PM,2,0,1,0,0,,,,S WALNUT,E 2ND ST,,100,N,39.16171466,-86.5336,LOCAL/CITY ROAD,N,URBAN,N,N,B,,DAYLIGHT,CLEAR,DRY,,NO JUNCTION INVOLVED,STRAIGHT/GRADE,ASPHALT,FOLLOWING TOO CLOSELY,REAR END,2NDSTWALNUTST,NONE
MONROE SD,BLOOMINGTON,11/2/2019,7:53 PM,1,0,0,0,1,,,,SR 37,,,1000,N,,,STATE ROAD,N,RURAL,N,Y,N,,DARK (NOT LIGHTED),CLEAR,DRY,,NO JUNCTION INVOLVED,STRAIGHT/GRADE,ASPHALT,ANIMAL/OBJECT IN ROADWAY,COLLISION WITH DEER,SR37SZIKESRD,NONE
MONROE SD,BLOOMINGTON,11/2/2019,8:24 AM,1,0,0,0,1,,,,SR 446,E RUSH RIDGE RD,,500,S,39.08337373,-86.42034021,STATE ROAD,N,RURAL,N,N,N,,DAYLIGHT,CLEAR,DRY,,NO JUNCTION INVOLVED,CURVE/GRADE,ASPHALT,ANIMAL/OBJECT IN ROADWAY,COLLISION WITH DEER,RUSHRIDGERDSR446S,NONE
MONROE SD,BLOOMINGTON,11/2/2019,9:40 PM,1,0,0,0,1,,,,SR 446,S KNIGHTRIDGE RD,,600,N,0,0,STATE ROAD,N,RURAL,N,N,N,,DARK (NOT LIGHTED),CLEAR,DRY,,NO JUNCTION INVOLVED,STRAIGHT/LEVEL,ASPHALT,ANIMAL/OBJECT IN ROADWAY,COLLISION WITH DEER,SKNIGHTRIDGERDSR446S,NONE
BLOOMINGTON PD,BLOOMINGTON,11/2/2019,5:25 PM,2,0,0,0,0,,,,W 12TH,N SUMMIT ST,,50,E,39.174352,-86.548,LOCAL/CITY ROAD,Y,URBAN,N,N,N,,DAYLIGHT,CLEAR,DRY,,NO JUNCTION INVOLVED,STRAIGHT/LEVEL,ASPHALT,,HEAD ON BETWEEN TWO MOTOR VEHICLES,NSUMMITSTW12THST,NONE
BLOOMINGTON PD,BLOOMINGTON,11/2/2019,4:30 PM,2,0,3,0,0,,,,W COUNTRY CLUB,S ROCKPORT RD,,,,0,0,LOCAL/CITY ROAD,N,URBAN,N,N,N,,DAYLIGHT,CLEAR,DRY,,NO JUNCTION INVOLVED,STRAIGHT/GRADE,ASPHALT,FAILURE TO YIELD RIGHT OF WAY,HEAD ON BETWEEN TWO MOTOR VEHICLES,SROCKPORTRDWCOUNTRYCLUBRD,TRAFFIC CONTROL SIGNAL
BLOOMINGTON PD,BLOOMINGTON,11/3/2019,11:15 AM,2,0,0,0,0,,,,S WALNUT,W 4TH ST,,,,39.165648,-86.5336,LOCAL/CITY ROAD,N,URBAN,N,N,N,,DAYLIGHT,CLEAR,DRY,,T-INTERSECTION,STRAIGHT/GRADE,ASPHALT,DISREGARD SIGNAL/REG SIGN,RIGHT ANGLE,4THSTWALNUTST,TRAFFIC CONTROL SIGNAL
INDIANA UNIV BLOOMINGTON PD,BLOOMINGTON,11/3/2019,11:20 AM,2,0,0,0,0,,,,SR 45/46,E 17TH ST,,,,39.17984,-86.507088,STATE ROAD,N,URBAN,N,N,N,,DAYLIGHT,CLEAR,DRY,,T-INTERSECTION,CURVE/LEVEL,ASPHALT,FOLLOWING TOO CLOSELY,REAR END,EAST17THSTSR46,TRAFFIC CONTROL SIGNAL
MONROE SD,BLOOMINGTON,11/3/2019,5:39 PM,1,0,0,0,0,,,,N LOUDEN,W HOWARD RD,,5000,N,,,COUNTY ROAD,N,RURAL,N,N,N,,DARK (NOT LIGHTED),CLEAR,DRY,,NO JUNCTION INVOLVED,STRAIGHT/GRADE,ASPHALT,RAN OFF ROAD RIGHT,RAN OFF ROAD,HOWARDSRDLOUDENRD,NONE
BLOOMINGTON PD,BLOOMINGTON,11/3/2019,11:16 PM,2,0,0,0,0,,,,N WALNUT,E 2ND ST,,,,39.16144,-86.5336,LOCAL/CITY ROAD,N,URBAN,N,N,N,,DARK (LIGHTED),CLEAR,DRY,,NO JUNCTION INVOLVED,STRAIGHT/GRADE,ASPHALT,DISREGARD SIGNAL/REG SIGN,RIGHT ANGLE,E2NDSTNWALNUTST,TRAFFIC CONTROL SIGNAL
BLOOMINGTON PD,BLOOMINGTON,11/3/2019,1:30 AM,1,0,0,0,0,1965,,,S WALNUT,,,500,W,39.142555,-86.531238,LOCAL/CITY ROAD,N,URBAN,N,N,N,,DARK (LIGHTED),CLEAR,DRY,,NO JUNCTION INVOLVED,STRAIGHT/LEVEL,ASPHALT,DRIVER ASLEEP OR FATIGUED,RAN OFF ROAD,SWALNUTST,NONE
ELLETTSVILLE PD,ELLETTSVILLE,11/3/2019,12:02 PM,2,0,0,0,0,,,,SR 46,W ALLEN ST,,,,39.236752,-86.626896,LOCAL/CITY ROAD,N,URBAN,N,N,N,,DAYLIGHT,CLOUDY,DRY,,NO JUNCTION INVOLVED,STRAIGHT/HILLCREST,ASPHALT,FOLLOWING TOO CLOSELY,REAR END,ALLENSTMAINST,LANE CONTROL
BLOOMINGTON PD,BLOOMINGTON,11/4/2019,3:05 PM,2,0,0,0,0,,,,W 3RD,I-69,,,,39.164752,-86.573104,LOCAL/CITY ROAD,Y,URBAN,N,N,N,,DAYLIGHT,CLEAR,DRY,,FOUR-WAY INTERSECTION,STRAIGHT/LEVEL,CONCRETE,DISREGARD SIGNAL/REG SIGN,SAME DIRECTION SIDESWIPE,SSTATERD37RAMPW3RDST,TRAFFIC CONTROL SIGNAL
BLOOMINGTON PD,BLOOMINGTON,11/4/2019,10:47 AM,2,0,0,0,0,,,,E 3RD,S WALNUT ST,,,,39.16464,-86.5336,LOCAL/CITY ROAD,N,URBAN,N,N,N,,DAYLIGHT,CLOUDY,DRY,,FOUR-WAY INTERSECTION,STRAIGHT/LEVEL,ASPHALT,FOLLOWING TOO CLOSELY,REAR END,EAST3RDSTSOUTHWALNUTST,TRAFFIC CONTROL SIGNAL
BLOOMINGTON PD,BLOOMINGTON,11/4/2019,9:20 PM,2,0,0,0,0,,,,W 2ND,S ROGERS ST,,,,0,0,LOCAL/CITY ROAD,N,URBAN,N,N,N,,DARK (LIGHTED),RAIN,WET,,FOUR-WAY INTERSECTION,STRAIGHT/LEVEL,ASPHALT,FAILURE TO YIELD RIGHT OF WAY,LEFT TURN,SROGERSSTW2NDST,TRAFFIC CONTROL SIGNAL
BLOOMINGTON PD,BLOOMINGTON,11/4/2019,7:57 AM,2,0,0,0,0,,,,S WALNUT,W SMITH AVE,,150,S,0,0,LOCAL/CITY ROAD,N,URBAN,N,N,N,,DAYLIGHT,CLEAR,DRY,,NO JUNCTION INVOLVED,STRAIGHT/LEVEL,ASPHALT,FOLLOWING TOO CLOSELY,REAR END,SWALNUTSTWSMITHAVE,NONE
BLOOMINGTON PD,BLOOMINGTON,11/4/2019,11:10 AM,2,1,0,0,0,,,,E KIRKWOOD,S GRANT ST,,,,39.16664,-86.529696,LOCAL/CITY ROAD,N,URBAN,N,N,N,,DAYLIGHT,CLOUDY,DRY,,FOUR-WAY INTERSECTION,STRAIGHT/LEVEL,ASPHALT,FAILURE TO YIELD RIGHT OF WAY,SAME DIRECTION SIDESWIPE,EKIRKWOODAVESGRANTST,STOP SIGN
BLOOMINGTON PD,BLOOMINGTON,11/4/2019,10:07 AM,1,0,1,0,0,,120,A,I-69 N,,,,,0,0,INTERSTATE,N,URBAN,N,Y,N,,DAYLIGHT,CLEAR,DRY,,RAMP,CURVE/GRADE,ASPHALT,BRAKE FAILURE OR DEFECTIVE,RAN OFF ROAD,I69E,NONE
MONROE SD,BLOOMINGTON,11/4/2019,7:47 PM,1,0,0,0,0,,,,N OARD,W VERNAL PIKE,,,,,,LOCAL/CITY ROAD,N,RURAL,N,N,N,,DARK (NOT LIGHTED),RAIN,WET,,T-INTERSECTION,CURVE/GRADE,ASPHALT,SPEED TOO FAST FOR WEATHER CONDITIONS,RAN OFF ROAD,OARDRDVERNALPIKE,NONE
BLOOMINGTON PD,BLOOMINGTON,11/4/2019,5:30 PM,2,0,0,0,0,,,,N PARK,E 10TH ST,,,,39.171648,-86.524608,LOCAL/CITY ROAD,Y,URBAN,N,N,N,,DAWN/DUSK,CLOUDY,WET,,FOUR-WAY INTERSECTION,STRAIGHT/GRADE,ASPHALT,OTHER (DRIVER) - EXPLAIN IN NARRATIVE,OTHER - EXPLAIN IN NARRATIVE,E10THSTNPARKAVE,NONE
MONROE SD,BLOOMINGTON,11/4/2019,6:45 AM,1,0,0,0,1,,,,N UNION VALLEY,MAEFIELD DR,,,,0,0,LOCAL/CITY ROAD,N,URBAN,N,N,N,,DARK (LIGHTED),CLOUDY,ICE,,FOUR-WAY INTERSECTION,STRAIGHT/HILLCREST,ASPHALT,ANIMAL/OBJECT IN ROADWAY,COLLISION WITH DEER,MAEFIELDDRNUNIONVALLEYRD,NONE
MONROE SD,BLOOMINGTON,11/4/2019,11:04 AM,1,0,0,0,0,7525,,,S FAIRFAX,,,400,S,0,0,COUNTY ROAD,N,RURAL,N,N,N,,DAYLIGHT,CLOUDY,DRY,,NO JUNCTION INVOLVED,CURVE/LEVEL,ASPHALT,ANIMAL/OBJECT IN ROADWAY,RAN OFF ROAD,7525FAIRFAXRDBERNICEDR,NO PASSING ZONE
MONROE SD,BLOOMINGTON,11/4/2019,6:44 PM,1,0,0,0,1,,,,SR 37,W INGRAM RD,,800,N,38.99421322,-86.53727426,STATE ROAD,N,RURAL,N,Y,N,,DARK (NOT LIGHTED),RAIN,WET,,NO JUNCTION INVOLVED,STRAIGHT/LEVEL,ASPHALT,ANIMAL/OBJECT IN ROADWAY,COLLISION WITH DEER,SR37NWINGRAMRD,LANE CONTROL
MONROE SD,ELLETTSVILLE,11/4/2019,7:28 AM,3,0,1,0,0,,,,SR 46,,,1250,W,39.20813371,-86.57815278,STATE ROAD,N,RURAL,N,Y,N,,DAYLIGHT,CLEAR,DRY,,NO JUNCTION INVOLVED,STRAIGHT/GRADE,ASPHALT,FOLLOWING TOO CLOSELY,REAR END,SR46WWARLINGTONRD,LANE CONTROL
MONROE SD,BLOOMINGTON,11/4/2019,7:27 PM,1,0,0,0,0,,,,W MAPLE GROVE,N BOTTOM RD,,6000,W,39.24744,-86.547792,LOCAL/CITY ROAD,N,RURAL,N,N,N,,DARK (NOT LIGHTED),RAIN,WET,,NO JUNCTION INVOLVED,CURVE/LEVEL,ASPHALT,RAN OFF ROAD RIGHT,RAN OFF ROAD,NBOTTOMRDWMAPLEGROVERD,OTHER REGULATORY SIGN/MARKING
INDIANA UNIV BLOOMINGTON PD,BLOOMINGTON,11/5/2019,11:43 PM,1,0,2,0,0,,,,SR 45,SR 45/46,,,,39.176848,-86.478192,STATE ROAD,N,URBAN,N,N,N,,DARK (NOT LIGHTED),CLEAR,DRY,,FOUR-WAY INTERSECTION,STRAIGHT/LEVEL,ASPHALT,FAILURE TO YIELD RIGHT OF WAY,LEFT/RIGHT TURN,10THSTSR45N,TRAFFIC CONTROL SIGNAL
MONROE SD,BLOOMINGTON,11/5/2019,5:59 PM,1,0,0,0,1,,,,SR 37,E SMITHVILLE RD,,,,39.16424,-86.480688,STATE ROAD,N,RURAL,N,N,N,,DARK (NOT LIGHTED),CLEAR,DRY,,FOUR-WAY INTERSECTION,STRAIGHT/GRADE,ASPHALT,ANIMAL/OBJECT IN ROADWAY,COLLISION WITH DEER,SMITHVILLERDSR37S,NONE
MONROE SD,BLOOMINGTON,11/5/2019,7:19 PM,1,0,0,0,1,,,,SR 45,E BETHEL LN,,300,E,39.21052542,-86.46263144,STATE ROAD,N,RURAL,N,N,N,,DARK (NOT LIGHTED),CLEAR,DRY,,T-INTERSECTION,STRAIGHT/LEVEL,ASPHALT,ANIMAL/OBJECT IN ROADWAY,COLLISION WITH DEER,EBETHELLNSR45E,NONE
MONROE SD,BLOOMINGTON,11/5/2019,4:00 PM,3,0,0,0,0,,,,SR 46,N DEER PARK DR,,,,39.212048,-86.5872,STATE ROAD,N,URBAN,N,N,N,,DAYLIGHT,CLEAR,DRY,,T-INTERSECTION,STRAIGHT/GRADE,ASPHALT,FAILURE TO YIELD RIGHT OF WAY,LEFT TURN,NDEERPARKDRSR46W,LANE CONTROL
BLOOMINGTON PD,BLOOMINGTON,11/5/2019,3:30 PM,3,0,0,0,0,1455,,,W BLOOMFIELD,,,,,0,0,UNKNOWN,N,URBAN,N,N,N,,DAYLIGHT,CLEAR,DRY,,NO JUNCTION INVOLVED,CURVE/GRADE,ASPHALT,FOLLOWING TOO CLOSELY,REAR END,WBLOOMFIELDRD,NONE
BLOOMINGTON PD,BLOOMINGTON,11/6/2019,5:55 PM,2,0,1,0,0,,,,SR 48,I-69,Y,,,0,0,LOCAL/CITY ROAD,N,URBAN,N,N,N,,DARK (NOT LIGHTED),RAIN,WET,,FOUR-WAY INTERSECTION,STRAIGHT/LEVEL,CONCRETE,DISREGARD SIGNAL/REG SIGN,RIGHT ANGLE,I69WEST3RDST,TRAFFIC CONTROL SIGNAL
BLOOMINGTON PD,BLOOMINGTON,11/6/2019,5:40 PM,2,0,0,0,0,,,,SR 45,S LEONARD SPRINGS RD,,,,0,0,LOCAL/CITY ROAD,N,URBAN,N,N,N,,DARK (LIGHTED),RAIN,WET,,NO JUNCTION INVOLVED,STRAIGHT/GRADE,ASPHALT,FAILURE TO YIELD RIGHT OF WAY,LEFT TURN,SCURRYPIKEWSTATEROAD45RD,TRAFFIC CONTROL SIGNAL
BLOOMINGTON PD,BLOOMINGTON,11/6/2019,6:26 PM,2,0,1,0,0,,,,S WALNUT,E KIRKWOOD AVE,,,,39.16664,-86.5336,LOCAL/CITY ROAD,N,URBAN,N,N,N,,DARK (LIGHTED),RAIN,WET,,FOUR-WAY INTERSECTION,STRAIGHT/GRADE,ASPHALT,FOLLOWING TOO CLOSELY,REAR END,EKIRKWOODAVESWALNUTST,NONE
BLOOMINGTON PD,BLOOMINGTON,11/6/2019,6:09 AM,2,0,1,0,0,,,,W 17TH,N WALNUT ST,,,,39.178944,-86.533392,LOCAL/CITY ROAD,Y,URBAN,N,N,N,,DARK (LIGHTED),CLEAR,DRY,,FOUR-WAY INTERSECTION,STRAIGHT/LEVEL,ASPHALT,,,NWALNUTSTW17THST,TRAFFIC CONTROL SIGNAL
INDIANA UNIV BLOOMINGTON PD,BLOOMINGTON,11/6/2019,6:40 PM,2,0,0,0,0,,,,N WOODLAWN,E 10TH ST,,,,,,LOCAL/CITY ROAD,N,URBAN,N,N,N,,DARK (LIGHTED),RAIN,WET,,FOUR-WAY INTERSECTION,STRAIGHT/LEVEL,ASPHALT,UNSAFE BACKING,BACKING CRASH,TENTHSTWOODLAWNAVE,TRAFFIC CONTROL SIGNAL
BLOOMINGTON PD,BLOOMINGTON,11/6/2019,10:40 AM,2,0,0,0,0,,,,E BURKS,S WALNUT ST,,300,E,,,LOCAL/CITY ROAD,N,URBAN,N,N,N,,DAYLIGHT,CLOUDY,DRY,,NO JUNCTION INVOLVED,STRAIGHT/LEVEL,ASPHALT,UNSAFE BACKING,BACKING CRASH,BURKSDRWALNUTST,NONE
MONROE SD,BLOOMINGTON,11/6/2019,4:38 PM,2,0,0,0,0,,,,SR 46,W HEDRICK RD,,100,E,39.27762,-86.67733866,STATE ROAD,N,RURAL,N,N,N,,DAYLIGHT,CLOUDY,DRY,,NO JUNCTION INVOLVED,STRAIGHT/LEVEL,ASPHALT,TIRE FAILURE OR DEFECTIVE,COLLISION WITH OBJECT IN ROAD,HEDRICKRDSR46W,NONE
BLOOMINGTON PD,BLOOMINGTON,11/6/2019,12:27 AM,1,0,1,0,0,,,,E NORTH,S WALNUT ST,,,,,,LOCAL/CITY ROAD,Y,URBAN,N,N,N,,DARK (NOT LIGHTED),CLEAR,DRY,,NO JUNCTION INVOLVED,CURVE/GRADE,ASPHALT,OTHER (DRIVER) - EXPLAIN IN NARRATIVE,RAN OFF ROAD,NORTHDRWALNUTST,NONE
MONROE SD,BLOOMINGTON,11/6/2019,7:32 PM,1,0,0,0,1,,,,I-69 N,,,500,N,41.12849711,-85.17702569,INTERSTATE,N,RURAL,N,N,N,,DARK (NOT LIGHTED),RAIN,WET,,NO JUNCTION INVOLVED,STRAIGHT/LEVEL,ASPHALT,ANIMAL/OBJECT IN ROADWAY,COLLISION WITH DEER,I69N110,NONE
MONROE SD,BLOOMINGTON,11/6/2019,6:41 PM,1,0,0,0,1,,,,S FAIRFAX,,,1000,S,,,COUNTY ROAD,N,RURAL,N,N,N,,DARK (NOT LIGHTED),RAIN,WET,,NO JUNCTION INVOLVED,STRAIGHT/LEVEL,ASPHALT,ANIMAL/OBJECT IN ROADWAY,COLLISION WITH DEER,DILLMANRDFAIRFAXRD,NONE
BLOOMINGTON PD,BLOOMINGTON,11/6/2019,6:00 PM,1,0,1,0,0,,,,S KIMBLE,W 3RD ST,,200,E,39.16464,-86.568,LOCAL/CITY ROAD,N,URBAN,N,N,N,,DARK (LIGHTED),RAIN,WET,,T-INTERSECTION,STRAIGHT/LEVEL,ASPHALT,PEDESTRIAN ACTION,RIGHT ANGLE,SKIMBLEDRW3RDST,NONE
BLOOMINGTON PD,BLOOMINGTON,11/6/2019,11:22 AM,2,0,0,0,0,,,,S PARK,E HUNTER AVE,,,,39.16224,-86.523968,LOCAL/CITY ROAD,N,URBAN,N,N,N,,DAYLIGHT,CLOUDY,DRY,,FOUR-WAY INTERSECTION,STRAIGHT/GRADE,ASPHALT,OTHER (DRIVER) - EXPLAIN IN NARRATIVE,SAME DIRECTION SIDESWIPE,EHUNTERAVESPARKAVE,STOP SIGN
BLOOMINGTON PD,BLOOMINGTON,11/6/2019,10:35 AM,1,0,0,0,0,,,,S WALNUT ST PIKE,E BURKS DR,,,,0,0,LOCAL/CITY ROAD,N,URBAN,N,N,N,,DAYLIGHT,CLOUDY,DRY,,T-INTERSECTION,STRAIGHT/LEVEL,ASPHALT,RAN OFF ROAD RIGHT,RAN OFF ROAD,EBURKSDRSWALNUTSTREETPIKE,NONE