Agency,City,Collision Date,Collision Time,Vehicles Involved,Trailers Involved,Number Injured,Number Dead,Number Deer,House Number,Roadway Interchange,Roadway Ramp,Roadway Id,Intersecting Road,Interchange,Feet From,Direction,Latitude,Longitude,Roadway Class,Hit and Run?,Locality,School Zone?,Rumble Strips?,Construction?,Construction Type,Light Condition,Weather Conditions,Surface Condition,Type of Median,Roadway Junction Type,Road Character,Roadway Surface,Primary Factor,Manner of Collision,Unique Location Id,Traffic Control
MONROE SD,BLOOMINGTON,11/6/2019,6:01 PM,1,0,0,0,1,,,,SR 446,,,1500,S,39.04650477,-86.40829382,STATE ROAD,N,RURAL,N,N,N,,DARK (NOT LIGHTED),RAIN,WET,,NO JUNCTION INVOLVED,STRAIGHT/LEVEL,ASPHALT,ANIMAL/OBJECT IN ROADWAY,COLLISION WITH DEER,GRUBBRDSR446S,NONE
INDIANA UNIV BLOOMINGTON PD,BLOOMINGTON,11/7/2019,7:45 PM,2,0,1,0,0,,,,SR 45/46,E 10TH ST,,,,,,STATE ROAD,N,URBAN,N,N,N,,DARK (NOT LIGHTED),CLEAR,DRY,,FOUR-WAY INTERSECTION,STRAIGHT/GRADE,ASPHALT,FOLLOWING TOO CLOSELY,REAR END,SR45SR46,TRAFFIC CONTROL SIGNAL
BLOOMINGTON PD,BLOOMINGTON,11/7/2019,4:04 PM,2,0,0,0,0,,,,SR 48,S CURRY PIKE,,500,W,39.16464,-86.5829167,LOCAL/CITY ROAD,N,URBAN,N,N,N,,DAYLIGHT,CLEAR,DRY,,FOUR-WAY INTERSECTION,STRAIGHT/LEVEL,ASPHALT,FAILURE TO YIELD RIGHT OF WAY,HEAD ON BETWEEN TWO MOTOR VEHICLES,CURRYPIKEWEST3RDST,LANE CONTROL
INDIANA UNIV BLOOMINGTON PD,BLOOMINGTON,11/7/2019,9:30 AM,1,0,1,0,0,,,,SR 45/46,E 17TH ST,,200,S,,,STATE ROAD,N,URBAN,N,N,N,,DAYLIGHT,RAIN,WET,,T-INTERSECTION,CURVE/LEVEL,ASPHALT,SPEED TOO FAST FOR WEATHER CONDITIONS,RAN OFF ROAD,SR45SSR46S,TRAFFIC CONTROL SIGNAL
BLOOMINGTON PD,BLOOMINGTON,11/7/2019,7:30 AM,3,0,0,0,0,,,,E WINSLOW,S HENDERSON ST,,,,39.136144,-86.5268,LOCAL/CITY ROAD,N,URBAN,N,N,Y,X-OVER/LANE SHIFT,DAWN/DUSK,RAIN,WET,,FOUR-WAY INTERSECTION,STRAIGHT/LEVEL,ASPHALT,FAILURE TO YIELD RIGHT OF WAY,RIGHT ANGLE,HENDERSONSTWINSLOWRD,TRAFFIC CONTROL SIGNAL
BLOOMINGTON PD,BLOOMINGTON,11/7/2019,6:05 PM,2,0,0,0,0,,,,N CURRY,W PROFILE PKWY,,,,39.17198,-86.58299,LOCAL/CITY ROAD,N,URBAN,N,N,N,,DARK (NOT LIGHTED),CLEAR,DRY,,T-INTERSECTION,STRAIGHT/LEVEL,ASPHALT,FOLLOWING TOO CLOSELY,REAR END,NORTHCURRYPIKEWESTPROFILEPKWY,TRAFFIC CONTROL SIGNAL
BLOOMINGTON PD,BLOOMINGTON,11/7/2019,12:13 PM,2,0,0,0,0,,,,SR 45,N SMITH RD,,300,W,39.172752,-86.482288,LOCAL/CITY ROAD,N,URBAN,N,N,N,,DAYLIGHT,CLOUDY,WET,,NO JUNCTION INVOLVED,CURVE/GRADE,ASPHALT,OTHER (DRIVER) - EXPLAIN IN NARRATIVE,REAR END,E10THSTNSMITHRD,LANE CONTROL
ISP BLOOMINGTON 33,BLOOMINGTON,11/7/2019,8:15 PM,1,0,0,0,1,,,,I-69 N,,,100,N,0,0,INTERSTATE,N,RURAL,N,N,N,,DARK (NOT LIGHTED),CLEAR,DRY,,NO JUNCTION INVOLVED,CURVE/LEVEL,CONCRETE,ANIMAL/OBJECT IN ROADWAY,COLLISION WITH DEER,I69N111.0,LANE CONTROL
MONROE SD,BLOOMINGTON,11/7/2019,9:38 AM,1,0,0,0,0,,,,N STINESVILLE,W MT CARMEL RD,,750,S,39.21653538,-86.6594,COUNTY ROAD,N,RURAL,N,N,N,,DAYLIGHT,CLOUDY,WET,,NO JUNCTION INVOLVED,CURVE/LEVEL,ASPHALT,OTHER (DRIVER) - EXPLAIN IN NARRATIVE,RAN OFF ROAD,MTCARMELRDSTINESVILLERD,NONE
BLOOMINGTON PD,BLOOMINGTON,11/8/2019,11:30 AM,2,0,0,0,0,,,,S HENDERSON,E WINSLOW RD,,,,39.136144,-86.5268,LOCAL/CITY ROAD,Y,URBAN,N,N,Y,WORK ON SHOULDER,DAYLIGHT,CLEAR,DRY,,FOUR-WAY INTERSECTION,STRAIGHT/GRADE,ASPHALT,IMPROPER LANE USAGE,SAME DIRECTION SIDESWIPE,HENDERSONSTWINSLOWRDS,TRAFFIC CONTROL SIGNAL
ISP BLOOMINGTON 33,BLOOMINGTON,11/8/2019,09:00 M,1,,1,0,0,,,,SR 37,S OLD SR 37,,53,E,39.08522041,-86.54268211,STATE ROAD,,RURAL,N,N,N,,DAYLIGHT,CLEAR,DRY,,FOUR-WAY INTERSECTION,,ASPHALT,,RAN OFF ROAD,,
MONROE SD,BLOOMINGTON,11/8/2019,3:52 AM,2,0,0,0,0,,,,SR 45,W AIRPORT RD,,,,39.13639,-86.5944,LOCAL/CITY ROAD,N,URBAN,N,N,N,,DAYLIGHT,CLEAR,DRY,,T-INTERSECTION,STRAIGHT/LEVEL,ASPHALT,FOLLOWING TOO CLOSELY,REAR END,WAIRPORTRDWSTATEROAD45RDG,TRAFFIC CONTROL SIGNAL
MONROE SD,BLOOMINGTON,11/8/2019,9:08 AM,2,0,0,0,0,,,,W OLD SR 37,E BETHEL LN,,,,39.21539,-86.52157,LOCAL/CITY ROAD,N,URBAN,N,N,Y,LANE CLOSURE,DAYLIGHT,CLEAR,DRY,,T-INTERSECTION,STRAIGHT/HILLCREST,ASPHALT,FAILURE TO YIELD RIGHT OF WAY,RIGHT ANGLE,BETHELLNNOLDST37RD,OFFICER/CROSSING GUARD/FLAGMAN
MONROE SD,BLOOMINGTON,11/8/2019,6:22 PM,1,0,0,0,1,,,,I-69 N,,,10,N,0,0,INTERSTATE,N,RURAL,N,N,N,,DARK (NOT LIGHTED),CLEAR,DRY,,NO JUNCTION INVOLVED,STRAIGHT/LEVEL,ASPHALT,ANIMAL/OBJECT IN ROADWAY,RAN OFF ROAD,I69N112.5,NONE
ISP PUTNAMVILLE 53,BLOOMINGTON,11/8/2019,6:30 PM,1,0,0,0,1,,,,I-69 S,,,50,S,0,0,INTERSTATE,N,RURAL,N,Y,N,,DARK (NOT LIGHTED),CLEAR,DRY,,NO JUNCTION INVOLVED,STRAIGHT/LEVEL,ASPHALT,ANIMAL/OBJECT IN ROADWAY,COLLISION WITH DEER,I69121,LANE CONTROL
BLOOMINGTON PD,BLOOMINGTON,11/8/2019,9:50 AM,2,0,0,0,0,,,,N INDIANA,E 13TH ST,,,,39.175504,-86.527104,LOCAL/CITY ROAD,N,URBAN,N,N,N,,DAYLIGHT,CLEAR,DRY,,FOUR-WAY INTERSECTION,STRAIGHT/GRADE,ASPHALT,FAILURE TO YIELD RIGHT OF WAY,RIGHT ANGLE,13THSTINDIANAAVE,STOP SIGN
BLOOMINGTON PD,BLOOMINGTON,11/8/2019,10:22 AM,2,0,0,0,0,,,,N LINCOLN,E KIRKWOOD AVE,,100,N,39.16691466,-86.530992,LOCAL/CITY ROAD,N,URBAN,N,N,N,,DAYLIGHT,CLEAR,DRY,,NO JUNCTION INVOLVED,STRAIGHT/LEVEL,ASPHALT,FAILURE TO YIELD RIGHT OF WAY,SAME DIRECTION SIDESWIPE,KIRKWOODAVELINCOLNST,NONE
INDIANA UNIV BLOOMINGTON PD,BLOOMINGTON,11/8/2019,7:20 PM,2,0,0,0,0,,,,N WALNUT GROVE,E 17TH ST,,,,39.17896,-86.521088,LOCAL/CITY ROAD,N,URBAN,N,N,N,,DARK (LIGHTED),CLEAR,DRY,,T-INTERSECTION,STRAIGHT/LEVEL,ASPHALT,IMPROPER LANE USAGE,LEFT/RIGHT TURN,EAST17THSTWALNUTGROVEST,STOP SIGN
MONROE SD,BLOOMINGTON,11/8/2019,5:11 PM,2,0,0,0,0,,,,S FAIRFAX,S OLD SR 37,,100,E,39.10821813,-86.53131657,COUNTY ROAD,N,RURAL,N,N,N,,DAYLIGHT,CLEAR,DRY,,FOUR-WAY INTERSECTION,STRAIGHT/LEVEL,ASPHALT,OVERCORRECTING/OVERSTEERING,OPPOSITE DIRECTION SIDESWIPE,SFAIRFAXRDSOLDSTATE37RD,LANE CONTROL
ISP BLOOMINGTON 33,HARRODSBURG,11/8/2019,06:00 M,1,,0,0,1,,,,SR 37,,,500,S,39.01506234,-86.53708212,STATE ROAD,,RURAL,N,N,N,,DARK (NOT LIGHTED),CLEAR,DRY,,NO JUNCTION INVOLVED,,ASPHALT,ANIMAL/OBJECT IN ROADWAY,COLLISION WITH DEER,,
MONROE SD,BLOOMINGTON,11/8/2019,7:22 PM,1,0,0,0,1,,,,SR 45,S DUNLAP RD,,100,W,39.1195,-86.61879133,LOCAL/CITY ROAD,N,URBAN,N,N,N,,DARK (NOT LIGHTED),CLEAR,DRY,,NO JUNCTION INVOLVED,STRAIGHT/LEVEL,ASPHALT,ANIMAL/OBJECT IN ROADWAY,COLLISION WITH DEER,SDUNLAPRDWSTATEROAD45RD,NONE
MONROE SD,BLOOMINGTON,11/8/2019,3:05 AM,1,0,0,0,1,,,,SR 46,,,1000,W,39.19369,-86.57130342,STATE ROAD,N,RURAL,N,Y,N,,DARK (NOT LIGHTED),CLEAR,DRY,,NO JUNCTION INVOLVED,STRAIGHT/LEVEL,ASPHALT,ANIMAL/OBJECT IN ROADWAY,COLLISION WITH DEER,NCURRYPIKESR46W,LANE CONTROL
BLOOMINGTON PD,BLOOMINGTON,11/8/2019,4:15 PM,2,0,0,0,0,,,,W 11TH,N DIAMOND ST,,,,39.173344,-86.544272,LOCAL/CITY ROAD,N,URBAN,N,N,N,,DAYLIGHT,CLEAR,DRY,,T-INTERSECTION,STRAIGHT/GRADE,ASPHALT,FAILURE TO YIELD RIGHT OF WAY,RIGHT ANGLE,NORTHDIAMONDSTWEST11THST,STOP SIGN
BLOOMINGTON PD,BLOOMINGTON,11/8/2019,10:31 AM,2,0,0,0,0,,,,W 11TH,N MORTON ST,,,,39.173216,-86.536,LOCAL/CITY ROAD,N,URBAN,N,N,N,,DAYLIGHT,CLEAR,DRY,,T-INTERSECTION,STRAIGHT/GRADE,ASPHALT,FAILURE TO YIELD RIGHT OF WAY,RIGHT ANGLE,11THSTMORTONST,STOP SIGN
BLOOMINGTON PD,BLOOMINGTON,11/8/2019,11:25 AM,2,0,1,0,0,,,,W 3RD,S MADISON ST,,,,39.164704,-86.537296,LOCAL/CITY ROAD,N,URBAN,N,N,N,,DAYLIGHT,CLEAR,DRY,,NO JUNCTION INVOLVED,STRAIGHT/GRADE,ASPHALT,FOLLOWING TOO CLOSELY,REAR END,3RDSTMADISONST,NONE
BLOOMINGTON PD,BLOOMINGTON,11/9/2019,5:10 PM,2,0,0,0,0,,,,SR 46,E 7TH ST,,,,39.167648,-86.500096,STATE ROAD,N,URBAN,N,N,N,,DAYLIGHT,CLEAR,DRY,,T-INTERSECTION,STRAIGHT/GRADE,ASPHALT,FOLLOWING TOO CLOSELY,REAR END,E7THSTSR46E,NONE
MONROE SD,BLOOMINGTON,11/9/2019,10:28 PM,1,0,0,0,1,,,,SR 46,E BENDER RD,,250,W,39.16362,-86.43813839,STATE ROAD,N,RURAL,N,N,N,,DARK (NOT LIGHTED),CLEAR,DRY,,NO JUNCTION INVOLVED,STRAIGHT/GRADE,ASPHALT,ANIMAL/OBJECT IN ROADWAY,COLLISION WITH DEER,DUBLINDRSR46E,NONE
MONROE SD,BLOOMINGTON,11/9/2019,5:46 PM,2,0,0,0,0,,,,E SAMPLE,N WAYPORT RD,,,,0,0,COUNTY ROAD,N,RURAL,N,N,N,,DARK (LIGHTED),CLEAR,DRY,,TRAFFIC CIRCLE/ROUNDABOUT,CURVE/LEVEL,ASPHALT,FAILURE TO YIELD RIGHT OF WAY,RIGHT ANGLE,ESAMPLERDNWAYPOINTRD,LANE CONTROL
INDIANA UNIV BLOOMINGTON PD,BLOOMINGTON,11/9/2019,2:00 PM,2,0,0,0,0,,,,E 13TH,S WOODLAWN AVE,,,,39.17519,-86.52356,LOCAL/CITY ROAD,N,URBAN,N,N,N,,DAYLIGHT,CLEAR,DRY,,FOUR-WAY INTERSECTION,STRAIGHT/LEVEL,ASPHALT,FAILURE TO YIELD RIGHT OF WAY,RIGHT ANGLE,THIRTEENTHSTWOODLAWNAVE,STOP SIGN
MONROE SD,BLOOMINGTON,11/9/2019,8:43 PM,1,0,0,0,2,,,,E RHORER,S DERBY DR,,50,E,39.12145,-86.52073432,COUNTY ROAD,N,URBAN,N,N,N,,DARK (NOT LIGHTED),CLEAR,DRY,,NO JUNCTION INVOLVED,STRAIGHT/GRADE,ASPHALT,ANIMAL/OBJECT IN ROADWAY,COLLISION WITH DEER,DERBYDRRHORERRD,NONE
MONROE SD,BLOOMINGTON,11/9/2019,7:41 PM,1,0,0,0,1,,,,SR 446,S KNIGHTRIDGE RD,,300,S,39.13558022,-86.46094559,STATE ROAD,N,RURAL,N,N,N,,DARK (NOT LIGHTED),CLEAR,DRY,,NO JUNCTION INVOLVED,STRAIGHT/LEVEL,ASPHALT,ANIMAL/OBJECT IN ROADWAY,COLLISION WITH DEER,KNIGHTRIDGERDSR446S,NONE
ELLETTSVILLE PD,ELLETTSVILLE,11/9/2019,6:07 AM,2,0,0,0,0,,,,W VINE,N 5TH ST,,,,39.23392,-86.62383,LOCAL/CITY ROAD,N,URBAN,N,N,N,,DARK (NOT LIGHTED),CLEAR,DRY,,T-INTERSECTION,STRAIGHT/LEVEL,ASPHALT,IMPROPER TURNING,RIGHT TURN,FIFTHSTVINEST,NONE
BLOOMINGTON PD,BLOOMINGTON,11/10/2019,10:55 AM,3,0,0,0,0,,,,SR 45/46,N COLLEGE AVE,,,,39.186544,-86.537888,STATE ROAD,N,URBAN,N,N,N,,DAYLIGHT,CLEAR,DRY,,FOUR-WAY INTERSECTION,STRAIGHT/LEVEL,ASPHALT,DRIVER DISTRACTED - EXPLAIN IN NARRATIVE,REAR END,NKINSERPIKESR45E,TRAFFIC CONTROL SIGNAL
MONROE SD,BLOOMINGTON,11/10/2019,10:42 AM,1,0,1,0,0,,,,SR 46,N LOWER BIRDIE GALYAN RD,,,,39.16269,-86.41335,STATE ROAD,N,RURAL,N,N,N,,DAYLIGHT,CLEAR,DRY,,NO JUNCTION INVOLVED,CURVE/GRADE,ASPHALT,RAN OFF ROAD RIGHT,RAN OFF ROAD,SOUTHLOWERBIRDIEGALYANRDSR46E,NONE
BLOOMINGTON PD,BLOOMINGTON,11/10/2019,11:35 AM,2,0,0,0,0,,,,SR 46,SR 446,,,,39.164448,-86.471888,STATE ROAD,N,URBAN,N,N,N,,DAYLIGHT,CLEAR,DRY,,T-INTERSECTION,CURVE/LEVEL,ASPHALT,FAILURE TO YIELD RIGHT OF WAY,LEFT TURN,SSTATE446RDSR46E,TRAFFIC CONTROL SIGNAL
MONROE SD,BLOOMINGTON,11/10/2019,7:57 PM,1,0,0,0,0,,I69,S,I-69 S,W SAMPLE RD,Y,,,0,0,COUNTY ROAD,N,RURAL,N,N,N,,DARK (LIGHTED),CLEAR,DRY,,RAMP,CURVE/LEVEL,ASPHALT,RAN OFF ROAD RIGHT,RAN OFF ROAD,SAMPLERD,ROUNDABOUT INTERSECTION
BLOOMINGTON PD,BLOOMINGTON,11/10/2019,10:25 AM,2,0,0,0,0,,,,E 2ND,S WOODLAWN AVE,,,,39.16107,-86.52264,LOCAL/CITY ROAD,N,URBAN,N,N,N,,DAYLIGHT,CLEAR,DRY,,FOUR-WAY INTERSECTION,STRAIGHT/LEVEL,ASPHALT,DISREGARD SIGNAL/REG SIGN,RIGHT ANGLE,E2NDSTSWOODLAWNAVE,STOP SIGN
ISP BLOOMINGTON 33,BLOOMINGTON,11/10/2019,21:10 M,1,,0,0,1,,,,I-69 N,,,0,S,39.07385922,-86.65414451,INTERSTATE,,RURAL,N,N,N,,DARK (NOT LIGHTED),CLEAR,DRY,,NO JUNCTION INVOLVED,,ASPHALT,ANIMAL/OBJECT IN ROADWAY,COLLISION WITH DEER,,
MONROE SD,BLOOMINGTON,11/10/2019,3:29 PM,1,0,0,0,0,,,,SR 446,E RUSH RIDGE RD,,2000,S,39.07978951,-86.41784109,STATE ROAD,N,RURAL,N,N,N,,DAYLIGHT,CLEAR,DRY,,NO JUNCTION INVOLVED,CURVE/GRADE,ASPHALT,RAN OFF ROAD RIGHT,RAN OFF ROAD,ERUSHRIDGERDSR446S,NONE
INDIANA UNIV BLOOMINGTON PD,BLOOMINGTON,11/11/2019,12:10 PM,2,0,0,0,0,,,,N WOODLAWN,E 10TH ST,,,,39.17164,-86.52351,LOCAL/CITY ROAD,N,URBAN,N,N,N,,DAYLIGHT,RAIN,WET,,FOUR-WAY INTERSECTION,STRAIGHT/GRADE,ASPHALT,FOLLOWING TOO CLOSELY,REAR END,TENTHSTWOODLAWNAVE,TRAFFIC CONTROL SIGNAL
INDIANA UNIV BLOOMINGTON PD,BLOOMINGTON,11/11/2019,7:25 PM,2,0,0,0,0,,,,N WOODLAWN,E 10TH ST,,,,39.17164,-86.52351,LOCAL/CITY ROAD,N,URBAN,N,N,N,,DARK (LIGHTED),SNOW,SNOW/SLUSH,,NO JUNCTION INVOLVED,STRAIGHT/GRADE,ASPHALT,SPEED TOO FAST FOR WEATHER CONDITIONS,REAR END,TENTHSTWOODLAWNAVE,LANE CONTROL
BLOOMINGTON PD,BLOOMINGTON,11/11/2019,7:40 PM,1,0,0,0,0,,,,N CURRY,W PROFILE PKWY,,100,N,39.18255643,-86.58299,LOCAL/CITY ROAD,N,URBAN,N,N,N,,DARK (NOT LIGHTED),SNOW,SNOW/SLUSH,,NO JUNCTION INVOLVED,STRAIGHT/LEVEL,ASPHALT,OTHER (VEHICLE) - EXPLAIN IN NARRATIVE,OTHER - EXPLAIN IN NARRATIVE,NCURRYPIKEWPROFILEPKWY,NONE
BLOOMINGTON PD,BLOOMINGTON,11/11/2019,8:19 PM,1,0,0,0,0,,,,SR 45,N SMITH RD,,2500,W,39.172752,-86.482288,LOCAL/CITY ROAD,N,URBAN,N,N,N,,DARK (NOT LIGHTED),SNOW,ICE,,NO JUNCTION INVOLVED,CURVE/GRADE,ASPHALT,RAN OFF ROAD RIGHT,RAN OFF ROAD,E10THSTNSMITHRD,NONE
BLOOMINGTON PD,BLOOMINGTON,11/11/2019,2:38 PM,2,0,0,0,0,,,,W 2ND,S WALKER ST,,100,E,39.16143,-86.54614865,LOCAL/CITY ROAD,N,URBAN,N,N,N,,DAYLIGHT,RAIN,WET,,NO JUNCTION INVOLVED,STRAIGHT/GRADE,ASPHALT,FOLLOWING TOO CLOSELY,REAR END,SWALKERSTW2NDST,NONE
INDIANA UNIV BLOOMINGTON PD,BLOOMINGTON,11/11/2019,8:45 PM,2,0,0,0,0,,,,E 10TH,N FESS AVE,,,,39.17166,-86.5258,LOCAL/CITY ROAD,N,URBAN,N,N,N,,DARK (LIGHTED),BLOWING SAND/SOIL/SNOW,SNOW/SLUSH,,FOUR-WAY INTERSECTION,STRAIGHT/LEVEL,ASPHALT,SPEED TOO FAST FOR WEATHER CONDITIONS,REAR END,FESSAVETENTHST,NONE
INDIANA UNIV BLOOMINGTON PD,BLOOMINGTON,11/11/2019,3:38 PM,2,0,0,0,0,1315,,,E 10TH,,,,,39.17165497,-86.5185969,UNKNOWN,N,URBAN,N,N,N,,DAYLIGHT,SNOW,WET,,NO JUNCTION INVOLVED,STRAIGHT/LEVEL,ASPHALT,UNSAFE LANE MOVEMENT,SAME DIRECTION SIDESWIPE,TENTHST,NONE
INDIANA UNIV BLOOMINGTON PD,BLOOMINGTON,11/11/2019,3:10 PM,2,0,0,0,0,,,,E 3RD,N FESS AVE,,,,39.164448,-86.525792,LOCAL/CITY ROAD,N,URBAN,N,N,N,,DAYLIGHT,SLEET/HAIL/FREEZING RAIN,WET,,T-INTERSECTION,STRAIGHT/LEVEL,ASPHALT,FOLLOWING TOO CLOSELY,REAR END,3RDSTFESSAVE,NONE
ISP BLOOMINGTON 33,BLOOMINGTON,11/11/2019,20:07 M,1,,0,0,0,,,,E EARL YOUNG,,,1000,N,39.22592843,-86.45463833,COUNTY ROAD,,RURAL,N,N,N,,DARK (NOT LIGHTED),SNOW,SNOW/SLUSH,,NO JUNCTION INVOLVED,,GRAVEL,,RAN OFF ROAD,,
ISP BLOOMINGTON 33,BLOOMINGTON,11/11/2019,18:49 M,1,,0,0,0,,,,I-69 N,,,634,E,39.16823659,-86.57229728,INTERSTATE,,URBAN,N,N,N,,DARK (LIGHTED),SNOW,SNOW/SLUSH,,NO JUNCTION INVOLVED,,ASPHALT,SPEED TOO FAST FOR WEATHER CONDITIONS,RAN OFF ROAD,,
BLOOMINGTON PD,BLOOMINGTON,11/11/2019,3:36 AM,1,0,0,0,1,,,,I-69 S,,,300,N,0,0,INTERSTATE,N,RURAL,N,N,N,,DARK (LIGHTED),CLEAR,DRY,,NO JUNCTION INVOLVED,STRAIGHT/LEVEL,ASPHALT,ANIMAL/OBJECT IN ROADWAY,COLLISION WITH DEER,I69S116,NONE
INDIANA UNIV BLOOMINGTON PD,BLOOMINGTON,11/11/2019,7:16 PM,1,0,1,0,0,,,,N INDIANA,E KIRKWOOD AVE,,,,39.16653,-86.52693,LOCAL/CITY ROAD,N,URBAN,N,N,N,,DARK (LIGHTED),BLOWING SAND/SOIL/SNOW,SNOW/SLUSH,,T-INTERSECTION,STRAIGHT/LEVEL,ASPHALT,FAILURE TO YIELD RIGHT OF WAY,LEFT TURN,INDIANAAVEKIRKWOODAVE,STOP SIGN
MONROE SD,ELLETTSVILLE,11/11/2019,5:33 PM,1,0,1,0,0,,,,N SMITH,W NORWAY CT,,,,0,0,LOCAL/CITY ROAD,N,RURAL,N,N,N,,DARK (LIGHTED),SNOW,WET,,T-INTERSECTION,STRAIGHT/LEVEL,ASPHALT,RAN OFF ROAD RIGHT,RAN OFF ROAD,NSMITHPIKEWNORWAYCT,STOP SIGN
MONROE SD,BLOOMINGTON,11/11/2019,8:52 PM,1,0,0,0,0,,,,N SR 37 BUSINESS,E WHISNAND RD,,100,S,39.21406934,-86.53977,LOCAL/CITY ROAD,N,RURAL,N,N,N,,DARK (NOT LIGHTED),SNOW,SNOW/SLUSH,,NO JUNCTION INVOLVED,STRAIGHT/LEVEL,ASPHALT,ROADWAY SURFACE CONDITION,RAN OFF ROAD,EWHISNANDRDNBUSINESS37RD,NONE
BLOOMINGTON PD,BLOOMINGTON,11/11/2019,8:06 PM,2,0,2,0,0,,,,S PATTERSON,W ALLEN ST,,300,S,39.12395391,-86.54332,LOCAL/CITY ROAD,N,URBAN,N,N,N,,DARK (LIGHTED),SNOW,SNOW/SLUSH,,NO JUNCTION INVOLVED,CURVE/LEVEL,ASPHALT,LEFT OF CENTER,HEAD ON BETWEEN TWO MOTOR VEHICLES,SPATTERSONDRWALLENST,NONE
ISP BLOOMINGTON 33,BLOOMINGTON,11/11/2019,14:55 M,2,,0,0,0,,,,SR 48,,,,,39.16879181,-86.66287275,STATE ROAD,,RURAL,N,N,N,,DAYLIGHT,SNOW,WET,,NO JUNCTION INVOLVED,,ASPHALT,LEFT OF CENTER,SAME DIRECTION SIDESWIPE,,
BLOOMINGTON PD,BLOOMINGTON,11/12/2019,7:18 AM,2,0,0,0,0,,,,W BLOOMFIELD,I-69,,,,0,0,LOCAL/CITY ROAD,N,URBAN,N,N,N,,DAYLIGHT,CLEAR,ICE,,T-INTERSECTION,STRAIGHT/GRADE,ASPHALT,FOLLOWING TOO CLOSELY,REAR END,SR37RDWBLOOMFIELDRD,TRAFFIC CONTROL SIGNAL
BLOOMINGTON PD,BLOOMINGTON,11/12/2019,9:27 AM,2,0,0,0,0,,,,SR 45,S CURRY PIKE,,,,39.15519997,-86.56286496,LOCAL/CITY ROAD,N,URBAN,N,N,N,,DAYLIGHT,CLEAR,ICE,,FOUR-WAY INTERSECTION,STRAIGHT/GRADE,ASPHALT,FOLLOWING TOO CLOSELY,REAR END,SCURRYPIKEWBLOOMFIELDRD,TRAFFIC CONTROL SIGNAL
BLOOMINGTON PD,BLOOMINGTON,11/12/2019,9:10 AM,2,0,0,0,0,,,,S LIBERTY,SR 48,,500,S,39.11173778,-86.57913,LOCAL/CITY ROAD,N,URBAN,N,N,N,,DAYLIGHT,CLEAR,SNOW/SLUSH,,NO JUNCTION INVOLVED,STRAIGHT/GRADE,ASPHALT,FAILURE TO YIELD RIGHT OF WAY,LEFT TURN,LIBERTYDRTHIRDST,LANE CONTROL
INDIANA UNIV BLOOMINGTON PD,BLOOMINGTON,11/12/2019,5:24 PM,2,0,0,0,0,,,,E 17TH,N FEE LN,,,,39.179,-86.51898,LOCAL/CITY ROAD,N,URBAN,N,N,N,,DAWN/DUSK,CLEAR,SNOW/SLUSH,,FOUR-WAY INTERSECTION,STRAIGHT/GRADE,ASPHALT,SPEED TOO FAST FOR WEATHER CONDITIONS,REAR END,EAST17THSTFEELN,TRAFFIC CONTROL SIGNAL
ELLETTSVILLE PD,ELLETTSVILLE,11/12/2019,11:43 AM,2,0,0,0,0,,,,SR 46,N CAPITOL AVE,,,,39.2232,-86.60912,STATE ROAD,N,URBAN,N,N,N,,DAYLIGHT,CLEAR,DRY,,NO JUNCTION INVOLVED,STRAIGHT/LEVEL,ASPHALT,FOLLOWING TOO CLOSELY,REAR END,CAPITOLAVESR46W,NONE
BLOOMINGTON PD,BLOOMINGTON,11/12/2019,7:37 AM,2,0,0,0,0,,,,W BLOOMFIELD,S BASSWOOD DR,,100,W,39.14978,-86.56888134,LOCAL/CITY ROAD,N,URBAN,N,N,N,,DAYLIGHT,CLEAR,ICE,,NO JUNCTION INVOLVED,STRAIGHT/GRADE,ASPHALT,SPEED TOO FAST FOR WEATHER CONDITIONS,REAR END,SBASSWOODDRWBLOOMFIELDRD,NONE
BLOOMINGTON PD,BLOOMINGTON,11/12/2019,9:36 AM,2,0,0,0,0,,,,W BLOOMFIELD,S OAKDALE DR,,100,W,39.14977,-86.56889634,LOCAL/CITY ROAD,N,URBAN,N,N,N,,DAYLIGHT,SNOW,ICE,,FOUR-WAY INTERSECTION,STRAIGHT/LEVEL,ASPHALT,OTHER (DRIVER) - EXPLAIN IN NARRATIVE,REAR END,SOAKDALEDRWBLOOMFIELDRD,TRAFFIC CONTROL SIGNAL
BLOOMINGTON PD,BLOOMINGTON,11/12/2019,2:05 PM,2,0,0,0,0,,,,W KIRKWOOD,S ROGERS ST,,,,39.166672,-86.538608,LOCAL/CITY ROAD,N,URBAN,N,N,N,,DAYLIGHT,CLEAR,WET,,FOUR-WAY INTERSECTION,STRAIGHT/LEVEL,ASPHALT,FAILURE TO YIELD RIGHT OF WAY,HEAD ON BETWEEN TWO MOTOR VEHICLES,SOUTHROGERSSTWESTKIRKWOODAVE,NONE
ISP BLOOMINGTON 33,BLOOMINGTON,11/12/2019,08:15 M,2,,0,0,0,,,,S VICTOR,SR 37,,0,S,39.105504,-86.551442,STATE ROAD,,RURAL,N,Y,N,,DAYLIGHT,CLEAR,ICE,,FOUR-WAY INTERSECTION,,ASPHALT,DISREGARD SIGNAL/REG SIGN,REAR END,,