Agency,City,Collision Date,Collision Time,Vehicles Involved,Trailers Involved,Number Injured,Number Dead,Number Deer,House Number,Roadway Interchange,Roadway Ramp,Roadway Id,Intersecting Road,Interchange,Feet From,Direction,Latitude,Longitude,Roadway Class,Hit and Run?,Locality,School Zone?,Rumble Strips?,Construction?,Construction Type,Light Condition,Weather Conditions,Surface Condition,Type of Median,Roadway Junction Type,Road Character,Roadway Surface,Primary Factor,Manner of Collision,Unique Location Id,Traffic Control
ISP BLOOMINGTON 33,BLOOMINGTON,11/12/2019,12:07 M,2,,1,0,0,,,,SR 37,S VICTOR PIKE,,0,S,39.105504,-86.551442,STATE ROAD,,RURAL,N,N,N,,DAYLIGHT,CLEAR,ICE,,FOUR-WAY INTERSECTION,,ASPHALT,DISREGARD SIGNAL/REG SIGN,RIGHT ANGLE,,
MONROE SD,BLOOMINGTON,11/12/2019,8:08 AM,3,0,0,0,0,,,,S ADAMS,W ALLEN ST,,,,39.15586,-86.55055,LOCAL/CITY ROAD,N,URBAN,N,N,N,,DAYLIGHT,CLEAR,ICE,,FOUR-WAY INTERSECTION,STRAIGHT/GRADE,ASPHALT,SPEED TOO FAST FOR WEATHER CONDITIONS,REAR END,SADAMSSTWALLENST,STOP SIGN
MONROE SD,BLOOMINGTON,11/12/2019,8:10 AM,2,0,0,0,0,,,,S ADAMS,W ALLEN ST,,,,39.15586,-86.55055,LOCAL/CITY ROAD,N,URBAN,N,N,N,,DAYLIGHT,CLEAR,ICE,,NO JUNCTION INVOLVED,STRAIGHT/GRADE,ASPHALT,SPEED TOO FAST FOR WEATHER CONDITIONS,REAR END,SADAMSSSTWALLENST,STOP SIGN
BLOOMINGTON PD,BLOOMINGTON,11/12/2019,9:33 AM,2,0,0,0,0,,,,E MORNINGSIDE,S SMITH RD,,,,39.166432,-86.4812,LOCAL/CITY ROAD,N,URBAN,N,N,N,,DAYLIGHT,CLEAR,ICE,,FOUR-WAY INTERSECTION,STRAIGHT/GRADE,ASPHALT,ROADWAY SURFACE CONDITION,RIGHT ANGLE,EMORNINGSIDEDRSSMITHRD,STOP SIGN
MONROE SD,BLOOMINGTON,11/12/2019,9:00 AM,1,0,0,0,0,,114,1,I-69 S,,,,,0,0,INTERSTATE,N,URBAN,N,Y,N,,DAYLIGHT,CLEAR,ICE,,RAMP,CURVE/GRADE,ASPHALT,SPEED TOO FAST FOR WEATHER CONDITIONS,RAN OFF ROAD,I69S,LANE CONTROL
MONROE SD,ELLETTSVILLE,11/12/2019,11:06 PM,1,0,0,0,1,,,,N LAKEVIEW,,,1200,N,39.22443111,-86.60527032,LOCAL/CITY ROAD,N,URBAN,N,N,N,,DARK (NOT LIGHTED),CLEAR,DRY,,NO JUNCTION INVOLVED,STRAIGHT/HILLCREST,ASPHALT,ANIMAL/OBJECT IN ROADWAY,COLLISION WITH DEER,LAKEVIEWDRSR46W,NONE
MONROE SD,BLOOMINGTON,11/12/2019,2:30 AM,1,0,0,0,0,,,,N MT GILEAD,,,1900,N,39.19344,-86.436288,LOCAL/CITY ROAD,N,RURAL,N,N,N,,DARK (NOT LIGHTED),SNOW,ICE,,NO JUNCTION INVOLVED,CURVE/GRADE,ASPHALT,ROADWAY SURFACE CONDITION,RAN OFF ROAD,GETTYSCREEKRDMTGILEADRD,NONE
BLOOMINGTON PD,BLOOMINGTON,11/12/2019,9:06 AM,2,0,1,0,0,,,,N ROGERS,W 8TH ST,,,,39.169584,-86.538576,LOCAL/CITY ROAD,N,URBAN,N,N,N,,DAYLIGHT,CLEAR,SNOW/SLUSH,,FOUR-WAY INTERSECTION,STRAIGHT/LEVEL,ASPHALT,FAILURE TO YIELD RIGHT OF WAY,RIGHT ANGLE,8THSTROGERSST,STOP SIGN
MONROE SD,BLOOMINGTON,11/12/2019,4:19 AM,1,0,0,0,0,,,,N UNION VALLEY,,,500,S,39.18452938,-86.59278,LOCAL/CITY ROAD,N,RURAL,N,N,N,,DARK (NOT LIGHTED),SLEET/HAIL/FREEZING RAIN,SNOW/SLUSH,,T-INTERSECTION,STRAIGHT/HILLCREST,ASPHALT,OTHER (DRIVER) - EXPLAIN IN NARRATIVE,COLLISION WITH OBJECT IN ROAD,MCNEELYSTNUNIONVALLEYRD,NONE
BLOOMINGTON PD,BLOOMINGTON,11/12/2019,5:51 PM,2,0,0,0,0,,,,N WALNUT,,,,,39.186368,-86.5344,LOCAL/CITY ROAD,N,URBAN,N,N,N,,DARK (LIGHTED),CLEAR,DRY,,FOUR-WAY INTERSECTION,STRAIGHT/LEVEL,ASPHALT,FAILURE TO YIELD RIGHT OF WAY,RIGHT ANGLE,NWALNUTSTSR45E,TRAFFIC CONTROL SIGNAL
INDIANA UNIV BLOOMINGTON PD,BLOOMINGTON,11/12/2019,6:20 PM,2,0,0,0,0,,,,N WOODLAWN,E 7TH ST,,,,39.16849,-86.52349,LOCAL/CITY ROAD,N,URBAN,N,N,N,,DARK (LIGHTED),CLEAR,WET,,T-INTERSECTION,STRAIGHT/LEVEL,ASPHALT,FAILURE TO YIELD RIGHT OF WAY,LEFT TURN,E7THSTWOODLAWNAVE,STOP SIGN
MONROE SD,BLOOMINGTON,11/12/2019,11:23 AM,1,0,1,0,0,,,,SR 45,N MT GILEAD RD,,3000,N,39.40341852,-86.67539503,LOCAL/CITY ROAD,N,RURAL,N,N,N,,DAYLIGHT,CLOUDY,SNOW/SLUSH,,T-INTERSECTION,CURVE/HILLCREST,ASPHALT,SPEED TOO FAST FOR WEATHER CONDITIONS,RAN OFF ROAD,NMTGILEADRDWSTATE45RD,NONE
BLOOMINGTON PD,BLOOMINGTON,11/12/2019,10:58 AM,3,0,1,0,0,,,,W COUNTRY CLUB,S BANTA AVE,,,,39.13625,-86.54483,LOCAL/CITY ROAD,N,URBAN,N,N,N,,DAYLIGHT,CLEAR,SNOW/SLUSH,,T-INTERSECTION,STRAIGHT/LEVEL,ASPHALT,FOLLOWING TOO CLOSELY,REAR END,SBANTAAVEWCOUNTRYCLUBDR,NONE
MONROE SD,BLOOMINGTON,11/12/2019,8:03 AM,2,0,0,0,0,,,,W DILLMAN,S WALNUT ST,,,,39.092944,-86.544,COUNTY ROAD,N,URBAN,N,N,N,,DAYLIGHT,CLEAR,ICE,,FOUR-WAY INTERSECTION,STRAIGHT/HILLCREST,ASPHALT,ROADWAY SURFACE CONDITION,LEFT/RIGHT TURN,DILLMANRDOLDSTATEROAD37RD,FLASHING OVERHEAD BEACON
BLOOMINGTON PD,BLOOMINGTON,11/12/2019,1:25 PM,2,0,0,0,0,,,,W RAPPEL,,,,,0,0,LOCAL/CITY ROAD,N,URBAN,N,Y,N,,DAYLIGHT,CLEAR,DRY,,FOUR-WAY INTERSECTION,CURVE/LEVEL,ASPHALT,DRIVER DISTRACTED - EXPLAIN IN NARRATIVE,HEAD ON BETWEEN TWO MOTOR VEHICLES,SR45EWRAPPELAVE,NONE
BLOOMINGTON PD,BLOOMINGTON,11/13/2019,1:45 PM,1,0,1,0,0,,,,E 3RD,S COLLEGE MALL RD,,,,39.16424,-86.4984,LOCAL/CITY ROAD,N,URBAN,N,N,N,,DAYLIGHT,CLEAR,DRY,,FOUR-WAY INTERSECTION,STRAIGHT/LEVEL,ASPHALT,FAILURE TO YIELD RIGHT OF WAY,LEFT TURN,E3RDSTSCOLLEGEMALLRD,TRAFFIC CONTROL SIGNAL
INDIANA UNIV BLOOMINGTON PD,BLOOMINGTON,11/13/2019,2:35 PM,2,0,0,0,0,,,,E 3RD,S INDIANA AVE,,157,E,39.164448,-86.52624609,LOCAL/CITY ROAD,N,URBAN,N,N,N,,DAYLIGHT,CLEAR,DRY,,NO JUNCTION INVOLVED,STRAIGHT/LEVEL,ASPHALT,UNSAFE LANE MOVEMENT,SAME DIRECTION SIDESWIPE,3RDSTINDIANAAVE,LANE CONTROL
MONROE SD,BLOOMINGTON,11/13/2019,12:40 PM,2,0,0,0,0,,,,I-69 N,,,50,S,0,0,INTERSTATE,N,RURAL,N,Y,N,,DAYLIGHT,CLEAR,DRY,,NO JUNCTION INVOLVED,STRAIGHT/LEVEL,ASPHALT,UNSAFE LANE MOVEMENT,SAME DIRECTION SIDESWIPE,I69N130,LANE CONTROL
MONROE SD,ELLETTSVILLE,11/13/2019,1:42 PM,1,0,0,0,0,,,,N BOTTOM,N DENNY RD,,1800,S,39.282496,-86.555552,LOCAL/CITY ROAD,Y,RURAL,N,N,N,,DAYLIGHT,CLEAR,SNOW/SLUSH,,Y-INTERSECTION,CURVE/LEVEL,ASPHALT,SPEED TOO FAST FOR WEATHER CONDITIONS,RAN OFF ROAD,DENNYRDNBOTTOMRD,NONE
BLOOMINGTON PD,BLOOMINGTON,11/13/2019,4:38 PM,2,0,0,0,0,,,,N MONROE,W 12TH ST,,100,S,39.174352,-86.547104,LOCAL/CITY ROAD,Y,URBAN,N,N,N,,DAYLIGHT,CLEAR,DRY,,FOUR-WAY INTERSECTION,STRAIGHT/LEVEL,ASPHALT,UNSAFE LANE MOVEMENT,SAME DIRECTION SIDESWIPE,NMONROESTW12THST,NONE
BLOOMINGTON PD,BLOOMINGTON,11/13/2019,4:43 PM,2,0,0,0,0,,,,N MORTON,W 6TH ST,,,,39.167664,-86.536,LOCAL/CITY ROAD,N,URBAN,N,N,N,,DAYLIGHT,CLEAR,DRY,,FOUR-WAY INTERSECTION,STRAIGHT/GRADE,ASPHALT,UNSAFE BACKING,BACKING CRASH,NMORTONSTW6THST,STOP SIGN
INDIANA UNIV BLOOMINGTON PD,BLOOMINGTON,11/13/2019,2:45 PM,2,0,0,0,0,,,,N WALNUT GROVE,E COTTAGE GROVE AVE,,,,39.17264,-86.520928,LOCAL/CITY ROAD,N,URBAN,N,N,N,,DAYLIGHT,CLEAR,DRY,,NO JUNCTION INVOLVED,STRAIGHT/LEVEL,ASPHALT,IMPROPER TURNING,SAME DIRECTION SIDESWIPE,ECOTTAGEGROVEAVENWALNUTGROVEST,NONE
ISP BLOOMINGTON 33,BLOOMINGTON,11/13/2019,11:55 M,2,,0,0,0,,,,W ALEXANDER,ENTRANCE TO WHITEHALL CROSSING,,375,W,39.16879805,-86.57440282,,,URBAN,N,N,N,,DAYLIGHT,CLEAR,DRY,,FOUR-WAY INTERSECTION,,ASPHALT,FAILURE TO YIELD RIGHT OF WAY,REAR END,,
BLOOMINGTON PD,BLOOMINGTON,11/13/2019,6:00 PM,2,0,0,0,0,,,,W TAPP,S DEBORAH DR,,,,39.13666,-86.56784,LOCAL/CITY ROAD,N,URBAN,N,N,N,,DAYLIGHT,CLEAR,DRY,,FOUR-WAY INTERSECTION,STRAIGHT/LEVEL,ASPHALT,FAILURE TO YIELD RIGHT OF WAY,LEFT TURN,SDEBORAHRDWTAPPRD,STOP SIGN
BLOOMINGTON PD,BLOOMINGTON,11/14/2019,8:05 AM,2,0,1,0,0,,,,S LIBERTY,SR 48,,,,39.16461,-86.57913,LOCAL/CITY ROAD,N,URBAN,N,N,N,,DAYLIGHT,CLEAR,DRY,,T-INTERSECTION,STRAIGHT/LEVEL,ASPHALT,FOLLOWING TOO CLOSELY,REAR END,SLIBERTYDRW3RDST,TRAFFIC CONTROL SIGNAL
BLOOMINGTON PD,BLOOMINGTON,11/14/2019,12:40 PM,2,1,0,0,0,,,,N COLLEGE,W 10TH ST,,,,39.171744,-86.534768,LOCAL/CITY ROAD,N,URBAN,N,N,N,,DAYLIGHT,CLEAR,DRY,,FOUR-WAY INTERSECTION,STRAIGHT/LEVEL,ASPHALT,FAILURE TO YIELD RIGHT OF WAY,LEFT TURN,NCOLLEGEAVEW10THST,STOP SIGN
MONROE SD,ELLETTSVILLE,11/14/2019,7:12 AM,3,0,0,0,0,,,,SR 46,W CHAFIN CHAPEL RD,,,,39.259744,-86.657504,LOCAL/CITY ROAD,N,RURAL,N,N,N,,DAYLIGHT,CLEAR,DRY,,T-INTERSECTION,STRAIGHT/LEVEL,ASPHALT,FOLLOWING TOO CLOSELY,RIGHT ANGLE,SR46WWCHAFINCHAPELRD,LANE CONTROL
BLOOMINGTON PD,BLOOMINGTON,11/14/2019,11:30 AM,2,0,0,0,0,,,,E 3RD,S BRYAN AVE,,,,39.16432,-86.50824,LOCAL/CITY ROAD,N,URBAN,N,N,N,,DAYLIGHT,CLEAR,DRY,,FOUR-WAY INTERSECTION,STRAIGHT/LEVEL,ASPHALT,FOLLOWING TOO CLOSELY,REAR END,3RDSTBRYANAVE,TRAFFIC CONTROL SIGNAL
BLOOMINGTON PD,BLOOMINGTON,11/14/2019,6:45 PM,2,0,0,0,0,,,,E 3RD,S ROSE AVE,,,,39.164352,-86.510944,LOCAL/CITY ROAD,N,URBAN,N,N,N,,DARK (LIGHTED),CLEAR,DRY,,FOUR-WAY INTERSECTION,STRAIGHT/GRADE,ASPHALT,FAILURE TO YIELD RIGHT OF WAY,RIGHT ANGLE,E3RDSTSROSEAVE,STOP SIGN
BLOOMINGTON PD,BLOOMINGTON,11/14/2019,2:23 PM,1,0,1,0,0,,,,E VERMILYA,S WALNUT ST,,,,39.14892,-86.53324,LOCAL/CITY ROAD,N,URBAN,N,N,N,,DAYLIGHT,CLEAR,DRY,,T-INTERSECTION,STRAIGHT/LEVEL,ASPHALT,FAILURE TO YIELD RIGHT OF WAY,OTHER - EXPLAIN IN NARRATIVE,EVERMILYAAVESOUTHWALNUTST,STOP SIGN
BLOOMINGTON PD,BLOOMINGTON,11/14/2019,5:29 PM,2,0,0,0,0,,,,N ROGERS,W 8TH ST,,,,39.169584,-86.538576,LOCAL/CITY ROAD,N,URBAN,N,N,N,,DAWN/DUSK,CLEAR,DRY,,FOUR-WAY INTERSECTION,STRAIGHT/GRADE,ASPHALT,FAILURE TO YIELD RIGHT OF WAY,RIGHT ANGLE,NROGERSSTW8THST,STOP SIGN
BLOOMINGTON PD,BLOOMINGTON,11/14/2019,6:18 PM,2,0,0,0,0,,,,SR 45,E JOHN HINKLE PL,,,,39.171504,-86.49296,LOCAL/CITY ROAD,N,URBAN,N,N,N,,DARK (NOT LIGHTED),CLEAR,DRY,,FOUR-WAY INTERSECTION,STRAIGHT/LEVEL,ASPHALT,FAILURE TO YIELD RIGHT OF WAY,HEAD ON BETWEEN TWO MOTOR VEHICLES,E10THSTJOHNHINKLEPL,NONE
BLOOMINGTON PD,BLOOMINGTON,11/14/2019,11:11 AM,2,0,0,0,0,,,,W 1ST,S HENDERSON ST,,75,E,0,0,LOCAL/CITY ROAD,N,URBAN,N,N,N,,DAYLIGHT,CLEAR,DRY,,FOUR-WAY INTERSECTION,STRAIGHT/LEVEL,ASPHALT,IMPROPER PASSING,RIGHT ANGLE,SHENDERSONSTW1STST,NONE
BLOOMINGTON PD,BLOOMINGTON,11/15/2019,5:25 AM,2,0,1,0,0,,,,N WALNUT,SR 45/46,,,,39.186368,-86.5344,STATE ROAD,N,URBAN,N,N,N,,DARK (LIGHTED),CLEAR,DRY,,FOUR-WAY INTERSECTION,STRAIGHT/LEVEL,ASPHALT,DRIVER DISTRACTED - EXPLAIN IN NARRATIVE,REAR END,NWALNUTSTSR46E,TRAFFIC CONTROL SIGNAL
INDIANA UNIV BLOOMINGTON PD,BLOOMINGTON,11/15/2019,8:10 PM,2,0,0,0,0,,,,E 10TH,N SUNRISE DR,,350,E,39.17158,-86.51251027,LOCAL/CITY ROAD,N,URBAN,N,N,N,,DARK (LIGHTED),CLEAR,DRY,,NO JUNCTION INVOLVED,STRAIGHT/GRADE,ASPHALT,DRIVER DISTRACTED - EXPLAIN IN NARRATIVE,REAR END,NSUNRISEDRTENTHST,NONE
INDIANA UNIV BLOOMINGTON PD,BLOOMINGTON,11/15/2019,11:57 PM,2,0,0,0,0,,,,E 10TH,N JORDAN AVE,,,,39.17159,-86.51567,LOCAL/CITY ROAD,N,URBAN,N,N,N,,DARK (LIGHTED),CLEAR,DRY,,FOUR-WAY INTERSECTION,STRAIGHT/LEVEL,ASPHALT,FOLLOWING TOO CLOSELY,REAR END,JORDANAVETENTHST,TRAFFIC CONTROL SIGNAL
BLOOMINGTON PD,BLOOMINGTON,11/15/2019,11:58 PM,2,0,0,0,0,,,,N CURRY,W PROFILE PKWY,,300,N,39.20364661,-86.59039117,LOCAL/CITY ROAD,N,URBAN,N,N,N,,DAYLIGHT,CLEAR,DRY,,NO JUNCTION INVOLVED,STRAIGHT/LEVEL,ASPHALT,FOLLOWING TOO CLOSELY,REAR END,CURRYPIKEPROFILEPKWY,LANE CONTROL
ISP BLOOMINGTON 33,BLOOMINGTON,11/15/2019,07:15 M,2,,0,0,0,,,,N CURRY,W WOORYARD RD,,0,S,39.19026,-86.582539,LOCAL/CITY ROAD,,RURAL,N,N,N,,DAYLIGHT,CLEAR,DRY,,FOUR-WAY INTERSECTION,,ASPHALT,UNSAFE SPEED,OPPOSITE DIRECTION SIDESWIPE,,
INDIANA UNIV BLOOMINGTON PD,BLOOMINGTON,11/15/2019,3:31 PM,1,0,0,0,0,125,,,S JORDAN,E JONES AVE,,,,39.16604667,-86.51466667,UNKNOWN,N,URBAN,N,N,N,,DAYLIGHT,CLEAR,DRY,,NO JUNCTION INVOLVED,STRAIGHT/LEVEL,ASPHALT,PEDESTRIAN ACTION,OTHER - EXPLAIN IN NARRATIVE,SJORDANAVE,NONE
BLOOMINGTON PD,BLOOMINGTON,11/15/2019,12:09 PM,2,0,0,0,0,,,,W 3RD,S CORY LN,,,,39.16448,-86.56015,LOCAL/CITY ROAD,N,URBAN,N,N,N,,DAYLIGHT,CLEAR,DRY,,FOUR-WAY INTERSECTION,STRAIGHT/GRADE,ASPHALT,FOLLOWING TOO CLOSELY,REAR END,3RDSTCORYLN,TRAFFIC CONTROL SIGNAL
INDIANA UNIV BLOOMINGTON PD,BLOOMINGTON,11/15/2019,3:05 PM,2,0,0,0,0,2815,,,E 10TH,E UNIVERSITY RD,,,,39.172265,-86.49849,UNKNOWN,N,URBAN,N,N,N,,DAYLIGHT,CLEAR,DRY,,T-INTERSECTION,STRAIGHT/GRADE,CONCRETE,UNSAFE BACKING,BACKING CRASH,E10THST,NONE
INDIANA UNIV BLOOMINGTON PD,BLOOMINGTON,11/15/2019,3:20 PM,2,0,0,0,0,,,,E 14TH,N FESS AVE,,,,39.17609,-86.52598,LOCAL/CITY ROAD,N,URBAN,N,N,N,,DAYLIGHT,CLEAR,DRY,,T-INTERSECTION,STRAIGHT/LEVEL,ASPHALT,UNSAFE BACKING,BACKING CRASH,FESSAVEFOURTEENTHST,NONE
BLOOMINGTON PD,BLOOMINGTON,11/15/2019,1:17 PM,3,0,0,0,0,,,,E 7TH,N DUNN ST,,,,39.16864,-86.528224,LOCAL/CITY ROAD,N,URBAN,N,N,N,,DAYLIGHT,CLEAR,DRY,,FOUR-WAY INTERSECTION,STRAIGHT/LEVEL,ASPHALT,FAILURE TO YIELD RIGHT OF WAY,SAME DIRECTION SIDESWIPE,E7THSTNDUNNST,STOP SIGN
ISP BLOOMINGTON 33,BLOOMINGTON,11/15/2019,03:10 M,1,,0,0,1,,,,I-69 N,,,0,S,39.27697898,-86.52332283,INTERSTATE,,RURAL,N,Y,N,,DARK (NOT LIGHTED),CLEAR,DRY,,NO JUNCTION INVOLVED,,ASPHALT,ANIMAL/OBJECT IN ROADWAY,COLLISION WITH DEER,,
BLOOMINGTON PD,BLOOMINGTON,11/15/2019,6:00 AM,1,0,0,0,0,,,,N HEADLEY,,,1000,N,39.19008,-86.514288,LOCAL/CITY ROAD,N,URBAN,N,N,N,,DARK (NOT LIGHTED),CLEAR,DRY,,NO JUNCTION INVOLVED,CURVE/GRADE,ASPHALT,RAN OFF ROAD RIGHT,RAN OFF ROAD,NHEADLEYRDTREADWELLST,NONE
MONROE SD,BLOOMINGTON,11/15/2019,11:00 AM,1,0,0,0,0,,,,S BREEDEN,W GRAVES RD,,100,S,39.03657728,-86.66705,LOCAL/CITY ROAD,N,RURAL,N,N,N,,DAYLIGHT,CLEAR,WET,,T-INTERSECTION,CURVE/HILLCREST,ASPHALT,RAN OFF ROAD RIGHT,RAN OFF ROAD,BREEDENRDGRAVESRD,NONE
BLOOMINGTON PD,BLOOMINGTON,11/15/2019,3:34 PM,4,0,1,0,0,,,,S HENDERSON,E 2ND ST,,,,39.16136,-86.52722,LOCAL/CITY ROAD,Y,URBAN,N,N,N,,DAYLIGHT,CLEAR,DRY,,FOUR-WAY INTERSECTION,STRAIGHT/LEVEL,ASPHALT,IMPROPER LANE USAGE,OPPOSITE DIRECTION SIDESWIPE,E2NDSTSHENDERSONST,STOP SIGN
BLOOMINGTON PD,BLOOMINGTON,11/15/2019,1:00 AM,2,0,0,0,0,,,,S PATTERSON,ENTRANCE TO DERMATOLOGY CENTER OF SOUTHERN INDIANA,,,,39.15381,-86.53872701,LOCAL/CITY ROAD,N,URBAN,N,N,N,,DAYLIGHT,CLEAR,DRY,,T-INTERSECTION,STRAIGHT/LEVEL,ASPHALT,FAILURE TO YIELD RIGHT OF WAY,RIGHT TURN,PATTERSONSTSROGERSST,NONE
BLOOMINGTON PD,BLOOMINGTON,11/15/2019,5:12 PM,1,0,1,0,0,219,,,S WALNUT,,,,,39.16546286,-86.5336,LOCAL/CITY ROAD,N,URBAN,N,N,Y,LANE CLOSURE,DAWN/DUSK,CLEAR,DRY,,NO JUNCTION INVOLVED,STRAIGHT/GRADE,CONCRETE,FAILURE TO YIELD RIGHT OF WAY,OTHER - EXPLAIN IN NARRATIVE,SWALNUTST,NONE
MONROE SD,BLOOMINGTON,11/15/2019,2:40 AM,1,0,0,0,1,,,,SR 37,,,5200,S,39.00583987,-86.53719226,STATE ROAD,N,RURAL,N,N,N,,DARK (NOT LIGHTED),CLEAR,DRY,,NO JUNCTION INVOLVED,STRAIGHT/LEVEL,ASPHALT,ANIMAL/OBJECT IN ROADWAY,COLLISION WITH DEER,MONROEDAMRDSR37S,NONE
MONROE SD,BLOOMINGTON,11/15/2019,4:55 AM,1,0,0,0,1,,,,SR 446,E TOWER RIDGE RD,,1000,S,39.01234215,-86.40118523,STATE ROAD,N,RURAL,N,N,N,,DARK (NOT LIGHTED),CLEAR,DRY,,NO JUNCTION INVOLVED,STRAIGHT/LEVEL,ASPHALT,ANIMAL/OBJECT IN ROADWAY,COLLISION WITH DEER,SR446STOWERRIDGERD,NONE
BLOOMINGTON PD,BLOOMINGTON,11/15/2019,7:45 AM,2,0,0,0,0,,,,W GRIMES,S MORTON ST,,50,E,39.15337,-86.53637432,LOCAL/CITY ROAD,N,URBAN,N,N,N,,DAYLIGHT,CLEAR,DRY,,NO JUNCTION INVOLVED,STRAIGHT/LEVEL,ASPHALT,FOLLOWING TOO CLOSELY,REAR END,SMORTONSTWGRIMESLN,LANE CONTROL
BLOOMINGTON PD,BLOOMINGTON,11/15/2019,6:45 AM,1,0,1,0,0,4180,,,W OLD SR 37,,,700,W,39.251296,-86.500832,LOCAL/CITY ROAD,N,RURAL,N,N,N,,DARK (NOT LIGHTED),CLEAR,DRY,,NO JUNCTION INVOLVED,CURVE/GRADE,ASPHALT,DRIVER DISTRACTED - EXPLAIN IN NARRATIVE,RAN OFF ROAD,OLDSTATEROAD37HWY,NONE
INDIANA UNIV BLOOMINGTON PD,BLOOMINGTON,11/16/2019,4:00 PM,2,0,0,0,0,,,,N WALNUT,SR 45/46,,250,N,0,0,LOCAL/CITY ROAD,N,URBAN,N,N,N,,DAYLIGHT,CLEAR,DRY,,T-INTERSECTION,STRAIGHT/LEVEL,ASPHALT,FAILURE TO YIELD RIGHT OF WAY,LEFT TURN,SR45EWALNUTST,NONE
MONROE SD,BLOOMINGTON,11/16/2019,12:44 AM,1,0,0,0,0,,,,SR 46,N SMITH PIKE,,,,39.210144,-86.5832,STATE ROAD,N,URBAN,N,N,N,,DARK (LIGHTED),CLEAR,DRY,,FOUR-WAY INTERSECTION,CURVE/GRADE,ASPHALT,RAN OFF ROAD RIGHT,RAN OFF ROAD,NSMITHPIKESR46W,TRAFFIC CONTROL SIGNAL
MONROE SD,BLOOMINGTON,11/16/2019,4:21 PM,2,0,0,0,0,,,,S WALNUT,W CHURCH LN,,,,39.10726,-86.53149,UNKNOWN,N,URBAN,N,N,N,,DAYLIGHT,CLEAR,DRY,,FOUR-WAY INTERSECTION,STRAIGHT/LEVEL,ASPHALT,UNSAFE LANE MOVEMENT,SAME DIRECTION SIDESWIPE,CHURCHLNOLDSTRD37RD,TRAFFIC CONTROL SIGNAL
MONROE SD,BLOOMINGTON,11/16/2019,4:00 PM,2,0,0,0,0,,,,N LOW GAP,E TULIP TREE TRACE RD,,1000,N,0,0,LOCAL/CITY ROAD,N,RURAL,N,N,N,,DAYLIGHT,CLEAR,DRY,,NO JUNCTION INVOLVED,CURVE/GRADE,ASPHALT,LEFT OF CENTER,HEAD ON BETWEEN TWO MOTOR VEHICLES,LOWGAPRDTULIPTR,NONE
INDIANA UNIV BLOOMINGTON PD,BLOOMINGTON,11/16/2019,8:10 PM,2,0,0,0,0,,,,N ROSE,E 7TH ST,,,,39.16808,-86.51091,LOCAL/CITY ROAD,N,URBAN,Y,N,N,,DARK (LIGHTED),CLEAR,DRY,,T-INTERSECTION,STRAIGHT/LEVEL,ASPHALT,FAILURE TO YIELD RIGHT OF WAY,LEFT TURN,E7THSTNROSEAVE,NONE
INDIANA UNIV BLOOMINGTON PD,BLOOMINGTON,11/16/2019,11:01 PM,1,0,0,0,0,,,,W KIRKWOOD,N MAPLE ST,,,,39.16664,-86.5422,LOCAL/CITY ROAD,Y,URBAN,N,N,N,,DARK (NOT LIGHTED),CLEAR,DRY,,NO JUNCTION INVOLVED,STRAIGHT/LEVEL,ASPHALT,LEFT OF CENTER,COLLISION WITH OBJECT IN ROAD,KIRKWOODAVEMAPLEST,LANE CONTROL
BLOOMINGTON PD,BLOOMINGTON,11/17/2019,6:06 PM,2,0,1,0,0,,,,SR 46,S SMITH RD,,,,39.16424,-86.480688,LOCAL/CITY ROAD,N,URBAN,N,N,N,,DARK (LIGHTED),CLEAR,DRY,,FOUR-WAY INTERSECTION,STRAIGHT/GRADE,ASPHALT,FAILURE TO YIELD RIGHT OF WAY,RIGHT ANGLE,E3RDSTSSMITHRD,TRAFFIC CONTROL SIGNAL
MONROE SD,BLOOMINGTON,11/17/2019,1:13 PM,2,0,0,0,0,,,,SR 37,S OLD SR 37,,,,39.085632,-86.542304,STATE ROAD,N,RURAL,N,Y,N,,DAYLIGHT,CLEAR,DRY,,FOUR-WAY INTERSECTION,STRAIGHT/LEVEL,ASPHALT,IMPROPER LANE USAGE,SAME DIRECTION SIDESWIPE,SOLDSR37RDSR37N,TRAFFIC CONTROL SIGNAL
INDIANA UNIV BLOOMINGTON PD,BLOOMINGTON,11/17/2019,1:30 PM,2,0,0,0,0,,,,E 7TH,STADIUM DR,,,,0,0,UNKNOWN,N,URBAN,N,N,N,,DAYLIGHT,CLEAR,DRY,,NO JUNCTION INVOLVED,STRAIGHT/LEVEL,ASPHALT,FAILURE TO YIELD RIGHT OF WAY,RIGHT TURN,7THSTSTADIUMDR,NONE
BLOOMINGTON PD,BLOOMINGTON,11/17/2019,3:00 PM,3,0,0,0,0,,,,E KIRKWOOD,S ROGERS ST,,,,39.166672,-86.538608,LOCAL/CITY ROAD,N,URBAN,N,N,N,,DAYLIGHT,CLEAR,DRY,,FOUR-WAY INTERSECTION,STRAIGHT/GRADE,ASPHALT,UNSAFE LANE MOVEMENT,REAR END,EKIRKWOODAVESROGERSST,NONE
MONROE SD,BLOOMINGTON,11/17/2019,5:43 AM,1,0,1,0,0,,,,E WOODVIEW,SR 46,,,,39.15199,-86.38127,LOCAL/CITY ROAD,N,RURAL,N,N,N,,DARK (NOT LIGHTED),CLEAR,DRY,,NO JUNCTION INVOLVED,CURVE/GRADE,ASPHALT,RAN OFF ROAD RIGHT,RAN OFF ROAD,ESR46RDEWOODVIEWDR,NONE