Agency,City,Collision Date,Collision Time,Vehicles Involved,Trailers Involved,Number Injured,Number Dead,Number Deer,House Number,Roadway Interchange,Roadway Ramp,Roadway Id,Intersecting Road,Interchange,Feet From,Direction,Latitude,Longitude,Roadway Class,Hit and Run?,Locality,School Zone?,Rumble Strips?,Construction?,Construction Type,Light Condition,Weather Conditions,Surface Condition,Type of Median,Roadway Junction Type,Road Character,Roadway Surface,Primary Factor,Manner of Collision,Unique Location Id,Traffic Control
INDIANA UNIV BLOOMINGTON PD,BLOOMINGTON,11/17/2019,8:40 AM,2,0,0,0,0,,,,N JORDAN,,,1000,N,0,0,LOCAL/CITY ROAD,N,URBAN,N,N,N,,DAYLIGHT,CLEAR,DRY,,T-INTERSECTION,CURVE/GRADE,ASPHALT,IMPROPER TURNING,RIGHT TURN,NJORDANAVESR46,NONE
MONROE SD,BLOOMINGTON,11/17/2019,10:37 AM,1,0,0,0,0,,,,S FAIRFAX,E SCHACHT RD,,,,39.10704,-86.523488,COUNTY ROAD,N,RURAL,N,N,N,,DAYLIGHT,CLEAR,DRY,,NO JUNCTION INVOLVED,CURVE/GRADE,ASPHALT,RAN OFF ROAD RIGHT,RAN OFF ROAD,EASTSCHACHTRDSOUTHFAIRFAXRD,NONE
MONROE SD,BLOOMINGTON,11/17/2019,4:12 AM,1,0,0,0,0,,,,S OLD SR 37,S EMPIRE RD,,100,N,39.083248,-86.5408,LOCAL/CITY ROAD,N,RURAL,N,N,N,,DARK (NOT LIGHTED),CLEAR,DRY,,T-INTERSECTION,CURVE/GRADE,ASPHALT,RAN OFF ROAD RIGHT,RAN OFF ROAD,SEMPIRERDSOLDSTATEROAD37RD,LANE CONTROL
ELLETTSVILLE PD,ELLETTSVILLE,11/17/2019,3:28 PM,2,0,0,0,0,,,,SR 46,N KELLI DR,,150,W,39.25039539,-86.65206413,STATE ROAD,N,URBAN,N,N,N,,DAYLIGHT,CLEAR,DRY,,T-INTERSECTION,STRAIGHT/LEVEL,ASPHALT,RAN OFF ROAD RIGHT,REAR END,KELLIDRSR46W,NONE
BLOOMINGTON PD,BLOOMINGTON,11/18/2019,8:50 AM,2,0,0,0,0,,,,SR 45/46,N KINSER PIKE,,50,E,39.186544,-86.537888,STATE ROAD,N,URBAN,N,N,N,,DAYLIGHT,CLOUDY,WET,,FOUR-WAY INTERSECTION,STRAIGHT/LEVEL,ASPHALT,SPEED TOO FAST FOR WEATHER CONDITIONS,REAR END,NKINSERPIKESR4546W,TRAFFIC CONTROL SIGNAL
BLOOMINGTON PD,BLOOMINGTON,11/18/2019,8:49 AM,2,0,1,0,0,,,,S CURRY,SR 48,,,,39.16464,-86.58296,LOCAL/CITY ROAD,N,URBAN,N,N,N,,DAYLIGHT,CLOUDY,WET,,FOUR-WAY INTERSECTION,STRAIGHT/LEVEL,ASPHALT,DRIVER DISTRACTED - EXPLAIN IN NARRATIVE,REAR END,SCURRYPIKEW3RDST,TRAFFIC CONTROL SIGNAL
BLOOMINGTON PD,BLOOMINGTON,11/18/2019,8:56 AM,2,0,0,0,0,,,,SR 46,SR 446,,,,39.164448,-86.471888,LOCAL/CITY ROAD,N,URBAN,N,N,N,,DAYLIGHT,CLOUDY,WET,,T-INTERSECTION,CURVE/LEVEL,ASPHALT,UNSAFE LANE MOVEMENT,SAME DIRECTION SIDESWIPE,3RDSTSR446S,LANE CONTROL
MONROE SD,ELLETTSVILLE,11/18/2019,7:19 AM,2,0,0,0,0,,,,SR 46,W CHAFIN CHAPEL RD,,300,E,39.25962,-86.65757599,STATE ROAD,N,RURAL,N,N,N,,DARK (NOT LIGHTED),RAIN,WET,,NO JUNCTION INVOLVED,STRAIGHT/LEVEL,ASPHALT,ANIMAL/OBJECT IN ROADWAY,OPPOSITE DIRECTION SIDESWIPE,SR46WWCHAFINCHAPELRD,LANE CONTROL
ISP BLOOMINGTON 33,BLOOMINGTON,11/18/2019,13:50 M,1,,0,0,1,,,,I-69 N,,,0,S,39.08833212,-86.5702749,INTERSTATE,,RURAL,N,N,N,,DAYLIGHT,CLOUDY,DRY,,NO JUNCTION INVOLVED,,ASPHALT,ANIMAL/OBJECT IN ROADWAY,COLLISION WITH DEER,,
MONROE SD,ELLETTSVILLE,11/18/2019,4:20 PM,2,0,0,0,0,,,,N MT TABOR,W MEGANS WAY,,300,S,39.26300119,-86.62625,COUNTY ROAD,N,RURAL,N,N,N,,DAYLIGHT,CLEAR,DRY,,T-INTERSECTION,STRAIGHT/LEVEL,ASPHALT,IMPROPER LANE USAGE,SAME DIRECTION SIDESWIPE,NMTTABORRDWMEGANSWAY,NONE
BLOOMINGTON PD,BLOOMINGTON,11/18/2019,10:50 AM,2,0,2,0,0,,,,N WALNUT,E 14TH ST,,,,39.175952,-86.53344,LOCAL/CITY ROAD,N,URBAN,N,N,N,,DAYLIGHT,CLOUDY,DRY,,FOUR-WAY INTERSECTION,STRAIGHT/HILLCREST,ASPHALT,DISREGARD SIGNAL/REG SIGN,RIGHT ANGLE,E14THSTNWALNUTST,STOP SIGN
MONROE SD,BLOOMINGTON,11/18/2019,4:13 PM,2,1,0,0,0,,,,S OLD SR 37,W HOBART RD,,,,39.013744,-86.5408,LOCAL/CITY ROAD,N,RURAL,N,N,N,,DAYLIGHT,CLOUDY,DRY,,FOUR-WAY INTERSECTION,STRAIGHT/LEVEL,ASPHALT,IMPROPER TURNING,LEFT/RIGHT TURN,SOLDSTATERD37RDWHOBARTRD,STOP SIGN
MONROE SD,BLOOMINGTON,11/18/2019,6:23 PM,1,0,1,0,0,,,,S ROCKPORT,S VICTOR PIKE,,,,39.053744,-86.606304,LOCAL/CITY ROAD,N,RURAL,N,N,N,,DARK (NOT LIGHTED),CLOUDY,WET,,T-INTERSECTION,CURVE/GRADE,ASPHALT,SPEED TOO FAST FOR WEATHER CONDITIONS,RAN OFF ROAD,SROCKPORTRDSVICTORPIKE,NONE
MONROE SD,BLOOMINGTON,11/18/2019,12:49 PM,2,0,0,0,0,,,,S ROGERS,PARGRAVE PL,,,,39.125472,-86.538784,COUNTY ROAD,N,URBAN,N,N,N,,DAYLIGHT,CLOUDY,DRY,,T-INTERSECTION,STRAIGHT/GRADE,ASPHALT,FAILURE TO YIELD RIGHT OF WAY,LEFT TURN,PARGRAVEPLSOUTHROGERSST,STOP SIGN
MONROE SD,BLOOMINGTON,11/18/2019,6:00 PM,1,0,1,0,0,,,,W SAMPLE,N CANYON CT,,158,S,39.24924754,-86.52815579,COUNTY ROAD,N,RURAL,N,N,N,,DARK (NOT LIGHTED),CLEAR,DRY,,NO JUNCTION INVOLVED,CURVE/LEVEL,ASPHALT,RAN OFF ROAD RIGHT,RAN OFF ROAD,CANYONCTSIMPSONRD,NONE
BLOOMINGTON PD,BLOOMINGTON,11/19/2019,4:45 PM,2,0,0,0,0,,,,SR 45/46,N KINSER PIKE,,300,W,39.186544,-86.537888,LOCAL/CITY ROAD,N,URBAN,N,N,Y,LANE CLOSURE,DAYLIGHT,RAIN,WET,,NO JUNCTION INVOLVED,STRAIGHT/LEVEL,ASPHALT,FOLLOWING TOO CLOSELY,REAR END,NKINSERPIKESR4546BYP,NONE
BLOOMINGTON PD,BLOOMINGTON,11/19/2019,5:09 PM,3,0,0,0,0,,,,SR 45/46,N KINSER PIKE,,100,W,39.18655971,-86.53824035,STATE ROAD,N,URBAN,N,N,N,,DAWN/DUSK,RAIN,WET,,NO JUNCTION INVOLVED,STRAIGHT/LEVEL,ASPHALT,FOLLOWING TOO CLOSELY,REAR END,NKINSERPIKESR45E,NONE
BLOOMINGTON PD,BLOOMINGTON,11/19/2019,9:07 AM,2,0,0,0,0,,,,E WINSLOW,S WALNUT ST PIKE,,,,39.13599,-86.52881,LOCAL/CITY ROAD,N,URBAN,N,N,Y,WORK ON SHOULDER,DAYLIGHT,CLEAR,DRY,,FOUR-WAY INTERSECTION,STRAIGHT/LEVEL,ASPHALT,FAILURE TO YIELD RIGHT OF WAY,RIGHT ANGLE,EWINSLOWRDSWALNUTSTREETPIKE,STOP SIGN
BLOOMINGTON PD,BLOOMINGTON,11/19/2019,4:50 PM,3,0,2,0,0,,,,S WALNUT,W COUNTRY CLUB DR,,,,39.13597,-86.53111,LOCAL/CITY ROAD,N,URBAN,N,N,Y,LANE CLOSURE,DARK (LIGHTED),RAIN,WET,,FOUR-WAY INTERSECTION,STRAIGHT/GRADE,ASPHALT,FAILURE TO YIELD RIGHT OF WAY,HEAD ON BETWEEN TWO MOTOR VEHICLES,SWALNUTSTWCOUNTRYCLUBDR,TRAFFIC CONTROL SIGNAL
BLOOMINGTON PD,BLOOMINGTON,11/19/2019,9:39 AM,2,0,0,0,0,,,,W 17TH,N KINSER PIKE,,100,E,39.17898879,-86.53743914,LOCAL/CITY ROAD,N,URBAN,N,N,N,,DAYLIGHT,CLOUDY,DRY,,NO JUNCTION INVOLVED,STRAIGHT/LEVEL,ASPHALT,UNSAFE BACKING,BACKING CRASH,17THSTKINSERPIKE,NONE
INDIANA UNIV BLOOMINGTON PD,BLOOMINGTON,11/19/2019,5:25 PM,2,0,0,0,0,,,,E 10TH,N WALNUT GROVE ST,,,,39.17162,-86.52099,LOCAL/CITY ROAD,N,URBAN,N,N,N,,DARK (LIGHTED),RAIN,WET,,NO JUNCTION INVOLVED,STRAIGHT/LEVEL,ASPHALT,FOLLOWING TOO CLOSELY,REAR END,TENTHSTWALNUTGROVEST,NONE
MONROE SD,BLOOMINGTON,11/19/2019,6:58 AM,1,0,0,0,1,,,,SR 45,W HINDS RD,,1000,E,39.10133773,-86.64986539,STATE ROAD,N,RURAL,N,N,N,,DARK (NOT LIGHTED),CLEAR,DRY,,NO JUNCTION INVOLVED,CURVE/LEVEL,ASPHALT,ANIMAL/OBJECT IN ROADWAY,COLLISION WITH DEER,SR45WWESTHINDSRD,NONE
BLOOMINGTON PD,BLOOMINGTON,11/19/2019,8:29 AM,2,0,0,0,0,,,,W BLOOMFIELD,S OAKDALE DR,,,,39.14977,-86.568905,LOCAL/CITY ROAD,N,URBAN,N,N,N,,DAYLIGHT,CLOUDY,DRY,,FOUR-WAY INTERSECTION,STRAIGHT/LEVEL,ASPHALT,FAILURE TO YIELD RIGHT OF WAY,SAME DIRECTION SIDESWIPE,SOAKDALEDRWBLOOMFIELDRD,LANE CONTROL
MONROE SD,BLOOMINGTON,11/19/2019,5:12 PM,1,0,0,0,0,,,,E POINTE,S FAIRFAX RD,,,,39.03248,-86.49009,LOCAL/CITY ROAD,N,RURAL,N,N,N,,DAWN/DUSK,RAIN,WET,,T-INTERSECTION,STRAIGHT/LEVEL,ASPHALT,SPEED TOO FAST FOR WEATHER CONDITIONS,RAN OFF ROAD,EPOINTERDSFAIRFAXRD,NONE
INDIANA UNIV BLOOMINGTON PD,BLOOMINGTON,11/19/2019,3:29 PM,2,0,0,0,0,,,,S BALLANTINE,E 3RD ST,,,,39.16427,-86.51913,LOCAL/CITY ROAD,N,URBAN,N,N,N,,DAYLIGHT,RAIN,WET,,FOUR-WAY INTERSECTION,STRAIGHT/GRADE,ASPHALT,UNSAFE LANE MOVEMENT,SAME DIRECTION SIDESWIPE,BALLANTINERDTHIRDST,NONE
ISP BLOOMINGTON 33,BLOOMINGTON,11/19/2019,14:30 M,2,,0,0,0,,,,S OLD SR 37,,,500,S,39.08445975,-86.54293246,COUNTY ROAD,,RURAL,N,N,N,,DAYLIGHT,RAIN,WET,,NO JUNCTION INVOLVED,,ASPHALT,LEFT OF CENTER,HEAD ON BETWEEN TWO MOTOR VEHICLES,,
BLOOMINGTON PD,BLOOMINGTON,11/19/2019,3:10 PM,2,0,0,0,0,,,,S WALNUT,E SOUTH DR,,300,S,39.142048,-86.531088,LOCAL/CITY ROAD,N,URBAN,N,N,N,,DAYLIGHT,RAIN,WET,,NO JUNCTION INVOLVED,STRAIGHT/LEVEL,ASPHALT,FAILURE TO YIELD RIGHT OF WAY,LEFT TURN,ESOUTHDRSWALNUTST,NONE
ISP BLOOMINGTON 33,HARRODSBURG,11/19/2019,20:20 M,1,,0,0,1,,,,SR 37,,,2640,S,39.0164173,-86.53722191,STATE ROAD,,RURAL,N,N,N,,DARK (NOT LIGHTED),RAIN,WET,,NO JUNCTION INVOLVED,,ASPHALT,ANIMAL/OBJECT IN ROADWAY,COLLISION WITH DEER,,
DNR LAW ENFORCEMENT,BLOOMINGTON,11/19/2019,6:02 PM,1,0,0,0,1,,,,SR 46,N GETTYS CREEK RD,,90,E,39.16280741,-86.41412291,STATE ROAD,N,RURAL,N,N,N,,DARK (NOT LIGHTED),RAIN,WET,,NO JUNCTION INVOLVED,STRAIGHT/LEVEL,ASPHALT,ANIMAL/OBJECT IN ROADWAY,COLLISION WITH DEER,GETTYSCREEKRDSR46E,LANE CONTROL
BLOOMINGTON PD,BLOOMINGTON,11/19/2019,5:05 PM,2,0,0,0,0,,,,W 2ND,S ADAMS ST,,,,39.16038,-86.55083,LOCAL/CITY ROAD,N,URBAN,N,N,N,,DAYLIGHT,RAIN,WET,,FOUR-WAY INTERSECTION,STRAIGHT/LEVEL,ASPHALT,FAILURE TO YIELD RIGHT OF WAY,RIGHT ANGLE,SADAMSSTW2NDST,TRAFFIC CONTROL SIGNAL
ELLETTSVILLE PD,ELLETTSVILLE,11/19/2019,2:40 PM,2,0,0,0,0,,,,W TECUMSEH,W IROQUIOS DR,,500,W,39.22266,-86.62777668,LOCAL/CITY ROAD,N,URBAN,N,N,N,,DAYLIGHT,RAIN,WET,,NO JUNCTION INVOLVED,STRAIGHT/LEVEL,ASPHALT,UNSAFE BACKING,BACKING CRASH,WIROQUIOSDRWTECUMSEHDR,NONE
BLOOMINGTON PD,BLOOMINGTON,11/20/2019,4:50 PM,2,0,0,0,0,,,,SR 48,S LIBERTY DR,,,,39.16461,-86.57913,COUNTY ROAD,N,URBAN,N,N,N,,DAWN/DUSK,CLEAR,DRY,,FOUR-WAY INTERSECTION,STRAIGHT/LEVEL,ASPHALT,FOLLOWING TOO CLOSELY,REAR END,SLIBERTYDRW3RDST,TRAFFIC CONTROL SIGNAL
MONROE SD,BLOOMINGTON,11/20/2019,7:48 PM,2,0,0,0,0,,,,S FAIRFAX,S WALNUT ST,,,,39.107248,-86.531392,LOCAL/CITY ROAD,N,RURAL,N,N,N,,DARK (LIGHTED),CLEAR,DRY,,FOUR-WAY INTERSECTION,STRAIGHT/GRADE,ASPHALT,FAILURE TO YIELD RIGHT OF WAY,RIGHT ANGLE,CHURCHLNSOLDSR37RD,TRAFFIC CONTROL SIGNAL
ISP BLOOMINGTON 33,BLOOMINGTON,11/20/2019,22:45 M,2,,0,0,0,,103,A,I-69 N,SR 45/46,Y,422,E,39.18691628,-86.55044777,INTERSTATE,,URBAN,N,Y,Y,LANE CLOSURE,DARK (LIGHTED),CLEAR,WET,,RAMP,,CONCRETE,UNSAFE SPEED,REAR END,,
MONROE SD,BLOOMINGTON,11/20/2019,5:28 PM,3,0,0,0,0,,SR37,N,SR 46,I-69,Y,,,0,0,STATE ROAD,N,RURAL,N,N,Y,WORK ON SHOULDER,DARK (LIGHTED),CLOUDY,DRY,,INTERCHANGE,STRAIGHT/GRADE,ASPHALT,FOLLOWING TOO CLOSELY,REAR END,SR46W,NONE
BLOOMINGTON PD,BLOOMINGTON,11/20/2019,5:40 PM,2,0,0,0,0,,,,E KIRKWOOD,S GRANT ST,,50,E,39.16664,-86.529696,LOCAL/CITY ROAD,Y,URBAN,N,Y,N,,DARK (LIGHTED),CLEAR,DRY,,NO JUNCTION INVOLVED,STRAIGHT/LEVEL,ASPHALT,UNSAFE BACKING,BACKING CRASH,EKIRKWOODAVESGRANTST,NONE
OWEN SD,STINESVILLE,11/20/2019,9:30 PM,2,0,0,0,0,,,,N COUNTY LINE E,N TEXAS RIDGE RD,,1500,S,0,0,COUNTY ROAD,N,RURAL,N,N,N,,DARK (NOT LIGHTED),CLEAR,WET,,NO JUNCTION INVOLVED,STRAIGHT/GRADE,ASPHALT,LEFT OF CENTER,OPPOSITE DIRECTION SIDESWIPE,NCOUNTYLINEWESTRDNTEXASRIDGERD,NONE
BLOOMINGTON PD,BLOOMINGTON,11/20/2019,12:43 AM,2,0,0,0,0,,,,N LINCOLN,E 20TH ST,,,,39.181744,-86.530192,LOCAL/CITY ROAD,Y,URBAN,N,N,N,,DARK (NOT LIGHTED),CLEAR,WET,,FOUR-WAY INTERSECTION,STRAIGHT/GRADE,ASPHALT,SPEED TOO FAST FOR WEATHER CONDITIONS,RIGHT ANGLE,E20THSTNLINCOLNST,STOP SIGN
MONROE SD,ELLETTSVILLE,11/20/2019,8:37 AM,2,0,0,0,0,,,,N STARNES,W RATLIFF RD,,,,39.21687,-86.65872,LOCAL/CITY ROAD,N,RURAL,N,N,N,,DAYLIGHT,FOG/SMOKE/SMOG,WET,,FOUR-WAY INTERSECTION,STRAIGHT/LEVEL,ASPHALT,DISREGARD SIGNAL/REG SIGN,RIGHT ANGLE,RATLIFFRDSTARNESRD,STOP SIGN
BLOOMINGTON PD,BLOOMINGTON,11/20/2019,5:38 AM,2,0,1,0,0,1606,,,S ROGERS,W HILLSIDE DR,,700,S,39.07649636,-86.51386695,LOCAL/CITY ROAD,N,URBAN,N,N,Y,LANE CLOSURE,DARK (NOT LIGHTED),CLEAR,WET,,NO JUNCTION INVOLVED,STRAIGHT/LEVEL,ASPHALT,DISREGARD SIGNAL/REG SIGN,RIGHT ANGLE,1606SROGERSSTWHILLSIDEDR,OTHER REGULATORY SIGN/MARKING
ELLETTSVILLE PD,ELLETTSVILLE,11/20/2019,6:32 AM,1,0,0,0,0,,,,SR 46,N CONSTABLE DR,,,,39.237248,-86.62768,LOCAL/CITY ROAD,N,URBAN,N,N,N,,DARK (LIGHTED),CLOUDY,WET,,T-INTERSECTION,CURVE/LEVEL,ASPHALT,SPEED TOO FAST FOR WEATHER CONDITIONS,RAN OFF ROAD,NCONSTABLEDRWMAINST,NONE
MONROE SD,BLOOMINGTON,11/20/2019,6:06 PM,2,0,0,0,1,,,,SR 46,N GETTYS CREEK RD,,1000,E,39.16122107,-86.41182059,STATE ROAD,N,RURAL,N,N,N,,DARK (NOT LIGHTED),CLOUDY,DRY,,NO JUNCTION INVOLVED,STRAIGHT/LEVEL,ASPHALT,ANIMAL/OBJECT IN ROADWAY,COLLISION WITH DEER,NGETTYSCREEKRDSR46E,NONE
BLOOMINGTON PD,BLOOMINGTON,11/21/2019,4:45 PM,2,0,0,0,0,,,,SR 46,E 3RD ST,,,,39.16424,-86.4984,LOCAL/CITY ROAD,Y,,N,N,N,,DAWN/DUSK,RAIN,WET,,FOUR-WAY INTERSECTION,STRAIGHT/GRADE,ASPHALT,IMPROPER TURNING,SAME DIRECTION SIDESWIPE,E3RDSTSCOLLEGEMALLRD,TRAFFIC CONTROL SIGNAL
INDIANA UNIV BLOOMINGTON PD,BLOOMINGTON,11/21/2019,3:50 PM,3,0,0,0,0,,,,E 3RD,S FESS AVE,,298,E,39.16429,-86.52589578,LOCAL/CITY ROAD,N,URBAN,N,N,N,,DAYLIGHT,RAIN,WET,,NO JUNCTION INVOLVED,STRAIGHT/LEVEL,ASPHALT,FOLLOWING TOO CLOSELY,REAR END,FESSAVETHIRDST,NONE
MONROE SD,ELLETTSVILLE,11/21/2019,2:40 PM,2,0,0,0,0,,,,SR 46,N CENTENNIAL DR,,,,39.210144,-86.5832,STATE ROAD,Y,URBAN,N,N,N,,DAYLIGHT,RAIN,WET,,FOUR-WAY INTERSECTION,STRAIGHT/GRADE,ASPHALT,SPEED TOO FAST FOR WEATHER CONDITIONS,RIGHT ANGLE,SMITHPIKESR46W,TRAFFIC CONTROL SIGNAL
BLOOMINGTON PD,BLOOMINGTON,11/21/2019,11:10 AM,1,0,0,0,0,,,,E 3RD,S GRANT ST,,,,39.16464,-86.529728,LOCAL/CITY ROAD,N,URBAN,N,N,N,,DAYLIGHT,RAIN,WET,,FOUR-WAY INTERSECTION,STRAIGHT/GRADE,ASPHALT,ROADWAY SURFACE CONDITION,RAN OFF ROAD,E3RDSTSGRANTST,STOP SIGN
ISP BLOOMINGTON 33,BLOOMINGTON,11/21/2019,18:25 M,1,,0,0,0,,123,C,I-69 S,N SR 37 BUSINESS,Y,792,N,39.23416908,-86.54138937,INTERSTATE,,RURAL,N,N,N,,DARK (NOT LIGHTED),CLOUDY,WET,,RAMP,,ASPHALT,,RAN OFF ROAD,,
INDIANA UNIV BLOOMINGTON PD,BLOOMINGTON,11/21/2019,2:25 PM,2,0,0,0,0,,,,S JORDAN,E JONES AVE,,,,39.1654,-86.51637,LOCAL/CITY ROAD,N,URBAN,N,N,N,,DAYLIGHT,CLOUDY,WET,,T-INTERSECTION,STRAIGHT/LEVEL,ASPHALT,FOLLOWING TOO CLOSELY,REAR END,JONESAVEJORDANAVE,NONE
BLOOMINGTON PD,BLOOMINGTON,11/21/2019,8:51 PM,2,0,0,0,0,,,,S COLLEGE MALL,EASTLAND PLAZA DR,,,,0,0,LOCAL/CITY ROAD,Y,URBAN,N,N,N,,DARK (LIGHTED),RAIN,WET,,FOUR-WAY INTERSECTION,STRAIGHT/LEVEL,ASPHALT,FAILURE TO YIELD RIGHT OF WAY,SAME DIRECTION SIDESWIPE,EASTLANDPLAZADRSCOLLEGEMALLRD,TRAFFIC CONTROL SIGNAL
INDIANA UNIV BLOOMINGTON PD,BLOOMINGTON,11/21/2019,4:32 PM,2,0,0,0,0,,,,E ATWATER,S BALLENTINE RD,,75,N,39.17100052,-86.51913,LOCAL/CITY ROAD,N,URBAN,N,N,N,,DAYLIGHT,RAIN,WET,,NO JUNCTION INVOLVED,STRAIGHT/LEVEL,ASPHALT,FOLLOWING TOO CLOSELY,RIGHT ANGLE,ATWATERAVEBALLENTINERD,NONE
BLOOMINGTON PD,BLOOMINGTON,11/21/2019,5:35 PM,2,0,0,0,0,,,,N MORTON,W 7TH ST,,,,39.168672,-86.536,LOCAL/CITY ROAD,N,URBAN,N,N,N,,DARK (LIGHTED),RAIN,WET,,FOUR-WAY INTERSECTION,STRAIGHT/LEVEL,ASPHALT,FAILURE TO YIELD RIGHT OF WAY,RIGHT ANGLE,NMORTONSTW7THST,STOP SIGN
ISP BLOOMINGTON 33,BLOOMINGTON,11/21/2019,17:20 M,2,,0,0,0,,,,N WALNUT,N FRITZ DR,,100,S,39.19127162,-86.53311021,LOCAL/CITY ROAD,,URBAN,N,N,N,,DARK (NOT LIGHTED),CLOUDY,WET,,NO JUNCTION INVOLVED,,ASPHALT,FAILURE TO YIELD RIGHT OF WAY,REAR END,,
INDIANA UNIV BLOOMINGTON PD,BLOOMINGTON,11/21/2019,2:15 PM,2,0,0,0,0,,,,S HIGHLAND,E ATWATER AVE,,,,39.16306,-86.51773,LOCAL/CITY ROAD,N,URBAN,N,N,N,,DAYLIGHT,RAIN,WET,,FOUR-WAY INTERSECTION,STRAIGHT/GRADE,ASPHALT,FAILURE TO YIELD RIGHT OF WAY,RIGHT ANGLE,ATWATERAVEHIGHLANDAVE,STOP SIGN
BLOOMINGTON PD,BLOOMINGTON,11/22/2019,11:42 AM,2,0,0,0,0,,,,SR 45/46,N DUNN ST,,,,39.186352,-86.528496,STATE ROAD,Y,URBAN,N,N,Y,LANE CLOSURE,DAYLIGHT,CLEAR,DRY,,FOUR-WAY INTERSECTION,STRAIGHT/LEVEL,ASPHALT,UNSAFE LANE MOVEMENT,SAME DIRECTION SIDESWIPE,DUNNSTSR46E,LANE CONTROL
BLOOMINGTON PD,BLOOMINGTON,11/22/2019,1:10 PM,2,0,0,0,0,,,,S WALNUT,W COUNTRY CLUB DR,,,,39.13597,-86.53111,LOCAL/CITY ROAD,N,URBAN,N,N,N,,DAYLIGHT,CLOUDY,DRY,,FOUR-WAY INTERSECTION,STRAIGHT/GRADE,ASPHALT,OTHER (DRIVER) - EXPLAIN IN NARRATIVE,REAR END,SWALNUTSTWCOUNTRYCLUBDR,TRAFFIC CONTROL SIGNAL
MONROE SD,BLOOMINGTON,11/22/2019,3:27 PM,2,0,0,0,0,,,,N CURRY,W PROFILE PKWY,,1000,N,39.27768154,-86.59039117,COUNTY ROAD,N,RURAL,N,N,N,,DAYLIGHT,CLEAR,DRY,,NO JUNCTION INVOLVED,STRAIGHT/LEVEL,ASPHALT,FAILURE TO YIELD RIGHT OF WAY,SAME DIRECTION SIDESWIPE,CURRYPIKEPROFILEPKWY,NONE
BLOOMINGTON PD,BLOOMINGTON,11/22/2019,6:55 AM,2,0,2,0,0,,,,W BLOOMFIELD,S OAKDALE DR,,,,39.14977,-86.568905,LOCAL/CITY ROAD,N,URBAN,N,N,N,,DAYLIGHT,CLOUDY,DRY,,FOUR-WAY INTERSECTION,STRAIGHT/LEVEL,ASPHALT,BRAKE FAILURE OR DEFECTIVE,REAR END,SOAKDALEDRWBLOOMFIELDRD,TRAFFIC CONTROL SIGNAL
BLOOMINGTON PD,BLOOMINGTON,11/22/2019,3:00 PM,2,0,0,0,0,,,,E 17TH,N WALNUT ST,,50,E,39.178944,-86.533392,LOCAL/CITY ROAD,N,URBAN,N,N,N,,DAYLIGHT,CLEAR,DRY,,T-INTERSECTION,STRAIGHT/GRADE,ASPHALT,FAILURE TO YIELD RIGHT OF WAY,RIGHT ANGLE,E17THSTNWALNUTST,NONE
BLOOMINGTON PD,BLOOMINGTON,11/22/2019,3:21 PM,2,0,1,0,0,,,,E 3RD,ENTRANCE TO EASTLAND PLAZA,,800,W,39.16424,-86.4984,LOCAL/CITY ROAD,N,URBAN,N,N,N,,DAYLIGHT,CLEAR,DRY,,T-INTERSECTION,STRAIGHT/GRADE,ASPHALT,FAILURE TO YIELD RIGHT OF WAY,RIGHT ANGLE,E3RDSTSCOLLEGEMALLRD,NONE
MONROE SD,BLOOMINGTON,11/22/2019,4:51 PM,1,0,0,0,0,,,,N SR 37 BUSINESS,E WHISNAND RD,,500,N,0,0,LOCAL/CITY ROAD,N,RURAL,N,N,N,,DAYLIGHT,CLEAR,DRY,NONE,NO JUNCTION INVOLVED,STRAIGHT/LEVEL,ASPHALT,DRIVER ILLNESS,RAN OFF ROAD,STATEROAD37BUSINESSRDWHISNANDRD,LANE CONTROL
MONROE SD,BLOOMINGTON,11/22/2019,6:19 PM,2,0,0,0,0,,,,S FAIRFAX,,,1200,S,39.08935192,-86.5164287,COUNTY ROAD,N,RURAL,N,N,N,,DARK (NOT LIGHTED),CLEAR,DRY,,NO JUNCTION INVOLVED,STRAIGHT/GRADE,ASPHALT,FOLLOWING TOO CLOSELY,REAR END,DILLMANRDFAIRFAXRD,NONE
MONROE SD,BLOOMINGTON,11/22/2019,5:44 PM,2,0,0,0,0,,,,S FAIRFAX,,,1000,N,39.19189317,-86.51704,LOCAL/CITY ROAD,N,RURAL,N,N,N,,DAYLIGHT,CLEAR,DRY,,NO JUNCTION INVOLVED,STRAIGHT/LEVEL,ASPHALT,LEFT OF CENTER,OPPOSITE DIRECTION SIDESWIPE,EALEXISWAYSFAIRFAXRD,NONE
BLOOMINGTON PD,BLOOMINGTON,11/22/2019,3:09 PM,2,0,0,0,0,,,,S HENDERSON,E NORTH DR,,,,39.14455,-86.52697,LOCAL/CITY ROAD,N,URBAN,Y,N,N,,DAYLIGHT,CLEAR,DRY,,FOUR-WAY INTERSECTION,STRAIGHT/LEVEL,ASPHALT,FAILURE TO YIELD RIGHT OF WAY,LEFT TURN,ENORTHDRSHENDERSONST,STOP SIGN