Agency,City,Collision Date,Collision Time,Vehicles Involved,Trailers Involved,Number Injured,Number Dead,Number Deer,House Number,Roadway Interchange,Roadway Ramp,Roadway Id,Intersecting Road,Interchange,Feet From,Direction,Latitude,Longitude,Roadway Class,Hit and Run?,Locality,School Zone?,Rumble Strips?,Construction?,Construction Type,Light Condition,Weather Conditions,Surface Condition,Type of Median,Roadway Junction Type,Road Character,Roadway Surface,Primary Factor,Manner of Collision,Unique Location Id,Traffic Control
BLOOMINGTON PD,BLOOMINGTON,11/22/2019,4:55 PM,2,0,1,0,0,,,,S LIBERTY,W CONSTITUTION AVE,,200,S,39.13005835,-86.57687,LOCAL/CITY ROAD,N,URBAN,N,N,N,,DAYLIGHT,CLEAR,DRY,,NO JUNCTION INVOLVED,STRAIGHT/LEVEL,ASPHALT,FAILURE TO YIELD RIGHT OF WAY,LEFT TURN,SLIBERTYDRWCONSTITUTIONDR,NONE
BLOOMINGTON PD,BLOOMINGTON,11/22/2019,10:03 AM,2,0,0,0,0,,,,S SARE,E RHORER RD,,,,39.12145,-86.51158,LOCAL/CITY ROAD,N,URBAN,Y,N,N,,DAYLIGHT,CLEAR,DRY,,T-INTERSECTION,STRAIGHT/LEVEL,ASPHALT,IMPROPER TURNING,LEFT TURN,ERHORERRDSSARERD,STOP SIGN
MONROE SD,BLOOMINGTON,11/22/2019,4:38 PM,2,0,1,0,0,,,,SR 45,S BUNGER RD,,200,E,39.12971239,-86.60379497,STATE ROAD,N,RURAL,N,N,N,,DAYLIGHT,CLEAR,DRY,,NO JUNCTION INVOLVED,STRAIGHT/GRADE,ASPHALT,FOLLOWING TOO CLOSELY,REAR END,BUNGERRDSR45W,NONE
ISP BLOOMINGTON 33,BLOOMINGTON,11/22/2019,22:48 M,2,,0,0,0,,,,SR 45/46,E MATLOCK RD,,0,S,39.186292,-86.528396,STATE ROAD,,URBAN,N,N,N,,DARK (LIGHTED),CLEAR,DRY,,NO JUNCTION INVOLVED,,CONCRETE,UNSAFE SPEED,REAR END,,
BLOOMINGTON PD,BLOOMINGTON,11/22/2019,10:40 PM,2,0,0,0,0,,,,W 3RD,W CORY RD,,,,0,0,LOCAL/CITY ROAD,N,URBAN,N,N,N,,DARK (LIGHTED),CLOUDY,DRY,,FOUR-WAY INTERSECTION,STRAIGHT/GRADE,ASPHALT,DISREGARD SIGNAL/REG SIGN,RIGHT ANGLE,3RDSTCORYRD,TRAFFIC CONTROL SIGNAL
BLOOMINGTON PD,BLOOMINGTON,11/23/2019,6:19 PM,2,0,0,0,0,,,,E 3RD,S WALNUT ST,,,,39.16464,-86.5336,LOCAL/CITY ROAD,N,URBAN,N,N,N,,DARK (LIGHTED),RAIN,WET,,FOUR-WAY INTERSECTION,STRAIGHT/LEVEL,ASPHALT,UNSAFE BACKING,BACKING CRASH,E3RDSTSWALNUTST,TRAFFIC CONTROL SIGNAL
MONROE SD,BLOOMINGTON,11/23/2019,1:42 AM,2,0,0,0,0,,,,SR 46,W ARLINGTON RD,,,,39.209808,-86.582672,STATE ROAD,N,URBAN,N,N,N,,DAYLIGHT,RAIN,WET,,FOUR-WAY INTERSECTION,STRAIGHT/GRADE,ASPHALT,FOLLOWING TOO CLOSELY,REAR END,ARLINGTONRDSR46W,TRAFFIC CONTROL SIGNAL
BLOOMINGTON PD,BLOOMINGTON,11/23/2019,10:35 AM,2,0,0,0,0,,,,S ROGERS,W KIRKWOOD AVE,,,,39.166672,-86.538608,LOCAL/CITY ROAD,N,URBAN,N,N,N,,DAYLIGHT,RAIN,WET,,FOUR-WAY INTERSECTION,STRAIGHT/LEVEL,ASPHALT,IMPROPER LANE USAGE,SAME DIRECTION SIDESWIPE,KIRKWOODAVEROGERSST,TRAFFIC CONTROL SIGNAL
INDIANA UNIV BLOOMINGTON PD,BLOOMINGTON,11/23/2019,1:16 PM,2,0,0,0,0,,,,E 3RD,E SWAIN AVE,,,,0,0,LOCAL/CITY ROAD,N,URBAN,N,N,N,,DAYLIGHT,RAIN,WET,,T-INTERSECTION,STRAIGHT/LEVEL,ASPHALT,UNSAFE LANE MOVEMENT,SAME DIRECTION SIDESWIPE,3RDSTSWAINAVE,LANE CONTROL
INDIANA UNIV BLOOMINGTON PD,BLOOMINGTON,11/23/2019,4:34 PM,2,0,0,0,0,,,,E 3RD,E SWAIN AVE,,,,0,0,LOCAL/CITY ROAD,N,URBAN,N,N,N,,DAYLIGHT,RAIN,WET,,T-INTERSECTION,STRAIGHT/LEVEL,ASPHALT,UNSAFE LANE MOVEMENT,SAME DIRECTION SIDESWIPE,3RDSTSWAINAVE,LANE CONTROL
ISP BLOOMINGTON 33,BLOOMINGTON,11/23/2019,13:33 M,1,,0,0,0,,,,I-69 S,,,1003,W,39.06837672,-86.67500443,INTERSTATE,,RURAL,N,N,N,,DAYLIGHT,RAIN,WET,,NO JUNCTION INVOLVED,,CONCRETE,STEERING FAILURE,SAME DIRECTION SIDESWIPE,,
BLOOMINGTON PD,BLOOMINGTON,11/23/2019,12:30 PM,2,0,0,0,0,,,,N COLLEGE,W 8TH ST,,,,39.169552,-86.534784,LOCAL/CITY ROAD,N,URBAN,N,N,N,,DAYLIGHT,RAIN,WET,,FOUR-WAY INTERSECTION,STRAIGHT/LEVEL,ASPHALT,FAILURE TO YIELD RIGHT OF WAY,SAME DIRECTION SIDESWIPE,NCOLLEGEAVEW8THST,NONE
BLOOMINGTON PD,BLOOMINGTON,11/23/2019,3:14 PM,2,0,1,0,0,,,,N WALNUT,W 14TH ST,,,,39.175952,-86.53344,LOCAL/CITY ROAD,N,URBAN,N,N,N,,DAYLIGHT,RAIN,WET,,FOUR-WAY INTERSECTION,STRAIGHT/HILLCREST,ASPHALT,OTHER (DRIVER) - EXPLAIN IN NARRATIVE,RIGHT ANGLE,NWALNUTSTW14THST,NONE
BLOOMINGTON PD,BLOOMINGTON,11/23/2019,2:22 PM,2,0,0,0,0,,,,S ELM,W KIRKWOOD AVE,,,,39.166768,-86.5452,LOCAL/CITY ROAD,N,URBAN,N,N,N,,DAYLIGHT,RAIN,WET,,FOUR-WAY INTERSECTION,STRAIGHT/LEVEL,ASPHALT,FAILURE TO YIELD RIGHT OF WAY,LEFT TURN,SELMSTWKIRKWOODAVE,RR CROSSING GATES AND MEDIAN BARRIER
ELLETTSVILLE PD,ELLETTSVILLE,11/23/2019,6:30 AM,1,0,0,0,1,,,,W MCNEELY,N HOLLY DR,,100,E,0,0,LOCAL/CITY ROAD,N,URBAN,N,N,N,,DARK (NOT LIGHTED),CLEAR,DRY,,NO JUNCTION INVOLVED,STRAIGHT/LEVEL,ASPHALT,ANIMAL/OBJECT IN ROADWAY,COLLISION WITH DEER,NHOLLYDRWMCNEELYST,NONE
BLOOMINGTON PD,BLOOMINGTON,11/23/2019,8:43 PM,1,0,1,0,0,,,,W WALNUT LEAF,S LEONARD SPRINGS RD,,,,0,0,LOCAL/CITY ROAD,N,URBAN,N,N,N,,DARK (NOT LIGHTED),RAIN,WET,,T-INTERSECTION,STRAIGHT/LEVEL,ASPHALT,CELL PHONE USAGE,RAN OFF ROAD,SLEONARDSPRINGSRDWWALNUTLEAFDR,NONE
MONROE SD,BLOOMINGTON,11/24/2019,2:11 AM,1,0,0,0,0,,,,SR 46,E BENDER RD,,4000,W,39.16484015,-86.45193233,STATE ROAD,N,RURAL,N,N,N,,DARK (NOT LIGHTED),CLOUDY,WET,,NO JUNCTION INVOLVED,CURVE/GRADE,ASPHALT,ANIMAL/OBJECT IN ROADWAY,RAN OFF ROAD,BENDERRDSR46E,NONE
MONROE SD,BLOOMINGTON,11/24/2019,7:09 AM,1,0,1,0,0,,,,I-69 S,,,0,S,41.28117292,-85.0869413,INTERSTATE,N,RURAL,N,N,N,,DAWN/DUSK,CLEAR,ICE,,NO JUNCTION INVOLVED,STRAIGHT/GRADE,ASPHALT,SPEED TOO FAST FOR WEATHER CONDITIONS,RAN OFF ROAD,I69S123,LANE CONTROL
ISP BLOOMINGTON 33,BLOOMINGTON,11/24/2019,13:10 M,3,,0,0,0,,,,S FAIRFAX,E SCHACHT RD,,0,S,39.106877,-86.523725,COUNTY ROAD,,RURAL,N,N,N,,DAYLIGHT,CLEAR,DRY,,T-INTERSECTION,,ASPHALT,FAILURE TO YIELD RIGHT OF WAY,REAR END,,
BLOOMINGTON PD,BLOOMINGTON,11/24/2019,2:00 AM,2,0,0,0,0,,,,S MADISON,W PROSPECT ST,,,,39.163648,-86.537296,LOCAL/CITY ROAD,Y,URBAN,N,N,N,,DARK (LIGHTED),CLEAR,WET,,NO JUNCTION INVOLVED,STRAIGHT/GRADE,ASPHALT,OTHER (DRIVER) - EXPLAIN IN NARRATIVE,RIGHT ANGLE,SMADISONSTWPROSPECTST,STOP SIGN
MONROE SD,BLOOMINGTON,11/24/2019,4:17 AM,1,0,0,0,0,5996,,,SR 45,,,600,E,39.14279866,-86.58156186,STATE ROAD,Y,RURAL,N,N,N,,DARK (NOT LIGHTED),CLOUDY,ICE,,NO JUNCTION INVOLVED,STRAIGHT/GRADE,ASPHALT,RAN OFF ROAD RIGHT,RAN OFF ROAD,LEONARDSPRINGSRDSR45W,LANE CONTROL
ELLETTSVILLE PD,ELLETTSVILLE,11/24/2019,6:08 AM,2,0,0,0,0,,,,SR 46,N JACCOB ST,,,,0,0,STATE ROAD,N,URBAN,N,N,N,,DARK (LIGHTED),CLEAR,ICE,,T-INTERSECTION,STRAIGHT/LEVEL,ASPHALT,FOLLOWING TOO CLOSELY,REAR END,NJACOBSTSR46W,NONE
BLOOMINGTON PD,BLOOMINGTON,11/24/2019,8:45 PM,1,0,0,0,0,,,,W 17TH,N MONROE ST,,,,39.179248,-86.547104,LOCAL/CITY ROAD,Y,URBAN,Y,N,N,,DARK (LIGHTED),CLEAR,DRY,,TRAFFIC CIRCLE/ROUNDABOUT,STRAIGHT/LEVEL,ASPHALT,,,NMONROESTW17THST,ROUNDABOUT INTERSECTION
ISP BLOOMINGTON 33,BLOOMINGTON,11/25/2019,10:53 M,2,,0,0,0,,,,SR 48,I-69,Y,0,E,39.16454936,-86.57297045,STATE ROAD,,URBAN,N,N,N,,DAYLIGHT,CLEAR,DRY,,FOUR-WAY INTERSECTION,,ASPHALT,DISREGARD SIGNAL/REG SIGN,RIGHT ANGLE,,
BLOOMINGTON PD,BLOOMINGTON,11/25/2019,8:55 AM,2,0,0,0,0,,,,W 2ND,S PATTERSON DR,,,,39.16076,-86.54849,LOCAL/CITY ROAD,N,URBAN,N,N,N,,DAYLIGHT,CLEAR,DRY,,FOUR-WAY INTERSECTION,STRAIGHT/LEVEL,ASPHALT,DISREGARD SIGNAL/REG SIGN,RIGHT ANGLE,2NDSTPATTERSONDR,TRAFFIC CONTROL SIGNAL
BLOOMINGTON PD,BLOOMINGTON,11/25/2019,2:05 PM,1,0,1,0,0,,,,S COLLEGE MALL,E BUICK CADILLAC BLVD,,,,39.15811,-86.49789,LOCAL/CITY ROAD,N,URBAN,N,N,N,,DAYLIGHT,CLEAR,DRY,,FOUR-WAY INTERSECTION,STRAIGHT/LEVEL,CONCRETE,FAILURE TO YIELD RIGHT OF WAY,LEFT TURN,EBUICKCADILLACBLVDSCOLLEGEMALLRD,TRAFFIC CONTROL SIGNAL
ELLETTSVILLE PD,ELLETTSVILLE,11/25/2019,1:15 PM,2,0,0,0,0,,,,SR 46,N HARTSTRAIT RD,,,,39.22766,-86.61594,STATE ROAD,N,URBAN,N,N,N,,DAYLIGHT,CLEAR,DRY,,FOUR-WAY INTERSECTION,STRAIGHT/LEVEL,ASPHALT,FOLLOWING TOO CLOSELY,REAR END,HARTSTRAITRDSR46W,TRAFFIC CONTROL SIGNAL
BLOOMINGTON PD,BLOOMINGTON,11/25/2019,6:00 PM,1,0,0,0,0,,,,S WALNUT,E RHORER RD,,,,39.12144,-86.526496,,Y,URBAN,N,N,N,,DARK (LIGHTED),CLEAR,DRY,,FOUR-WAY INTERSECTION,STRAIGHT/LEVEL,ASPHALT,FAILURE TO YIELD RIGHT OF WAY,RIGHT TURN,EASTRHORERRDSOUTHWALNUTST,TRAFFIC CONTROL SIGNAL
INDIANA UNIV BLOOMINGTON PD,BLOOMINGTON,11/25/2019,8:50 AM,2,0,0,0,0,,,,E 8TH,N WOODLAWN AVE,,,,39.169552,-86.52344,LOCAL/CITY ROAD,N,URBAN,N,N,N,,DAYLIGHT,CLEAR,DRY,,FOUR-WAY INTERSECTION,STRAIGHT/LEVEL,ASPHALT,FAILURE TO YIELD RIGHT OF WAY,RIGHT ANGLE,E8THSTWOODLAWNAVE,STOP SIGN
MONROE SD,BLOOMINGTON,11/25/2019,3:45 PM,1,1,0,0,0,,,,E MONROE DAM,S STRAIN RIDGE RD,,,,39.02120291,-86.53117543,COUNTY ROAD,N,RURAL,N,N,N,,DAYLIGHT,CLEAR,DRY,,T-INTERSECTION,STRAIGHT/LEVEL,ASPHALT,OTHER (DRIVER) - EXPLAIN IN NARRATIVE,OTHER - EXPLAIN IN NARRATIVE,MONROELAKERDSTRAINRIDGERD,STOP SIGN
MONROE SD,BLOOMINGTON,11/25/2019,5:58 AM,1,0,0,0,1,,,,I-69 S,,,10,N,41.07052771,-85.22896969,INTERSTATE,N,RURAL,N,N,N,,DARK (NOT LIGHTED),CLOUDY,DRY,,NO JUNCTION INVOLVED,STRAIGHT/GRADE,ASPHALT,ANIMAL/OBJECT IN ROADWAY,COLLISION WITH DEER,I69S105.0,NONE
MONROE SD,BLOOMINGTON,11/25/2019,10:28 AM,1,0,0,0,1,,,,S KIRBY,W FOSTER CURRY DR,,1000,S,39.03382335,-86.61025,COUNTY ROAD,N,RURAL,N,N,N,,DARK (NOT LIGHTED),CLEAR,DRY,,NO JUNCTION INVOLVED,STRAIGHT/LEVEL,ASPHALT,ANIMAL/OBJECT IN ROADWAY,COLLISION WITH DEER,FOSTERCURRYRDKIRBYRD,NONE
BLOOMINGTON PD,BLOOMINGTON,11/25/2019,8:55 PM,2,0,0,0,0,,,,S PETE ELLIS,,,190,N,39.16424,-86.495088,LOCAL/CITY ROAD,N,URBAN,N,N,N,,DARK (LIGHTED),CLEAR,DRY,,FOUR-WAY INTERSECTION,STRAIGHT/GRADE,ASPHALT,IMPROPER PASSING,RIGHT ANGLE,E3RDSTSPETEELLISDR,NONE
BLOOMINGTON PD,BLOOMINGTON,11/26/2019,12:30 AM,1,0,1,0,0,,,,SR 45/46,N MONROE ST,,300,W,39.18699904,-86.54785641,STATE ROAD,N,URBAN,N,N,Y,INTERMITTENT OR MOVING WORK,DARK (NOT LIGHTED),CLEAR,DRY,,NO JUNCTION INVOLVED,STRAIGHT/GRADE,ASPHALT,PEDESTRIAN ACTION,COLLISION WITH OBJECT IN ROAD,MONROESTSR46E,NONE
MONROE SD,BLOOMINGTON,11/26/2019,9:31 AM,1,0,0,0,0,,,,N CURRY,SR 46,,260,W,0,0,LOCAL/CITY ROAD,Y,RURAL,N,N,N,,UNKNOWN,CLEAR,DRY,,NO JUNCTION INVOLVED,STRAIGHT/LEVEL,ASPHALT,RAN OFF ROAD RIGHT,RAN OFF ROAD,NCURRYPIKEWSTATEROAD46HWY,LANE CONTROL
ELLETTSVILLE PD,ELLETTSVILLE,11/26/2019,3:47 PM,2,0,0,0,0,,,,SR 46,N MATTHEWS DR,,80,E,39.23461423,-86.62618218,STATE ROAD,N,URBAN,N,N,N,,DAYLIGHT,CLEAR,DRY,,NO JUNCTION INVOLVED,STRAIGHT/LEVEL,ASPHALT,FOLLOWING TOO CLOSELY,REAR END,MATTHEWSDRSR46W,TRAFFIC CONTROL SIGNAL
MONROE SD,BLOOMINGTON,11/26/2019,12:21 PM,2,0,0,0,0,,,,E LORELEI,,,300,W,0,0,LOCAL/CITY ROAD,N,URBAN,N,N,N,,DAYLIGHT,CLEAR,DRY,,NO JUNCTION INVOLVED,STRAIGHT/LEVEL,ASPHALT,UNSAFE BACKING,BACKING CRASH,ELORELEIWAYSSMITHRD,NONE
ISP BLOOMINGTON 33,BLOOMINGTON,11/26/2019,6:26 PM,1,0,0,0,0,,,,I-69 S,,,100,S,41.21110004,-85.1044954,INTERSTATE,N,URBAN,N,N,N,,DARK (LIGHTED),RAIN,LOOSE MATERIAL ON ROAD,,NO JUNCTION INVOLVED,STRAIGHT/LEVEL,ASPHALT,ROADWAY SURFACE CONDITION,COLLISION WITH OBJECT IN ROAD,I69S118.0,LANE CONTROL
MONROE SD,BLOOMINGTON,11/26/2019,3:08 PM,1,0,0,0,0,,,,N THOMAS,W VERNAL PIKE,,2000,N,39.18904,-86.630096,LOCAL/CITY ROAD,N,RURAL,N,N,N,,DAYLIGHT,CLOUDY,DRY,,NO JUNCTION INVOLVED,STRAIGHT/GRADE,ASPHALT,UNSAFE SPEED,RAN OFF ROAD,NORTHTHOMASRDWESTVERNALPIKE,NONE
MONROE SD,BLOOMINGTON,11/26/2019,7:10 PM,2,0,0,0,0,,,,S CURRY,W BELLE AVE,,,,39.163552,-86.582896,LOCAL/CITY ROAD,N,RURAL,N,N,N,,DARK (LIGHTED),RAIN,WET,,T-INTERSECTION,STRAIGHT/LEVEL,ASPHALT,IMPROPER TURNING,RIGHT ANGLE,SCURRYPIKEWBELLEAVE,NONE
MONROE SD,BLOOMINGTON,11/26/2019,11:46 PM,1,0,1,0,0,,,,S LEONARD SPRINGS,W MAYBURY MALL,,,,39.131648,-86.582496,COUNTY ROAD,N,URBAN,N,N,N,,DARK (NOT LIGHTED),RAIN,WATER (STANDING OR MOVING),,NO JUNCTION INVOLVED,STRAIGHT/GRADE,ASPHALT,SPEED TOO FAST FOR WEATHER CONDITIONS,RAN OFF ROAD,SLEONARDSPRINGSRDWMAYBURYMALLRD,LANE CONTROL
MONROE SD,BLOOMINGTON,11/26/2019,10:43 AM,1,0,0,0,0,,,,SR 46,W VERNAL PIKE,,1000,W,0,0,STATE ROAD,Y,,N,N,N,,DAYLIGHT,CLOUDY,DRY,,NO JUNCTION INVOLVED,CURVE/GRADE,ASPHALT,ANIMAL/OBJECT IN ROADWAY,COLLISION WITH OBJECT IN ROAD,SR46WWESTVERNALPIKE,NONE
BLOOMINGTON PD,BLOOMINGTON,11/27/2019,5:17 PM,2,0,1,0,0,,,,N WALNUT,E 7TH ST,,,,39.16864,-86.533568,LOCAL/CITY ROAD,N,URBAN,N,N,N,,DARK (LIGHTED),CLEAR,DRY,,NO JUNCTION INVOLVED,STRAIGHT/LEVEL,ASPHALT,DRIVER DISTRACTED - EXPLAIN IN NARRATIVE,RIGHT ANGLE,E7THSTNWALNUTST,TRAFFIC CONTROL SIGNAL
ELLETTSVILLE PD,ELLETTSVILLE,11/27/2019,8:24 AM,2,0,0,0,0,,,,SR 46,N OUTBACK RD,,,,39.21507,-86.592785,STATE ROAD,N,URBAN,N,N,N,,DAYLIGHT,CLEAR,DRY,,NO JUNCTION INVOLVED,STRAIGHT/LEVEL,ASPHALT,DISREGARD SIGNAL/REG SIGN,RIGHT ANGLE,OUTBACKDRSR46W,TRAFFIC CONTROL SIGNAL
BLOOMINGTON PD,BLOOMINGTON,11/27/2019,7:17 PM,1,0,0,0,1,,,,SR 45/46,I-69,,50,W,39.19428132,-86.55459346,LOCAL/CITY ROAD,N,URBAN,N,N,N,,DARK (LIGHTED),CLEAR,DRY,,NO JUNCTION INVOLVED,STRAIGHT/LEVEL,CONCRETE,ANIMAL/OBJECT IN ROADWAY,COLLISION WITH DEER,NSTATEROAD37RDWSTATEROAD46RD,NONE
ISP BLOOMINGTON 33,BLOOMINGTON,11/27/2019,10:25 M,2,,1,0,0,,,,SR 46,W ARLINGTON RD,,0,S,39.207772,-86.579931,STATE ROAD,,URBAN,N,N,N,,DAYLIGHT,CLOUDY,DRY,,FOUR-WAY INTERSECTION,,ASPHALT,FAILURE TO YIELD RIGHT OF WAY,RIGHT ANGLE,,
MONROE SD,BLOOMINGTON,11/27/2019,7:01 AM,2,0,0,0,0,,,,N SMITH,W FORREST PARK DR,,50,N,0,0,LOCAL/CITY ROAD,N,URBAN,N,N,N,,DAWN/DUSK,CLEAR,DRY,,FOUR-WAY INTERSECTION,STRAIGHT/LEVEL,ASPHALT,FAILURE TO YIELD RIGHT OF WAY,RIGHT ANGLE,NSMITHPIKEWFORRESTPARKDR,NONE
BLOOMINGTON PD,BLOOMINGTON,11/27/2019,11:15 AM,2,0,0,0,0,,,,N WALNUT,E 9TH ST,,60,S,39.170544,-86.533536,LOCAL/CITY ROAD,Y,URBAN,N,N,N,,DAYLIGHT,CLOUDY,DRY,,NO JUNCTION INVOLVED,STRAIGHT/LEVEL,ASPHALT,UNSAFE LANE MOVEMENT,SAME DIRECTION SIDESWIPE,9THSTNWALNUTST,NONE
ELLETTSVILLE PD,ELLETTSVILLE,11/27/2019,4:14 PM,2,0,0,0,0,,,,W VINE,S SALE ST,,100,E,39.234384,-86.624064,LOCAL/CITY ROAD,N,URBAN,N,N,N,,DAYLIGHT,CLEAR,DRY,,NO JUNCTION INVOLVED,STRAIGHT/LEVEL,ASPHALT,DRIVER DISTRACTED - EXPLAIN IN NARRATIVE,LEFT TURN,SSALESTWVINEST,NONE
INDIANA UNIV BLOOMINGTON PD,BLOOMINGTON,11/29/2019,1:13 PM,2,0,0,0,0,,,,S SWAIN,E 3RD ST,,,,,,LOCAL/CITY ROAD,N,URBAN,N,N,N,,DAYLIGHT,CLOUDY,DRY,,T-INTERSECTION,STRAIGHT/GRADE,ASPHALT,UNSAFE LANE MOVEMENT,SAME DIRECTION SIDESWIPE,SWAINAVETHIRDST,NONE
BLOOMINGTON PD,BLOOMINGTON,11/29/2019,11:35 AM,2,0,0,0,0,,,,S COLLEGE,W 3RD ST,,,,39.16464,-86.534816,LOCAL/CITY ROAD,N,URBAN,N,N,N,,DAYLIGHT,CLEAR,DRY,,FOUR-WAY INTERSECTION,STRAIGHT/LEVEL,ASPHALT,DISREGARD SIGNAL/REG SIGN,RIGHT ANGLE,E3RDSTSCOLLEGEAVE,TRAFFIC CONTROL SIGNAL
INDIANA UNIV BLOOMINGTON PD,BLOOMINGTON,11/29/2019,5:35 PM,1,0,0,0,1,,,,SR 45/46,E 17TH ST,,1337,N,39.18233137,-86.51055419,STATE ROAD,N,URBAN,N,Y,N,,DARK (LIGHTED),CLEAR,DRY,,NO JUNCTION INVOLVED,STRAIGHT/LEVEL,ASPHALT,ANIMAL/OBJECT IN ROADWAY,COLLISION WITH DEER,EAST17THSTSR46,NONE
MONROE SD,BLOOMINGTON,11/29/2019,7:19 PM,1,0,1,0,0,,,,E SAMPLE,N WAYPORT RD,,,,,,LOCAL/CITY ROAD,N,RURAL,N,N,N,,DARK (LIGHTED),CLEAR,DRY,,TRAFFIC CIRCLE/ROUNDABOUT,CURVE/GRADE,ASPHALT,UNSAFE SPEED,RAN OFF ROAD,SAMPLERDWAYPORTRD,NONE
BLOOMINGTON PD,BLOOMINGTON,11/29/2019,4:03 AM,1,0,0,0,1,,,,I-69 N,,,300,S,41.23174366,-85.09697022,INTERSTATE,N,URBAN,N,Y,N,,DARK (NOT LIGHTED),RAIN,WET,,NO JUNCTION INVOLVED,STRAIGHT/LEVEL,ASPHALT,ANIMAL/OBJECT IN ROADWAY,COLLISION WITH DEER,I69N119.5,NONE
MONROE SD,BLOOMINGTON,11/29/2019,12:15 PM,1,0,0,0,0,,,,N RUSSELL,E COMMODORE TRAIL,,100,N,,,LOCAL/CITY ROAD,Y,,N,N,N,,DAYLIGHT,CLEAR,DRY,,T-INTERSECTION,CURVE/HILLCREST,ASPHALT,IMPROPER LANE USAGE,OTHER - EXPLAIN IN NARRATIVE,COMMODORERDRUSSELLRD,NONE
MONROE SD,BLOOMINGTON,11/29/2019,6:52 PM,1,0,0,0,1,,,,SR 46,,,1200,E,,,STATE ROAD,N,RURAL,N,N,N,,DARK (NOT LIGHTED),CLOUDY,DRY,,NO JUNCTION INVOLVED,STRAIGHT/GRADE,CONCRETE,ANIMAL/OBJECT IN ROADWAY,COLLISION WITH DEER,LOWERBIRDIEGALYANRDSR46E,NONE
MONROE SD,BLOOMINGTON,11/29/2019,7:11 PM,1,0,0,0,0,,,,W FOUNTAIN,W 8TH ST,,500,W,,,LOCAL/CITY ROAD,N,URBAN,N,N,N,,DARK (NOT LIGHTED),CLOUDY,WET,,NO JUNCTION INVOLVED,STRAIGHT/HILLCREST,ASPHALT,OTHER (DRIVER) - EXPLAIN IN NARRATIVE,OTHER - EXPLAIN IN NARRATIVE,8THSTFOUNTAINDR,NONE
INDIANA UNIV BLOOMINGTON PD,BLOOMINGTON,11/30/2019,10:43 PM,2,0,0,0,0,,,,SR 45/46,E 17TH ST,,,,0,0,STATE ROAD,N,URBAN,N,N,N,,DARK (NOT LIGHTED),RAIN,WET,,T-INTERSECTION,STRAIGHT/LEVEL,ASPHALT,SPEED TOO FAST FOR WEATHER CONDITIONS,REAR END,EAST17THSTSR46,TRAFFIC CONTROL SIGNAL
ISP BLOOMINGTON 33,BLOOMINGTON,11/30/2019,10:38 M,1,,0,0,0,,,,SR 45,E MARTIN DR,,500,S,39.20390556,-86.46377511,STATE ROAD,,RURAL,N,N,N,,DAYLIGHT,RAIN,WET,,NO JUNCTION INVOLVED,,ASPHALT,,RAN OFF ROAD,,
ELLETTSVILLE PD,ELLETTSVILLE,11/30/2019,5:50 PM,1,0,0,0,1,,,,SR 46,N HARTSTRAIT RD,,1000,W,0,0,STATE ROAD,N,URBAN,N,N,N,,DARK (LIGHTED),RAIN,WET,,NO JUNCTION INVOLVED,STRAIGHT/LEVEL,ASPHALT,ANIMAL/OBJECT IN ROADWAY,COLLISION WITH DEER,NORTHHARTSTRAIGHTRDSR46W,LANE CONTROL
BLOOMINGTON PD,BLOOMINGTON,11/30/2019,2:55 PM,2,0,0,0,0,,,,SR 46,S CLARIZZ BLVD,,,,39.16424,-86.4908,LOCAL/CITY ROAD,N,URBAN,N,N,N,,DAYLIGHT,RAIN,WET,,FOUR-WAY INTERSECTION,STRAIGHT/GRADE,ASPHALT,FOLLOWING TOO CLOSELY,REAR END,E3RDSTSCLARIZZBLVD,NONE
MONROE SD,BLOOMINGTON,11/30/2019,6:17 AM,1,0,0,0,0,,,,E RHORER,S TWO CREEKS LN,,,,,,COUNTY ROAD,N,RURAL,N,N,N,,DARK (NOT LIGHTED),RAIN,WET,,T-INTERSECTION,STRAIGHT/HILLCREST,ASPHALT,RAN OFF ROAD RIGHT,RAN OFF ROAD,RHORERRDTWOCREEKSDR,NONE
ISP BLOOMINGTON 33,BLOOMINGTON,11/30/2019,22:30 M,1,,1,0,0,4733,,,I-69 S,,,1056,N,39.10966383,-86.55919737,INTERSTATE,,RURAL,N,Y,N,,DARK (LIGHTED),FOG/SMOKE/SMOG,WET,,NO JUNCTION INVOLVED,,CONCRETE,UNSAFE SPEED,RAN OFF ROAD,,
ISP BLOOMINGTON 33,BLOOMINGTON,11/30/2019,07:05 M,1,,0,0,0,,,,I-69 S,,,0,S,39.2570189,-86.52586288,INTERSTATE,,RURAL,N,N,N,,DARK (NOT LIGHTED),RAIN,WET,,NO JUNCTION INVOLVED,,ASPHALT,SPEED TOO FAST FOR WEATHER CONDITIONS,RAN OFF ROAD,,
BLOOMINGTON PD,BLOOMINGTON,11/30/2019,12:45 PM,1,0,0,0,0,,,,I-69 S,,,700,S,0,0,INTERSTATE,N,URBAN,N,N,N,,DAYLIGHT,RAIN,WATER (STANDING OR MOVING),,NO JUNCTION INVOLVED,STRAIGHT/LEVEL,ASPHALT,SPEED TOO FAST FOR WEATHER CONDITIONS,RAN OFF ROAD,I69SWSR48RD,LANE CONTROL