Agency,City,Collision Date,Collision Time,Vehicles Involved,Trailers Involved,Number Injured,Number Dead,Number Deer,House Number,Roadway Interchange,Roadway Ramp,Roadway Id,Intersecting Road,Interchange,Feet From,Direction,Latitude,Longitude,Roadway Class,Hit and Run?,Locality,School Zone?,Rumble Strips?,Construction?,Construction Type,Light Condition,Weather Conditions,Surface Condition,Type of Median,Roadway Junction Type,Road Character,Roadway Surface,Primary Factor,Manner of Collision,Unique Location Id,Traffic Control
MONROE SD,BLOOMINGTON,11/30/2019,12:11 PM,1,0,1,0,0,,,,SR 45,W ELWREN RD,,100,S,0,0,STATE ROAD,N,RURAL,N,N,N,,DAYLIGHT,RAIN,WATER (STANDING OR MOVING),,T-INTERSECTION,CURVE/LEVEL,ASPHALT,RAN OFF ROAD RIGHT,RAN OFF ROAD,SR45WWELWRENRD,NONE
MONROE SD,BLOOMINGTON,12/1/2019,9:32 AM,2,0,0,0,0,,,,N COLLEGE,SR 45/46,,,,39.186368,-86.5344,LOCAL/CITY ROAD,N,URBAN,N,N,N,,DAYLIGHT,CLEAR,DRY,,FOUR-WAY INTERSECTION,STRAIGHT/LEVEL,ASPHALT,FOLLOWING TOO CLOSELY,REAR END,EASTSTATEROAD4546BYPASSRDSWALNUTST,NONE
BLOOMINGTON PD,BLOOMINGTON,12/1/2019,2:39 PM,2,0,0,0,0,,,,SR 45/46,N KINSER PIKE,,,,39.186544,-86.537888,STATE ROAD,N,URBAN,N,N,N,,DAYLIGHT,RAIN,WET,,FOUR-WAY INTERSECTION,STRAIGHT/LEVEL,ASPHALT,BRAKE FAILURE OR DEFECTIVE,REAR END,NKINSERPIKESR46E,TRAFFIC CONTROL SIGNAL
BLOOMINGTON PD,BLOOMINGTON,12/1/2019,11:40 AM,2,0,0,0,0,,,,E 3RD,S DUNN ST,,,,39.164448,-86.528096,LOCAL/CITY ROAD,N,URBAN,N,N,N,,DAYLIGHT,RAIN,WET,,FOUR-WAY INTERSECTION,CURVE/GRADE,ASPHALT,FOLLOWING TOO CLOSELY,SAME DIRECTION SIDESWIPE,E3RDSTSDUNNST,TRAFFIC CONTROL SIGNAL
MONROE SD,BLOOMINGTON,12/1/2019,9:33 PM,1,0,0,0,0,,,,SR 45,E MARTIN DR,,250,S,39.2041871,-86.46362007,STATE ROAD,N,RURAL,N,N,N,,DARK (NOT LIGHTED),RAIN,WET,,NO JUNCTION INVOLVED,CURVE/GRADE,ASPHALT,SPEED TOO FAST FOR WEATHER CONDITIONS,RAN OFF ROAD,MARTINDRSR45E,NONE
MONROE SD,BLOOMINGTON,12/1/2019,5:51 AM,1,0,0,0,0,,,,SR 48,W VERNAL PIKE,,2900,W,39.16877893,-86.67114653,STATE ROAD,N,RURAL,N,N,N,,DARK (NOT LIGHTED),RAIN,WET,,NO JUNCTION INVOLVED,CURVE/LEVEL,ASPHALT,ROADWAY SURFACE CONDITION,RAN OFF ROAD,SR48WVERNALPIKE,NONE
BLOOMINGTON PD,BLOOMINGTON,12/1/2019,11:54 AM,2,0,0,0,0,,,,S WALNUT,W SMITH AVE,,,,39.162848,-86.5336,LOCAL/CITY ROAD,Y,URBAN,Y,N,N,,DAYLIGHT,CLOUDY,WET,,FOUR-WAY INTERSECTION,STRAIGHT/LEVEL,ASPHALT,IMPROPER LANE USAGE,SAME DIRECTION SIDESWIPE,SMITHAVEWALNUTST,TRAFFIC CONTROL SIGNAL
BLOOMINGTON PD,BLOOMINGTON,12/1/2019,7:45 PM,1,0,0,0,0,,,,E ATWATER,S SWAIN AVE,,,,39.163152,-86.515168,LOCAL/CITY ROAD,N,URBAN,N,N,N,,DARK (LIGHTED),RAIN,WET,,T-INTERSECTION,STRAIGHT/GRADE,ASPHALT,UNSAFE LANE MOVEMENT,RAN OFF ROAD,EATWATERAVESSWAINAVE,STOP SIGN
ISP BLOOMINGTON 33,BLOOMINGTON,12/1/2019,19:10 M,4,,0,0,0,,,,I-69 S,,,0,S,39.23850393,-86.53836803,INTERSTATE,,RURAL,N,N,N,,DARK (LIGHTED),RAIN,WET,,NO JUNCTION INVOLVED,,ASPHALT,UNSAFE LANE MOVEMENT,RIGHT TURN,,
MONROE SD,BLOOMINGTON,12/1/2019,5:56 PM,1,0,0,0,1,,,,N BRUMMETTS CREEK,E MCCOY RD,,100,S,0,0,LOCAL/CITY ROAD,N,RURAL,N,N,N,,DARK (NOT LIGHTED),RAIN,WET,,NO JUNCTION INVOLVED,STRAIGHT/LEVEL,ASPHALT,ANIMAL/OBJECT IN ROADWAY,COLLISION WITH DEER,EMCCOYRDNBRUMMETTSCREEKRD,NONE
MONROE SD,ELLETTSVILLE,12/1/2019,10:14 AM,2,0,0,0,0,,,,N LIBERTY HOLLOW,W WAMPLER RD,,,,39.335152,-86.607008,LOCAL/CITY ROAD,N,RURAL,N,N,N,,DAYLIGHT,RAIN,WET,,T-INTERSECTION,CURVE/LEVEL,ASPHALT,LEFT OF CENTER,LEFT/RIGHT TURN,NLIBERTYHOLLOWRDWWAMPLERRD,NONE
MONROE SD,BLOOMINGTON,12/1/2019,1:08 PM,1,0,0,0,0,,,,N LOW GAP,E TULIP TREE TRACE RD,,600,N,0,0,LOCAL/CITY ROAD,N,RURAL,N,N,N,,DAYLIGHT,RAIN,WET,,NO JUNCTION INVOLVED,STRAIGHT/GRADE,CONCRETE,SPEED TOO FAST FOR WEATHER CONDITIONS,RAN OFF ROAD,ETULIPTREETRNLOWGAPRD,NONE
MONROE SD,BLOOMINGTON,12/1/2019,8:14 PM,2,0,0,0,0,,,,SR 37,E WHISNAND RD,,2400,N,0,0,STATE ROAD,N,RURAL,N,Y,N,,DARK (NOT LIGHTED),RAIN,WET,,NO JUNCTION INVOLVED,STRAIGHT/LEVEL,CONCRETE,CELL PHONE USAGE,REAR END,EWHISNANDRDSR37N,NONE
BLOOMINGTON PD,BLOOMINGTON,12/2/2019,1:50 PM,3,0,0,0,0,,,,SR 45/46,N DUNN ST,,350,E,39.18635203,-86.52726078,STATE ROAD,N,URBAN,N,N,N,,DAYLIGHT,CLOUDY,DRY,,NO JUNCTION INVOLVED,STRAIGHT/LEVEL,ASPHALT,FOLLOWING TOO CLOSELY,REAR END,NDUNNSTSR46E,NONE
MONROE SD,BLOOMINGTON,12/2/2019,6:02 AM,1,0,0,0,0,,,,SR 48,W VERNAL PIKE,,2640,W,39.16856993,-86.67030981,STATE ROAD,N,RURAL,N,N,N,,DARK (NOT LIGHTED),RAIN,WET,,NO JUNCTION INVOLVED,CURVE/LEVEL,ASPHALT,RAN OFF ROAD RIGHT,RAN OFF ROAD,SR48WWVERNALPIKE,LANE CONTROL
BLOOMINGTON PD,BLOOMINGTON,12/2/2019,5:45 PM,2,0,0,0,0,,,,E 3RD,N HIGH ST,,,,39.164352,-86.508288,LOCAL/CITY ROAD,N,URBAN,N,N,N,,DARK (LIGHTED),CLEAR,DRY,,FOUR-WAY INTERSECTION,STRAIGHT/GRADE,ASPHALT,DISREGARD SIGNAL/REG SIGN,LEFT/RIGHT TURN,E3RDSTNHIGHST,TRAFFIC CONTROL SIGNAL
MONROE SD,BLOOMINGTON,12/2/2019,12:52 PM,1,0,1,0,0,,123,1,I-69 S,,,,,0,0,INTERSTATE,N,RURAL,N,N,N,,DAYLIGHT,CLOUDY,DRY,,RAMP,CURVE/GRADE,ASPHALT,TIRE FAILURE OR DEFECTIVE,RAN OFF ROAD,I69S,LANE CONTROL
INDIANA UNIV BLOOMINGTON PD,BLOOMINGTON,12/2/2019,4:55 PM,2,0,1,0,0,,,,N FEE,E LAW LN,,,,39.174048,-86.518896,LOCAL/CITY ROAD,N,URBAN,N,N,N,,DAWN/DUSK,CLOUDY,DRY,,T-INTERSECTION,STRAIGHT/GRADE,ASPHALT,FOLLOWING TOO CLOSELY,REAR END,FEELNLAWLN,NONE
MONROE SD,BLOOMINGTON,12/2/2019,4:17 AM,1,0,0,0,1,,,,N OLD SR 37,,,1200,N,,,STATE ROAD,N,RURAL,N,N,N,,DARK (NOT LIGHTED),RAIN,WET,,T-INTERSECTION,CURVE/LEVEL,ASPHALT,ANIMAL/OBJECT IN ROADWAY,RAN OFF ROAD,MAINFORRESTRDSR37N,NONE
BLOOMINGTON PD,BLOOMINGTON,12/2/2019,12:07 AM,2,0,0,0,0,,,,N ROGERS,W 7TH ST,,,,39.168704,-86.538576,LOCAL/CITY ROAD,Y,URBAN,Y,N,N,,DARK (LIGHTED),RAIN,WET,,FOUR-WAY INTERSECTION,STRAIGHT/GRADE,ASPHALT,UNSAFE LANE MOVEMENT,SAME DIRECTION SIDESWIPE,7THSTROGERSST,STOP SIGN
MONROE SD,BLOOMINGTON,12/2/2019,8:58 AM,1,0,0,0,0,6161,,,N SHUFFLE CREEK,,,,,0,0,COUNTY ROAD,Y,RURAL,N,N,N,,DARK (NOT LIGHTED),CLOUDY,WET,,NO JUNCTION INVOLVED,STRAIGHT/GRADE,ASPHALT,RAN OFF ROAD RIGHT,RAN OFF ROAD,NORTHSHUFFLECREEKRD,NONE
BLOOMINGTON PD,BLOOMINGTON,12/2/2019,12:21 AM,2,0,0,0,0,,,,S COLLEGE,W 4TH ST,,150,N,39.16607598,-86.5348,LOCAL/CITY ROAD,N,URBAN,N,N,N,,DARK (LIGHTED),RAIN,WET,,NO JUNCTION INVOLVED,STRAIGHT/GRADE,ASPHALT,OTHER (DRIVER) - EXPLAIN IN NARRATIVE,SAME DIRECTION SIDESWIPE,4THSTCOLLEGEAVE,LANE CONTROL
BLOOMINGTON PD,BLOOMINGTON,12/2/2019,5:05 PM,2,0,0,0,0,,,,S WALNUT,W DODDS ST,,,,0,0,LOCAL/CITY ROAD,N,URBAN,N,N,N,,DAYLIGHT,CLOUDY,DRY,,T-INTERSECTION,STRAIGHT/LEVEL,ASPHALT,FAILURE TO YIELD RIGHT OF WAY,RIGHT ANGLE,EDODDSSTSWALNUTST,STOP SIGN
ELLETTSVILLE PD,ELLETTSVILLE,12/2/2019,4:30 PM,2,0,0,0,0,,,,SR 46,N CONSTABLE DR,,,,,,STATE ROAD,N,URBAN,N,N,N,,DAYLIGHT,CLEAR,DRY,,NO JUNCTION INVOLVED,CURVE/GRADE,ASPHALT,FAILURE TO YIELD RIGHT OF WAY,SAME DIRECTION SIDESWIPE,CONSTABLEDRSR46W,NONE
MONROE SD,BLOOMINGTON,12/2/2019,4:24 PM,2,0,0,0,0,,,,W ARLINGTON,W STOUTES CREEK RD,,,,39.197648,-86.558304,COUNTY ROAD,N,RURAL,N,N,N,,DAYLIGHT,CLEAR,DRY,,NO JUNCTION INVOLVED,STRAIGHT/LEVEL,ASPHALT,FOLLOWING TOO CLOSELY,REAR END,STOUTCREEKRDWARLINGTONRD,NONE
BLOOMINGTON PD,BLOOMINGTON,12/3/2019,5:45 PM,3,0,0,0,0,,,,SR 46,KINGSTON DR S,,,,39.16424,-86.492944,LOCAL/CITY ROAD,N,URBAN,N,N,N,,DARK (LIGHTED),CLEAR,DRY,,NO JUNCTION INVOLVED,STRAIGHT/LEVEL,ASPHALT,FAILURE TO YIELD RIGHT OF WAY,LEFT TURN,E3RDSTSKINGSTONDR,TRAFFIC CONTROL SIGNAL
BLOOMINGTON PD,BLOOMINGTON,12/3/2019,8:19 AM,1,0,0,0,0,,,,S COLLEGE,W 1ST ST,,100,N,39.17715465,-86.53473389,LOCAL/CITY ROAD,Y,,Y,N,N,,DAYLIGHT,CLOUDY,DRY,,NO JUNCTION INVOLVED,STRAIGHT/GRADE,ASPHALT,OTHER (DRIVER) - EXPLAIN IN NARRATIVE,SAME DIRECTION SIDESWIPE,1STSTCOLLEGEAVE,LANE CONTROL
INDIANA UNIV BLOOMINGTON PD,BLOOMINGTON,12/3/2019,9:05 PM,2,0,0,0,0,,,,S JORDAN,E JONES AVE,,200,S,0,0,LOCAL/CITY ROAD,N,URBAN,N,N,N,,DARK (LIGHTED),CLEAR,DRY,,NO JUNCTION INVOLVED,STRAIGHT/LEVEL,ASPHALT,CELL PHONE USAGE,REAR END,EJONESAVEJORDANAVE,NONE
ELLETTSVILLE PD,ELLETTSVILLE,12/3/2019,6:15 PM,2,0,1,0,0,,,,SR 46,N MATTHEWS DR,,,,,,STATE ROAD,N,RURAL,N,N,N,,DARK (LIGHTED),CLEAR,DRY,,NO JUNCTION INVOLVED,STRAIGHT/LEVEL,ASPHALT,FOLLOWING TOO CLOSELY,REAR END,MATHEWSDRSR46W,NONE
BLOOMINGTON PD,BLOOMINGTON,12/4/2019,8:03 AM,3,0,0,0,0,,,,SR 45/46,N KINSER PIKE,,100,E,39.186544,-86.537888,STATE ROAD,N,URBAN,N,N,N,,DAYLIGHT,CLOUDY,DRY,,FOUR-WAY INTERSECTION,STRAIGHT/LEVEL,ASPHALT,FOLLOWING TOO CLOSELY,REAR END,NKINSERPIKESR4546W,LANE CONTROL
INDIANA UNIV BLOOMINGTON PD,BLOOMINGTON,12/4/2019,4:04 PM,2,0,0,0,0,,,,SR 45/46,E 17TH ST,,,,39.17984,-86.507088,STATE ROAD,N,URBAN,N,N,N,,DAYLIGHT,CLEAR,DRY,,T-INTERSECTION,CURVE/LEVEL,ASPHALT,FAILURE TO YIELD RIGHT OF WAY,RIGHT ANGLE,EAST17THSTSR46,TRAFFIC CONTROL SIGNAL
INDIANA UNIV BLOOMINGTON PD,BLOOMINGTON,12/4/2019,11:25 AM,1,0,1,0,0,,,,N JORDAN,E 10TH ST,,,,,,LOCAL/CITY ROAD,Y,URBAN,N,N,N,,DAYLIGHT,CLEAR,DRY,,FOUR-WAY INTERSECTION,STRAIGHT/HILLCREST,ASPHALT,IMPROPER TURNING,RIGHT TURN,JORDANAVETENTHST,TRAFFIC CONTROL SIGNAL
MONROE SD,BLOOMINGTON,12/4/2019,6:54 PM,2,0,0,0,0,,,,SR 45/46,I-69 S,Y,,,,,STATE ROAD,N,RURAL,N,N,N,,DARK (LIGHTED),CLEAR,DRY,,INTERCHANGE,STRAIGHT/GRADE,ASPHALT,UNSAFE LANE MOVEMENT,SAME DIRECTION SIDESWIPE,INTERSTATE69SOUTHBOUNDONRAMPSR46W,NONE
ELLETTSVILLE PD,ELLETTSVILLE,12/4/2019,6:30 AM,2,0,0,0,0,,,,SR 46,N SALE ST,,,,39.23384,-86.624704,LOCAL/CITY ROAD,N,RURAL,N,N,N,,DARK (LIGHTED),CLEAR,DRY,,FOUR-WAY INTERSECTION,STRAIGHT/LEVEL,ASPHALT,OTHER (VEHICLE) - EXPLAIN IN NARRATIVE,LEFT/RIGHT TURN,SALESTWESTTEMPERANCEST,TRAFFIC CONTROL SIGNAL
MONROE SD,BLOOMINGTON,12/4/2019,3:42 PM,2,0,0,0,0,,,,E BETHEL,W OLD SR 37,,,,39.215344,-86.521392,COUNTY ROAD,N,RURAL,N,N,Y,LANE CLOSURE,DAYLIGHT,CLEAR,DRY,,T-INTERSECTION,STRAIGHT/LEVEL,ASPHALT,UNSAFE SPEED,REAR END,EBETHELLNNOLDSTATE37RD,OFFICER/CROSSING GUARD/FLAGMAN
INDIANA UNIV BLOOMINGTON PD,BLOOMINGTON,12/4/2019,10:40 PM,2,0,0,0,0,,,,E 3RD,S WOODLAWN AVE,,150,E,,,LOCAL/CITY ROAD,N,URBAN,N,N,N,,DARK (LIGHTED),CLEAR,DRY,,NO JUNCTION INVOLVED,STRAIGHT/GRADE,ASPHALT,UNSAFE LANE MOVEMENT,SAME DIRECTION SIDESWIPE,THIRDSTWOODLAWNAVE,NONE
INDIANA UNIV BLOOMINGTON PD,BLOOMINGTON,12/4/2019,5:37 PM,2,0,1,0,0,,,,N JORDAN,N FISHER CT,,1000,E,0,0,LOCAL/CITY ROAD,N,URBAN,N,N,N,,DARK (LIGHTED),CLEAR,DRY,,NO JUNCTION INVOLVED,CURVE/GRADE,ASPHALT,FAILURE TO YIELD RIGHT OF WAY,REAR END,NFISHERCTNJORDANAVE,LANE CONTROL
BLOOMINGTON PD,BLOOMINGTON,12/4/2019,12:10 PM,2,0,0,0,0,,,,S LANDMARK,W BLOOMFIELD RD,,80,N,0,0,LOCAL/CITY ROAD,N,URBAN,N,N,N,,DAYLIGHT,CLEAR,DRY,,T-INTERSECTION,STRAIGHT/LEVEL,ASPHALT,FAILURE TO YIELD RIGHT OF WAY,RIGHT ANGLE,SLANDMARKAVEWBLOOMFIELDRD,LANE CONTROL
BLOOMINGTON PD,BLOOMINGTON,12/4/2019,3:36 AM,2,0,0,0,0,2505,,,S ROGERS,W GRAHAM DR,,,,,,UNKNOWN,N,URBAN,N,N,N,,DARK (NOT LIGHTED),CLEAR,DRY,,NO JUNCTION INVOLVED,STRAIGHT/GRADE,ASPHALT,FOLLOWING TOO CLOSELY,REAR END,ROGERSST,LANE CONTROL
ELLETTSVILLE PD,ELLETTSVILLE,12/4/2019,6:00 PM,1,0,0,0,1,,,,SR 46,,,600,E,,,STATE ROAD,N,URBAN,N,N,N,,DARK (NOT LIGHTED),CLEAR,DRY,,NO JUNCTION INVOLVED,STRAIGHT/LEVEL,ASPHALT,ANIMAL/OBJECT IN ROADWAY,NON-COLLISION,FLATWOODSDRSR46E,NONE
BLOOMINGTON PD,BLOOMINGTON,12/5/2019,7:42 PM,2,1,0,0,0,,,,W 3RD,I-69,,,,0,0,LOCAL/CITY ROAD,N,URBAN,N,N,N,,DAWN/DUSK,CLEAR,DRY,,FOUR-WAY INTERSECTION,CURVE/LEVEL,ASPHALT,UNSAFE LANE MOVEMENT,SAME DIRECTION SIDESWIPE,I69-37OPASW3RDST,TRAFFIC CONTROL SIGNAL
BLOOMINGTON PD,BLOOMINGTON,12/5/2019,8:09 AM,2,0,0,0,0,,,,SR 45,S CURRY PIKE,,,,0,0,LOCAL/CITY ROAD,N,URBAN,N,N,N,,DAYLIGHT,CLEAR,DRY,,FOUR-WAY INTERSECTION,STRAIGHT/GRADE,ASPHALT,FOLLOWING TOO CLOSELY,REAR END,SLEONARDSPRINGSRDWBLOOMFIELDRD,TRAFFIC CONTROL SIGNAL
MONROE SD,BLOOMINGTON,12/5/2019,6:49 PM,2,0,0,0,0,,,,SR 46,I-69 S,Y,300,W,0,0,STATE ROAD,Y,RURAL,N,N,N,,DARK (LIGHTED),CLEAR,DRY,,INTERCHANGE,STRAIGHT/LEVEL,ASPHALT,IMPROPER LANE USAGE,SAME DIRECTION SIDESWIPE,I69SOUTHSR46W,NONE
BLOOMINGTON PD,BLOOMINGTON,12/5/2019,6:10 PM,3,0,0,0,0,,,,SR 46,E 7TH ST,,,,39.167648,-86.500096,LOCAL/CITY ROAD,N,URBAN,N,N,N,,DARK (NOT LIGHTED),CLEAR,DRY,,T-INTERSECTION,STRAIGHT/GRADE,ASPHALT,FOLLOWING TOO CLOSELY,REAR END,E7THSTNSTATEROAD46BYP,NONE
MONROE SD,BLOOMINGTON,12/5/2019,10:48 PM,1,0,0,0,0,,,,SR 37,W MONROE DAM RD,,,,39.020048,-86.536096,STATE ROAD,N,RURAL,N,N,N,,DARK (NOT LIGHTED),CLEAR,DRY,,RAMP,CURVE/GRADE,ASPHALT,ANIMAL/OBJECT IN ROADWAY,COLLISION WITH OBJECT IN ROAD,EMONROEDAMRDSR37S,NONE
INDIANA UNIV BLOOMINGTON PD,BLOOMINGTON,12/5/2019,11:47 AM,2,0,0,0,0,,,,E LAW,N FEE LN,,,,39.174048,-86.518896,LOCAL/CITY ROAD,N,URBAN,N,N,N,,DAYLIGHT,CLEAR,DRY,,T-INTERSECTION,STRAIGHT/GRADE,ASPHALT,FAILURE TO YIELD RIGHT OF WAY,LEFT TURN,ELAWLNFEELN,STOP SIGN
ISP BLOOMINGTON 33,BLOOMINGTON,12/5/2019,16:45 M,2,,0,0,0,2455,,,N CURRY,,,950,S,39.18871332,-86.58313981,LOCAL/CITY ROAD,,RURAL,N,N,N,,DAWN/DUSK,CLEAR,DRY,,NO JUNCTION INVOLVED,,ASPHALT,UNSAFE SPEED,REAR END,,
MONROE SD,BLOOMINGTON,12/5/2019,7:29 PM,1,1,0,0,0,,,,SR 45,S HARMONY RD,,,,39.111024,-86.638304,STATE ROAD,N,RURAL,N,N,N,,DARK (NOT LIGHTED),CLEAR,DRY,,NO JUNCTION INVOLVED,STRAIGHT/LEVEL,ASPHALT,TOW HITCH FAILURE,OTHER - EXPLAIN IN NARRATIVE,SHARMONYRDSR45W,NONE
ELLETTSVILLE PD,ELLETTSVILLE,12/5/2019,10:17 AM,2,0,0,0,0,,,,SR 46,N CHANDLER DR,,,,,,STATE ROAD,N,URBAN,N,N,N,,DAYLIGHT,CLEAR,DRY,,T-INTERSECTION,STRAIGHT/GRADE,ASPHALT,FAILURE TO YIELD RIGHT OF WAY,SAME DIRECTION SIDESWIPE,CHANDLERDRSR46W,LANE CONTROL
BLOOMINGTON PD,BLOOMINGTON,12/5/2019,12:23 AM,2,0,0,0,0,,,,W 3RD,S JOHNSON AVE,,,,39.164448,-86.471888,UNKNOWN,N,URBAN,N,N,N,,DAYLIGHT,CLEAR,DRY,,NO JUNCTION INVOLVED,STRAIGHT/LEVEL,ASPHALT,FOLLOWING TOO CLOSELY,REAR END,3RDST3RDST,LANE CONTROL
BLOOMINGTON PD,BLOOMINGTON,12/6/2019,9:08 AM,2,0,0,0,0,,,,SR 45/46,E 10TH ST,,1000,N,39.17414769,-86.50355804,STATE ROAD,N,URBAN,N,N,N,,DAYLIGHT,CLOUDY,DRY,,NO JUNCTION INVOLVED,STRAIGHT/LEVEL,ASPHALT,FOLLOWING TOO CLOSELY,REAR END,10THSTSR46E,NONE
BLOOMINGTON PD,BLOOMINGTON,12/6/2019,4:01 PM,2,0,0,0,0,,,,SR 46,SR 46,,,,39.16424,-86.4984,LOCAL/CITY ROAD,Y,URBAN,N,N,N,,DAYLIGHT,CLEAR,DRY,,FOUR-WAY INTERSECTION,STRAIGHT/LEVEL,ASPHALT,UNSAFE LANE MOVEMENT,SAME DIRECTION SIDESWIPE,E3RDSTSCOLLEGEMALLRD,TRAFFIC CONTROL SIGNAL
BLOOMINGTON PD,BLOOMINGTON,12/6/2019,3:39 PM,3,0,0,0,0,,,,SR 45/46,N WALNUT ST,,,,39.186368,-86.5344,LOCAL/CITY ROAD,N,URBAN,N,N,N,,DAYLIGHT,CLEAR,DRY,,FOUR-WAY INTERSECTION,STRAIGHT/LEVEL,CONCRETE,FAILURE TO YIELD RIGHT OF WAY,RIGHT ANGLE,ESR4646BYPNWALNUTST,TRAFFIC CONTROL SIGNAL
BLOOMINGTON PD,BLOOMINGTON,12/6/2019,8:51 AM,2,0,1,0,0,,,,SR 45,N PETE ELLIS DR,,,,39.171504,-86.495312,LOCAL/CITY ROAD,N,URBAN,N,N,N,,DAYLIGHT,CLOUDY,DRY,,FOUR-WAY INTERSECTION,STRAIGHT/GRADE,ASPHALT,FOLLOWING TOO CLOSELY,REAR END,10THSTPETEELLISDR,STOP SIGN
INDIANA UNIV BLOOMINGTON PD,BLOOMINGTON,12/6/2019,7:44 PM,2,0,0,0,0,,,,E 17TH,N INDIANA AVE,,,,39.179024,-86.5272,LOCAL/CITY ROAD,N,URBAN,N,N,N,,DARK (LIGHTED),CLEAR,DRY,,T-INTERSECTION,STRAIGHT/GRADE,ASPHALT,FAILURE TO YIELD RIGHT OF WAY,RIGHT ANGLE,EAST17THSTINDIANAAVE,STOP SIGN
BLOOMINGTON PD,BLOOMINGTON,12/6/2019,4:00 PM,2,0,0,0,0,,,,E 7TH,SR 46,,,,39.167648,-86.500096,LOCAL/CITY ROAD,Y,,N,N,N,,DAYLIGHT,CLEAR,DRY,,FOUR-WAY INTERSECTION,STRAIGHT/LEVEL,ASPHALT,FOLLOWING TOO CLOSELY,REAR END,E7THSTSR4546BYPASSRD,STOP SIGN
BLOOMINGTON PD,BLOOMINGTON,12/6/2019,9:30 AM,2,0,0,0,0,,,,E 19TH,N WALNUT ST,,,,39.181552,-86.5336,LOCAL/CITY ROAD,N,URBAN,N,N,N,,DAYLIGHT,CLOUDY,DRY,,T-INTERSECTION,STRAIGHT/LEVEL,ASPHALT,FAILURE TO YIELD RIGHT OF WAY,SAME DIRECTION SIDESWIPE,19THSTNWALNUTST,STOP SIGN
BLOOMINGTON PD,BLOOMINGTON,12/6/2019,3:17 AM,2,0,1,0,0,,,,N WALNUT,W 11TH ST,,,,,,LOCAL/CITY ROAD,N,URBAN,N,N,N,,DARK (LIGHTED),CLEAR,DRY,,T-INTERSECTION,STRAIGHT/HILLCREST,ASPHALT,DISREGARD SIGNAL/REG SIGN,RIGHT ANGLE,COTTAGEGROVESTWALNUTST,STOP SIGN
BLOOMINGTON PD,BLOOMINGTON,12/6/2019,6:00 PM,2,0,1,0,0,,,,S LIBERTY,BAXTER ACCESS,,400,N,0,0,LOCAL/CITY ROAD,Y,URBAN,N,N,N,,DAWN/DUSK,CLEAR,DRY,,T-INTERSECTION,STRAIGHT/LEVEL,ASPHALT,FOLLOWING TOO CLOSELY,REAR END,BAXTERACCESSDRSLIBERTYDR,NONE
BLOOMINGTON PD,BLOOMINGTON,12/6/2019,7:47 AM,2,0,1,0,0,,,,W BLOOMFIELD,S WEIMER RD,,200,W,,,LOCAL/CITY ROAD,Y,URBAN,N,N,N,,DAYLIGHT,CLOUDY,DRY,,NO JUNCTION INVOLVED,STRAIGHT/GRADE,ASPHALT,FOLLOWING TOO CLOSELY,RIGHT ANGLE,BLOOMFIELDRDWEIMERRD,LANE CONTROL
INDIANA UNIV BLOOMINGTON PD,BLOOMINGTON,12/7/2019,8:20 AM,1,0,0,0,1,,,,SR 45/46,E 17TH ST,,800,N,39.18133074,-86.50916198,STATE ROAD,N,URBAN,N,N,N,,DAYLIGHT,CLEAR,DRY,,NO JUNCTION INVOLVED,STRAIGHT/LEVEL,ASPHALT,ANIMAL/OBJECT IN ROADWAY,COLLISION WITH DEER,17THSTSR46E,NONE
BLOOMINGTON PD,BLOOMINGTON,12/7/2019,7:45 PM,2,0,0,0,0,,,,N COLLEGE,W 11TH ST,,75,S,39.173232,-86.534752,LOCAL/CITY ROAD,Y,URBAN,N,N,N,,DARK (LIGHTED),CLEAR,DRY,,NO JUNCTION INVOLVED,STRAIGHT/GRADE,ASPHALT,UNSAFE BACKING,BACKING CRASH,NCOLLEGEAVEW11THST,NONE
BLOOMINGTON PD,BLOOMINGTON,12/7/2019,4:01 PM,2,0,0,0,0,,,,E RHORER,S WALNUT ST,,,,0,0,LOCAL/CITY ROAD,Y,URBAN,N,N,N,,DAYLIGHT,CLEAR,DRY,,FOUR-WAY INTERSECTION,STRAIGHT/LEVEL,ASPHALT,UNSAFE LANE MOVEMENT,SAME DIRECTION SIDESWIPE,ERHORERRDSWALNUTST,TRAFFIC CONTROL SIGNAL
BLOOMINGTON PD,BLOOMINGTON,12/7/2019,12:53 PM,2,0,0,0,0,,,,S SARE,E ROGERS RD,,,,0,0,LOCAL/CITY ROAD,N,URBAN,N,N,N,,DAYLIGHT,CLEAR,DRY,,TRAFFIC CIRCLE/ROUNDABOUT,CURVE/LEVEL,ASPHALT,FAILURE TO YIELD RIGHT OF WAY,SAME DIRECTION SIDESWIPE,EROGERSRDSSARERD,YIELD SIGN
MONROE SD,BLOOMINGTON,12/7/2019,7:27 PM,1,0,1,0,0,,,,SR 46,N BROWN COUNTY LINE RD,,,,0,0,STATE ROAD,N,RURAL,N,N,N,,DARK (NOT LIGHTED),CLEAR,DRY,,NO JUNCTION INVOLVED,STRAIGHT/LEVEL,ASPHALT,RAN OFF ROAD RIGHT,RAN OFF ROAD,NBROWNCOUNTYLINERDSR46E,NONE