Agency,City,Collision Date,Collision Time,Vehicles Involved,Trailers Involved,Number Injured,Number Dead,Number Deer,House Number,Roadway Interchange,Roadway Ramp,Roadway Id,Intersecting Road,Interchange,Feet From,Direction,Latitude,Longitude,Roadway Class,Hit and Run?,Locality,School Zone?,Rumble Strips?,Construction?,Construction Type,Light Condition,Weather Conditions,Surface Condition,Type of Median,Roadway Junction Type,Road Character,Roadway Surface,Primary Factor,Manner of Collision,Unique Location Id,Traffic Control
INDIANA UNIV BLOOMINGTON PD,BLOOMINGTON,12/8/2019,3:56 PM,1,0,0,0,0,1200,,,E 10TH,,,,,39.17144,-86.548192,UNKNOWN,N,URBAN,N,N,N,,DAYLIGHT,CLEAR,DRY,,NO JUNCTION INVOLVED,STRAIGHT/LEVEL,OTHER - EXPLAIN IN NARRATIVE,VIEW OBSTRUCTED,OTHER - EXPLAIN IN NARRATIVE,EAST10THST,OTHER
BLOOMINGTON PD,BLOOMINGTON,12/8/2019,10:57 AM,2,0,0,0,0,,,,E 9TH,N WASHINGTON ST,,,,39.170544,-86.5324,LOCAL/CITY ROAD,Y,URBAN,N,N,N,,,CLEAR,DRY,,NO JUNCTION INVOLVED,STRAIGHT/GRADE,ASPHALT,UNSAFE LANE MOVEMENT,SAME DIRECTION SIDESWIPE,9THSTWASHINGTONST,NONE
BLOOMINGTON PD,BLOOMINGTON,12/9/2019,4:03 PM,2,0,0,0,0,,,,SR 45/46,N COLLEGE AVE,,,,39.186352,-86.534704,LOCAL/CITY ROAD,N,URBAN,N,N,N,,DAYLIGHT,RAIN,WET,,FOUR-WAY INTERSECTION,STRAIGHT/LEVEL,ASPHALT,DISREGARD SIGNAL/REG SIGN,LEFT TURN,NCOLLEGEAVEWSTATEROAD4546RD,TRAFFIC CONTROL SIGNAL
INDIANA UNIV BLOOMINGTON PD,BLOOMINGTON,12/9/2019,3:50 PM,2,0,0,0,0,,,,SR 45/46,E 17TH ST,,,,39.17984,-86.507088,STATE ROAD,N,URBAN,N,N,N,,DAYLIGHT,RAIN,WET,,T-INTERSECTION,STRAIGHT/LEVEL,ASPHALT,FAILURE TO YIELD RIGHT OF WAY,SAME DIRECTION SIDESWIPE,EAST17THSTSR46,TRAFFIC CONTROL SIGNAL
BLOOMINGTON PD,BLOOMINGTON,12/9/2019,5:54 PM,2,0,0,0,0,,,,S WALNUT,W COUNTRY CLUB DR,,300,N,0,0,LOCAL/CITY ROAD,N,URBAN,N,N,N,,DARK (LIGHTED),RAIN,WET,,NO JUNCTION INVOLVED,STRAIGHT/GRADE,ASPHALT,FAILURE TO YIELD RIGHT OF WAY,RIGHT ANGLE,EWINSLOWRDSWALNUTST,NONE
ELLETTSVILLE PD,ELLETTSVILLE,12/9/2019,1:06 PM,2,0,0,0,0,,,,SR 46,N UNION VALLEY RD,,,,39.215152,-86.5928,STATE ROAD,N,URBAN,N,N,N,,DAYLIGHT,RAIN,WET,,NO JUNCTION INVOLVED,STRAIGHT/LEVEL,ASPHALT,FOLLOWING TOO CLOSELY,REAR END,SR46WUNIONVALLEYDR,TRAFFIC CONTROL SIGNAL
BLOOMINGTON PD,BLOOMINGTON,12/9/2019,6:44 PM,2,0,0,0,0,,,,E 17TH,N INDIANA AVE,,,,39.179024,-86.5272,LOCAL/CITY ROAD,Y,URBAN,N,N,N,,DARK (LIGHTED),RAIN,WET,,T-INTERSECTION,STRAIGHT/LEVEL,ASPHALT,IMPROPER TURNING,RIGHT TURN,NINDIANAAVEW17THST,STOP SIGN
ISP BLOOMINGTON 33,BLOOMINGTON,12/9/2019,14:52 M,1,,0,0,0,,,,SR 48,W VERNAL PIKE,,950,W,39.1688239,-86.66319529,STATE ROAD,,RURAL,N,N,N,,DAYLIGHT,CLOUDY,WET,,NO JUNCTION INVOLVED,,ASPHALT,,RAN OFF ROAD,,
BLOOMINGTON PD,BLOOMINGTON,12/9/2019,4:50 PM,2,0,0,0,0,,,,W BLOOMFIELD,W ALLEN ST,,,,0,0,LOCAL/CITY ROAD,N,URBAN,N,N,N,,DARK (LIGHTED),RAIN,WET,,FOUR-WAY INTERSECTION,STRAIGHT/LEVEL,ASPHALT,FOLLOWING TOO CLOSELY,REAR TO REAR,WALLENSTWBLOOMFIELDRD,NONE
BLOOMINGTON PD,BLOOMINGTON,12/9/2019,4:50 PM,2,0,0,0,0,,,,W BLOOMFIELD,W ALLEN ST,,,,0,0,LOCAL/CITY ROAD,N,URBAN,N,N,N,,DARK (LIGHTED),RAIN,WET,,FOUR-WAY INTERSECTION,STRAIGHT/LEVEL,ASPHALT,FOLLOWING TOO CLOSELY,REAR END,WALLENSTWBLOOMFIELDRD,NONE
MONROE SD,BLOOMINGTON,12/9/2019,8:26 AM,3,0,0,0,0,,,,W OLD SR 37,E BETHEL LN,,,,39.215344,-86.521392,LOCAL/CITY ROAD,Y,RURAL,N,N,Y,WORK ON SHOULDER,DARK (NOT LIGHTED),RAIN,WET,,T-INTERSECTION,STRAIGHT/LEVEL,ASPHALT,LEFT OF CENTER,OPPOSITE DIRECTION SIDESWIPE,EBETHELLNNOLDSR37RD,NONE
MONROE SD,BLOOMINGTON,12/9/2019,6:26 PM,1,0,0,0,0,,,,S STRAIN RIDGE,E SMITHVILLE RD,,1000,N,39.07372842,-86.50590445,LOCAL/CITY ROAD,Y,RURAL,N,N,N,,DARK (NOT LIGHTED),RAIN,WET,,NO JUNCTION INVOLVED,STRAIGHT/GRADE,ASPHALT,LEFT OF CENTER,OTHER - EXPLAIN IN NARRATIVE,SMITHVILLERDSTRAINRIDGERD,NONE
MONROE SD,BLOOMINGTON,12/9/2019,6:51 AM,1,0,0,0,1,,,,SR 446,S SWARTZ RIDGE RD,,1000,S,39.13073858,-86.44481028,STATE ROAD,N,RURAL,N,N,N,,DARK (NOT LIGHTED),RAIN,WET,,NO JUNCTION INVOLVED,STRAIGHT/LEVEL,ASPHALT,ANIMAL/OBJECT IN ROADWAY,COLLISION WITH DEER,ESWARTZRIDGERDSR446S,NONE
BLOOMINGTON PD,BLOOMINGTON,12/9/2019,1:23 PM,2,0,1,0,0,,,,SR 46,S JEFFERSON ST,,,,39.164304,-86.506992,LOCAL/CITY ROAD,N,URBAN,N,N,N,,DAYLIGHT,RAIN,WET,,NO JUNCTION INVOLVED,STRAIGHT/LEVEL,ASPHALT,FOLLOWING TOO CLOSELY,REAR END,E3RDSTJEFFERSONST,NONE
MONROE SD,BLOOMINGTON,12/9/2019,10:25 PM,1,0,1,0,0,,,,SR 48,,,1500,W,,,STATE ROAD,N,RURAL,N,N,N,,DARK (NOT LIGHTED),CLOUDY,WET,,NO JUNCTION INVOLVED,CURVE/GRADE,ASPHALT,RAN OFF ROAD RIGHT,RAN OFF ROAD,SR48VERNALPIKE,NONE
ELLETTSVILLE PD,ELLETTSVILLE,12/9/2019,2:48 PM,2,0,1,0,0,,,,W ASSOCIATION,MUSTANG DR,,,,,,LOCAL/CITY ROAD,N,URBAN,N,N,N,,DAYLIGHT,RAIN,WET,,NO JUNCTION INVOLVED,STRAIGHT/GRADE,ASPHALT,FOLLOWING TOO CLOSELY,REAR END,ASSOCIATIONSTMUSTANGDR,NONE
BLOOMINGTON PD,BLOOMINGTON,12/10/2019,9:40 AM,2,0,1,0,0,,,,SR 46,S COLLEGE MALL RD,,150,E,39.16423501,-86.49787082,STATE ROAD,N,URBAN,N,N,N,,DAYLIGHT,CLEAR,DRY,,NO JUNCTION INVOLVED,STRAIGHT/LEVEL,ASPHALT,FOLLOWING TOO CLOSELY,REAR END,COLLEGEMALLRDSR46E,NONE
ELLETTSVILLE PD,ELLETTSVILLE,12/10/2019,8:10 AM,2,0,0,0,0,,,,N HARTSTRAIT,W RATLIFF RD,,,,,,COUNTY ROAD,N,RURAL,N,N,N,,DAYLIGHT,CLEAR,DRY,,NO JUNCTION INVOLVED,STRAIGHT/HILLCREST,ASPHALT,DRIVER DISTRACTED - EXPLAIN IN NARRATIVE,REAR END,HARTSTRAITRDRATLIFFRDG,LANE CONTROL
MONROE SD,BLOOMINGTON,12/10/2019,6:04 PM,1,0,0,0,1,,,,N WOODALL,N BOTTOM RD,,,,39.290288,-86.576992,COUNTY ROAD,N,RURAL,N,N,N,,DARK (NOT LIGHTED),CLEAR,DRY,,T-INTERSECTION,CURVE/LEVEL,ASPHALT,ANIMAL/OBJECT IN ROADWAY,COLLISION WITH DEER,BOTTOMRDWOODALLRD,NONE
MONROE SD,BLOOMINGTON,12/10/2019,5:28 AM,1,0,0,0,1,,,,SR 45,W JOHN WILLIAMS LN,,100,E,,,STATE ROAD,N,RURAL,N,N,N,,DARK (NOT LIGHTED),CLEAR,DRY,,NO JUNCTION INVOLVED,CURVE/HILLCREST,ASPHALT,ANIMAL/OBJECT IN ROADWAY,COLLISION WITH DEER,JOHNWILLIAMSLNSR45E,NONE
MONROE SD,BLOOMINGTON,12/10/2019,6:23 PM,2,0,0,0,0,3585,,,SR 45,,,,,0,0,UNKNOWN,N,URBAN,N,N,N,,DAYLIGHT,CLEAR,DRY,,NO JUNCTION INVOLVED,STRAIGHT/LEVEL,ASPHALT,IMPROPER TURNING,RIGHT ANGLE,WIN45HWY,NONE
BLOOMINGTON PD,BLOOMINGTON,12/10/2019,4:16 PM,2,0,0,0,0,718,,,W DODDS,,,,,0,0,LOCAL/CITY ROAD,N,URBAN,N,N,N,,DAYLIGHT,CLEAR,DRY,,NO JUNCTION INVOLVED,STRAIGHT/LEVEL,ASPHALT,UNSAFE BACKING,BACKING CRASH,WDODDSST,NONE
INDIANA UNIV BLOOMINGTON PD,BLOOMINGTON,12/11/2019,11:15 AM,2,0,0,0,0,,,,N JORDAN,E LAW LN,,,,39.173552,-86.515488,LOCAL/CITY ROAD,N,URBAN,N,N,N,,DAYLIGHT,CLOUDY,DRY,,FOUR-WAY INTERSECTION,CURVE/LEVEL,ASPHALT,DISREGARD SIGNAL/REG SIGN,RIGHT ANGLE,JORDANAVELAWLN,TRAFFIC CONTROL SIGNAL
MONROE SD,BLOOMINGTON,12/11/2019,11:31 AM,2,0,0,0,0,,,,N SMITH,W WOODYARD RD,,,,0,0,COUNTY ROAD,N,RURAL,N,N,N,,DAYLIGHT,CLEAR,DRY,,T-INTERSECTION,STRAIGHT/LEVEL,ASPHALT,FAILURE TO YIELD RIGHT OF WAY,RIGHT ANGLE,NSMITHPIKEWWOODYARDRD,STOP SIGN
MONROE SD,BLOOMINGTON,12/11/2019,3:20 PM,2,0,0,0,0,,,,N SMITH,W WOODYARD RD,,,,0,0,LOCAL/CITY ROAD,N,RURAL,N,N,N,,DAYLIGHT,CLEAR,DRY,,T-INTERSECTION,STRAIGHT/LEVEL,ASPHALT,FAILURE TO YIELD RIGHT OF WAY,OPPOSITE DIRECTION SIDESWIPE,NSMITHPIKEWWOODYARDRD,STOP SIGN
BLOOMINGTON PD,BLOOMINGTON,12/11/2019,4:34 PM,2,0,0,0,0,,,,SR 45,INDUSTRIAL BLVD,,,,,,LOCAL/CITY ROAD,N,URBAN,N,N,N,,DAWN/DUSK,CLEAR,DRY,,FOUR-WAY INTERSECTION,STRAIGHT/LEVEL,ASPHALT,DISREGARD SIGNAL/REG SIGN,RIGHT ANGLE,INDUSTRIALBLVDSR45W,TRAFFIC CONTROL SIGNAL
ISP BLOOMINGTON 33,BLOOMINGTON,12/11/2019,18:05 M,1,,0,0,0,,,,I-69 N,,,0,S,39.07807195,-86.58349282,INTERSTATE,,RURAL,N,N,N,,DARK (NOT LIGHTED),CLEAR,DRY,,NO JUNCTION INVOLVED,,CONCRETE,TOW HITCH FAILURE,RAN OFF ROAD,,
ISP BLOOMINGTON 33,BLOOMINGTON,12/11/2019,18:10 M,1,,0,0,0,,,,I-69 N,,,0,S,39.07812192,-86.58347673,INTERSTATE,,RURAL,N,N,N,,DARK (NOT LIGHTED),CLEAR,DRY,,NO JUNCTION INVOLVED,,CONCRETE,ANIMAL/OBJECT IN ROADWAY,COLLISION WITH OBJECT IN ROAD,,
ISP BLOOMINGTON 33,BLOOMINGTON,12/11/2019,16:45 M,2,,0,0,0,,,,S WELMIR,RUNKLE LN,,0,S,39.164652,-86.582927,LOCAL/CITY ROAD,,URBAN,N,N,N,,DAYLIGHT,CLOUDY,DRY,,T-INTERSECTION,,ASPHALT,LEFT OF CENTER,LEFT TURN,,
BLOOMINGTON PD,BLOOMINGTON,12/11/2019,10:57 AM,2,0,2,0,0,,,,W COUNTRY CLUB,ENTRANCE TO CVS,,,,,,LOCAL/CITY ROAD,N,URBAN,N,N,N,,DAYLIGHT,CLOUDY,DRY,,FOUR-WAY INTERSECTION,STRAIGHT/GRADE,ASPHALT,FAILURE TO YIELD RIGHT OF WAY,RIGHT ANGLE,COUNTRYCLUBDRDRIVETOCVSDR,TRAFFIC CONTROL SIGNAL
MONROE SD,BLOOMINGTON,12/11/2019,9:46 AM,2,0,0,0,0,,,,W WOODYARD,W WALCOTT LN,,2300,W,39.201488,-86.601968,LOCAL/CITY ROAD,N,RURAL,N,N,N,,DAYLIGHT,CLEAR,DRY,,NO JUNCTION INVOLVED,STRAIGHT/LEVEL,ASPHALT,IMPROPER PASSING,RAN OFF ROAD,WWALCOTTLNWWOODYARDRD,NONE
ELLETTSVILLE PD,ELLETTSVILLE,12/12/2019,12:43 AM,2,0,0,0,0,,,,SR 46,N CENTENNIAL DR,,,,39.210144,-86.5832,STATE ROAD,N,URBAN,N,N,N,,DAYLIGHT,CLEAR,DRY,,FOUR-WAY INTERSECTION,STRAIGHT/GRADE,ASPHALT,BRAKE FAILURE OR DEFECTIVE,REAR END,SMITHPIKESR46W,TRAFFIC CONTROL SIGNAL
BLOOMINGTON PD,BLOOMINGTON,12/12/2019,3:24 PM,2,0,0,0,0,,,,S WALNUT,W COUNTRY CLUB DR,,,,0,0,LOCAL/CITY ROAD,Y,URBAN,N,N,N,,DAYLIGHT,CLEAR,DRY,,FOUR-WAY INTERSECTION,STRAIGHT/GRADE,ASPHALT,DRIVER DISTRACTED - EXPLAIN IN NARRATIVE,REAR END,SWALNUTSTWCOUNTRYCLUBDR,TRAFFIC CONTROL SIGNAL
INDIANA UNIV BLOOMINGTON PD,BLOOMINGTON,12/12/2019,5:49 PM,2,0,0,0,0,,,,SR 45/46,N RANGE RD,,,,39.171504,-86.495312,STATE ROAD,N,URBAN,N,N,N,,DARK (LIGHTED),CLEAR,DRY,,T-INTERSECTION,STRAIGHT/LEVEL,ASPHALT,FOLLOWING TOO CLOSELY,REAR END,RANGERDSR46E,NONE
INDIANA UNIV BLOOMINGTON PD,BLOOMINGTON,12/12/2019,10:18 AM,2,0,0,0,0,,,,E 3RD,N JORDAN AVE,,,,,,LOCAL/CITY ROAD,N,URBAN,N,N,N,,DAYLIGHT,CLOUDY,DRY,,FOUR-WAY INTERSECTION,STRAIGHT/LEVEL,ASPHALT,IMPROPER TURNING,SAME DIRECTION SIDESWIPE,3RDSTJORDANAVE,TRAFFIC CONTROL SIGNAL
MONROE SD,BLOOMINGTON,12/12/2019,5:42 AM,2,0,0,0,1,,,,I-69 S,,,200,S,,,INTERSTATE,N,RURAL,N,Y,N,,DARK (NOT LIGHTED),CLOUDY,DRY,,NO JUNCTION INVOLVED,STRAIGHT/LEVEL,ASPHALT,ANIMAL/OBJECT IN ROADWAY,COLLISION WITH DEER,I121SI69S,NONE
MONROE SD,BLOOMINGTON,12/12/2019,6:25 PM,1,0,0,0,0,,,,S KETCHAM,S OLD SR 37,,,,0,0,LOCAL/CITY ROAD,N,RURAL,N,N,N,,DARK (NOT LIGHTED),CLEAR,DRY,,NO JUNCTION INVOLVED,CURVE/GRADE,ASPHALT,OTHER (DRIVER) - EXPLAIN IN NARRATIVE,NON-COLLISION,SOLDSTATEROAD37RDWKETCHAMRD,NONE
ISP BLOOMINGTON 33,BLOOMINGTON,12/13/2019,13:00 M,2,,0,0,0,,,,SR 46,E 3RD ST,,100,N,39.16430414,-86.49831391,STATE ROAD,,URBAN,N,N,N,,DAYLIGHT,CLOUDY,DRY,,NO JUNCTION INVOLVED,,ASPHALT,DRIVER DISTRACTED - EXPLAIN IN NARRATIVE,REAR END,,
INDIANA UNIV BLOOMINGTON PD,BLOOMINGTON,12/13/2019,9:34 PM,2,0,2,0,0,,,,E 3RD,S UNION ST,,,,,,LOCAL/CITY ROAD,N,URBAN,N,N,N,,DARK (LIGHTED),RAIN,WET,,T-INTERSECTION,STRAIGHT/LEVEL,ASPHALT,FAILURE TO YIELD RIGHT OF WAY,RIGHT ANGLE,THIRDSTUNIONST,STOP SIGN
INDIANA UNIV BLOOMINGTON PD,BLOOMINGTON,12/13/2019,8:05 AM,1,0,1,0,0,,,,E ATWATER,N FESS AVE,,,,0,0,LOCAL/CITY ROAD,N,URBAN,N,N,N,,DAYLIGHT,CLOUDY,DRY,,FOUR-WAY INTERSECTION,STRAIGHT/LEVEL,ASPHALT,VIEW OBSTRUCTED,LEFT TURN,EATWATERAVESFESSAVE,STOP SIGN
ISP BLOOMINGTON 33,BLOOMINGTON,12/13/2019,15:56 M,1,,0,0,0,,,,I-69 S,,,1003,W,39.14978647,-86.57324585,INTERSTATE,,URBAN,N,N,N,,DAYLIGHT,CLOUDY,DRY,,NO JUNCTION INVOLVED,,CONCRETE,OTHER (ENVIRONMENTAL) - EXPLAIN IN NARR,NON-COLLISION,,
ELLETTSVILLE PD,ELLETTSVILLE,12/13/2019,8:39 AM,2,0,0,0,0,,,,SR 46,S RIDGE SPRINGS LN,,,,,,LOCAL/CITY ROAD,N,URBAN,N,N,N,,DAYLIGHT,CLOUDY,DRY,,NO JUNCTION INVOLVED,STRAIGHT/GRADE,ASPHALT,DRIVER ILLNESS,REAR END,RIDGESPRINGLNTEMPERTANCEST,LANE CONTROL
MONROE SD,BLOOMINGTON,12/13/2019,5:46 PM,2,0,0,0,0,,,,W TAPP,S KEGG RD,,,,0,0,LOCAL/CITY ROAD,N,URBAN,N,N,N,,DARK (NOT LIGHTED),CLEAR,DRY,,T-INTERSECTION,STRAIGHT/LEVEL,ASPHALT,FOLLOWING TOO CLOSELY,REAR END,SOUTHKEGGRDWESTTAPPRD,NONE
BLOOMINGTON PD,BLOOMINGTON,12/14/2019,2:01 PM,2,0,1,0,0,,,,W 3RD,I-69,,,,39.164752,-86.573104,LOCAL/CITY ROAD,N,URBAN,N,N,N,,DAYLIGHT,CLOUDY,DRY,,FOUR-WAY INTERSECTION,STRAIGHT/LEVEL,ASPHALT,FOLLOWING TOO CLOSELY,REAR END,SR37NW3RDST,TRAFFIC CONTROL SIGNAL
INDIANA UNIV BLOOMINGTON PD,BLOOMINGTON,12/14/2019,7:10 PM,2,0,0,0,0,,,,SR 45/46,E 10TH ST,,100,N,39.17189797,-86.5022422,STATE ROAD,Y,URBAN,N,N,N,,DARK (NOT LIGHTED),CLEAR,DRY,,FOUR-WAY INTERSECTION,STRAIGHT/LEVEL,ASPHALT,UNSAFE LANE MOVEMENT,REAR END,SR4610THST,TRAFFIC CONTROL SIGNAL
MONROE SD,BLOOMINGTON,12/14/2019,8:53 AM,1,0,0,0,0,,,,W TAPP,I-69,,,,,,COUNTY ROAD,Y,URBAN,N,N,N,,DARK (LIGHTED),CLEAR,DRY,,RAMP,STRAIGHT/LEVEL,ASPHALT,IMPROPER LANE USAGE,OTHER - EXPLAIN IN NARRATIVE,I69NTAPPRD,NONE
BLOOMINGTON PD,BLOOMINGTON,12/14/2019,7:10 PM,1,0,0,0,0,,,,S WALNUT ST PIKE,E WINSLOW RD,,,,39.136144,-86.528688,LOCAL/CITY ROAD,N,URBAN,N,N,Y,WORK ON SHOULDER,DARK (NOT LIGHTED),CLOUDY,DRY,,FOUR-WAY INTERSECTION,STRAIGHT/GRADE,ASPHALT,UNSAFE LANE MOVEMENT,OTHER - EXPLAIN IN NARRATIVE,EWINSLOWRDSWALNUTSTPIKE,YIELD SIGN
BLOOMINGTON PD,BLOOMINGTON,12/14/2019,6:30 PM,3,0,1,0,0,,,,W COUNTRY CLUB,S WALNUT ST,,,,0,0,LOCAL/CITY ROAD,N,URBAN,N,N,N,,DARK (LIGHTED),CLOUDY,DRY,,FOUR-WAY INTERSECTION,STRAIGHT/LEVEL,ASPHALT,FOLLOWING TOO CLOSELY,REAR END,SOUTHWALNUTSTWCOUNTRYCLUBRD,TRAFFIC CONTROL SIGNAL
BLOOMINGTON PD,BLOOMINGTON,12/14/2019,5:15 PM,2,0,0,0,0,,,,N WALNUT,E 10TH ST,,,,39.171744,-86.53352,LOCAL/CITY ROAD,Y,URBAN,N,N,N,,DAYLIGHT,CLOUDY,DRY,,FOUR-WAY INTERSECTION,STRAIGHT/GRADE,ASPHALT,,SAME DIRECTION SIDESWIPE,E10THSTNWALNUTST,TRAFFIC CONTROL SIGNAL
BLOOMINGTON PD,BLOOMINGTON,12/14/2019,2:09 AM,2,0,0,0,0,,,,E ATWATER,S WOODLAWN AVE,,,,39.16328,-86.522592,LOCAL/CITY ROAD,N,URBAN,N,N,N,,DARK (LIGHTED),RAIN,WET,,FOUR-WAY INTERSECTION,STRAIGHT/GRADE,ASPHALT,DRIVER DISTRACTED - EXPLAIN IN NARRATIVE,REAR END,ATWATERAVEWOODLAWNAVE,TRAFFIC CONTROL SIGNAL
INDIANA UNIV BLOOMINGTON PD,BLOOMINGTON,12/14/2019,5:14 PM,3,0,1,0,0,,,,N JORDAN,E LINGELBACH LN,,100,N,0,0,LOCAL/CITY ROAD,N,URBAN,N,N,N,,DAWN/DUSK,CLEAR,DRY,,NO JUNCTION INVOLVED,CURVE/GRADE,ASPHALT,FOLLOWING TOO CLOSELY,REAR END,ELINGELBACHLNJORDANAVE,NONE
BLOOMINGTON PD,BLOOMINGTON,12/14/2019,8:20 AM,3,0,0,0,0,,,,S HENDERSON,E NORTH DR,,,,39.144848,-86.526848,LOCAL/CITY ROAD,N,URBAN,N,N,N,,DAYLIGHT,CLOUDY,WET,,FOUR-WAY INTERSECTION,STRAIGHT/LEVEL,ASPHALT,FAILURE TO YIELD RIGHT OF WAY,RIGHT ANGLE,NORTHDRSHENDERSONST,STOP SIGN
BLOOMINGTON PD,BLOOMINGTON,12/15/2019,5:28 PM,2,0,0,0,0,,,,S LIBERTY,SR 48,,,,0,0,LOCAL/CITY ROAD,Y,URBAN,N,N,N,,DARK (LIGHTED),SNOW,SNOW/SLUSH,,NO JUNCTION INVOLVED,STRAIGHT/LEVEL,ASPHALT,FOLLOWING TOO CLOSELY,REAR END,LIBERTYDRW3RDST,TRAFFIC CONTROL SIGNAL
INDIANA UNIV BLOOMINGTON PD,BLOOMINGTON,12/15/2019,5:38 PM,2,0,0,0,0,,,,SR 45/46,E 17TH ST,,,,39.17984,-86.507088,STATE ROAD,N,URBAN,N,N,N,,DARK (NOT LIGHTED),SNOW,SNOW/SLUSH,,T-INTERSECTION,CURVE/LEVEL,ASPHALT,SPEED TOO FAST FOR WEATHER CONDITIONS,REAR END,EAST17THSTSR46,TRAFFIC CONTROL SIGNAL
INDIANA UNIV BLOOMINGTON PD,BLOOMINGTON,12/15/2019,8:20 PM,2,0,0,0,0,,,,E 10TH,N JORDAN AVE,,,,,,LOCAL/CITY ROAD,N,URBAN,N,N,N,,DARK (LIGHTED),SNOW,SNOW/SLUSH,,NO JUNCTION INVOLVED,STRAIGHT/GRADE,ASPHALT,SPEED TOO FAST FOR WEATHER CONDITIONS,REAR END,10THSTJORDANAVE,LANE CONTROL
ISP BLOOMINGTON 33,BLOOMINGTON,12/15/2019,18:16 M,2,,0,0,0,,,,S OLD SR 37,SR 37,,10,N,39.08559502,-86.54250842,STATE ROAD,,RURAL,N,N,N,,DARK (NOT LIGHTED),SNOW,SNOW/SLUSH,,FOUR-WAY INTERSECTION,,ASPHALT,,RAN OFF ROAD,,
ELLETTSVILLE PD,ELLETTSVILLE,12/15/2019,5:43 PM,4,0,1,0,0,,,,SR 46,N CAPITOL AVE,,300,E,0,0,STATE ROAD,N,URBAN,N,N,N,,DARK (LIGHTED),SNOW,SNOW/SLUSH,,NO JUNCTION INVOLVED,STRAIGHT/LEVEL,ASPHALT,ROADWAY SURFACE CONDITION,OTHER - EXPLAIN IN NARRATIVE,NCAPITALAVESR46W,LANE CONTROL
BLOOMINGTON PD,BLOOMINGTON,12/15/2019,5:30 PM,2,0,0,0,0,,,,W BLOOMFIELD,S BASSWOOD DR,,300,E,0,0,LOCAL/CITY ROAD,N,URBAN,N,N,N,,DARK (NOT LIGHTED),SNOW,SNOW/SLUSH,,NO JUNCTION INVOLVED,CURVE/GRADE,ASPHALT,ROADWAY SURFACE CONDITION,SAME DIRECTION SIDESWIPE,SBASSWOODDRWBLOOMFIELDRD,NONE
INDIANA UNIV BLOOMINGTON PD,BLOOMINGTON,12/15/2019,6:00 AM,2,0,0,0,0,,,,E 17TH,N WALNUT GROVE ST,,,,39.17896,-86.521088,UNKNOWN,Y,URBAN,N,N,N,,DARK (LIGHTED),CLEAR,DRY,,NO JUNCTION INVOLVED,STRAIGHT/LEVEL,ASPHALT,OTHER (DRIVER) - EXPLAIN IN NARRATIVE,OTHER - EXPLAIN IN NARRATIVE,EAST17THSTWALNUTGROVEST,NONE
INDIANA UNIV BLOOMINGTON PD,BLOOMINGTON,12/15/2019,7:45 PM,2,0,0,0,0,,,,E 7TH,N JORDAN AVE,,,,39.168944,-86.516016,LOCAL/CITY ROAD,N,URBAN,N,N,N,,DARK (NOT LIGHTED),SNOW,SNOW/SLUSH,,FOUR-WAY INTERSECTION,STRAIGHT/GRADE,ASPHALT,SPEED TOO FAST FOR WEATHER CONDITIONS,REAR END,E7THSTJORDANAVE,STOP SIGN
MONROE SD,BLOOMINGTON,12/15/2019,6:00 PM,3,0,0,0,0,,,,E MOORES,S OLCOTT BLVD,,,,,,LOCAL/CITY ROAD,N,URBAN,N,N,N,,DARK (NOT LIGHTED),SNOW,SNOW/SLUSH,,T-INTERSECTION,STRAIGHT/GRADE,ASPHALT,FAILURE TO YIELD RIGHT OF WAY,OTHER - EXPLAIN IN NARRATIVE,MOORESPIKEOLCOTTBLVD,NONE
MONROE SD,BLOOMINGTON,12/15/2019,7:05 PM,2,0,0,0,0,,,,I-69 N,,,0,N,41.25258514,-85.0895301,INTERSTATE,Y,RURAL,N,N,N,,DARK (LIGHTED),SNOW,SNOW/SLUSH,,NO JUNCTION INVOLVED,STRAIGHT/LEVEL,ASPHALT,SPEED TOO FAST FOR WEATHER CONDITIONS,RAN OFF ROAD,I69N121.0,NONE
ISP BLOOMINGTON 33,BLOOMINGTON,12/15/2019,18:10 M,10,,2,0,0,,,,I-69 S,,,739,N,39.2992861,-86.51849061,INTERSTATE,,RURAL,N,N,N,,DARK (NOT LIGHTED),SNOW,ICE,,NO JUNCTION INVOLVED,,ASPHALT,SPEED TOO FAST FOR WEATHER CONDITIONS,SAME DIRECTION SIDESWIPE,,
BLOOMINGTON PD,BLOOMINGTON,12/15/2019,5:30 PM,2,0,1,0,0,,,,I-69 S,,,500,S,0,0,INTERSTATE,N,URBAN,N,N,N,,DARK (LIGHTED),BLOWING SAND/SOIL/SNOW,SNOW/SLUSH,,NO JUNCTION INVOLVED,CURVE/GRADE,ASPHALT,SPEED TOO FAST FOR WEATHER CONDITIONS,REAR END,I69SWSTATEROAD4546BYP,NONE
INDIANA UNIV BLOOMINGTON PD,BLOOMINGTON,12/15/2019,12:14 PM,2,0,0,0,0,,,,N INDIANA,E 4TH ST,,,,,,LOCAL/CITY ROAD,N,URBAN,N,N,N,,DAYLIGHT,CLEAR,DRY,,T-INTERSECTION,STRAIGHT/LEVEL,ASPHALT,IMPROPER TURNING,LEFT TURN,FOURTHSTINDIANAAVE,NONE
ELLETTSVILLE PD,ELLETTSVILLE,12/15/2019,5:32 PM,2,0,0,0,0,,,,N UNION VALLEY,N WILLOW BEND,,,,,,COUNTY ROAD,N,RURAL,N,N,N,,DARK (LIGHTED),SNOW,SNOW/SLUSH,,NO JUNCTION INVOLVED,STRAIGHT/GRADE,ASPHALT,ROADWAY SURFACE CONDITION,OPPOSITE DIRECTION SIDESWIPE,UNIONVALLERDWILLOWBND,NONE