Agency,City,Collision Date,Collision Time,Vehicles Involved,Trailers Involved,Number Injured,Number Dead,Number Deer,House Number,Roadway Interchange,Roadway Ramp,Roadway Id,Intersecting Road,Interchange,Feet From,Direction,Latitude,Longitude,Roadway Class,Hit and Run?,Locality,School Zone?,Rumble Strips?,Construction?,Construction Type,Light Condition,Weather Conditions,Surface Condition,Type of Median,Roadway Junction Type,Road Character,Roadway Surface,Primary Factor,Manner of Collision,Unique Location Id,Traffic Control
MONROE SD,BLOOMINGTON,12/15/2019,6:26 PM,1,0,0,0,0,,,,S BURCH,W EVANS RD,,,,39.079552,-86.666592,LOCAL/CITY ROAD,N,RURAL,N,N,N,,DARK (NOT LIGHTED),SNOW,SNOW/SLUSH,,NO JUNCTION INVOLVED,CURVE/GRADE,ASPHALT,RAN OFF ROAD RIGHT,RAN OFF ROAD,SBURCHRDWEVANSRD,NONE
BLOOMINGTON PD,BLOOMINGTON,12/15/2019,5:15 PM,1,0,0,0,0,,,,S CURRY,INDUSTRIAL BLVD,,,,0,0,LOCAL/CITY ROAD,N,URBAN,N,N,N,,DAWN/DUSK,SNOW,ICE,,T-INTERSECTION,STRAIGHT/LEVEL,ASPHALT,ROADWAY SURFACE CONDITION,RAN OFF ROAD,SCURRYPIKEWINDUSTRIALBLVD,NONE
MONROE SD,BLOOMINGTON,12/15/2019,5:55 PM,2,0,0,0,0,,,,S FAIRFAX,E MOFFETT LN,,,,,,LOCAL/CITY ROAD,N,RURAL,N,N,N,,DARK (NOT LIGHTED),SNOW,SNOW/SLUSH,,T-INTERSECTION,STRAIGHT/GRADE,ASPHALT,SPEED TOO FAST FOR WEATHER CONDITIONS,OTHER - EXPLAIN IN NARRATIVE,FAIRFAXRDMOFFETTRD,STOP SIGN
MONROE SD,BLOOMINGTON,12/15/2019,5:54 PM,1,0,0,0,0,,,,S HARMONY,,,900,S,39.086544,-86.6384,LOCAL/CITY ROAD,N,RURAL,N,N,N,,DARK (NOT LIGHTED),SNOW,SNOW/SLUSH,,NO JUNCTION INVOLVED,STRAIGHT/GRADE,ASPHALT,RAN OFF ROAD RIGHT,RAN OFF ROAD,SHARMONYRDWKIRKSVILLERD,NO PASSING ZONE
MONROE SD,BLOOMINGTON,12/15/2019,8:28 PM,1,0,0,0,0,4585,,,S OLD SR 37,,,,,39.064288,-86.541328,LOCAL/CITY ROAD,N,RURAL,N,N,N,,DARK (NOT LIGHTED),SLEET/HAIL/FREEZING RAIN,SNOW/SLUSH,,NO JUNCTION INVOLVED,STRAIGHT/GRADE,ASPHALT,ROADWAY SURFACE CONDITION,RAN OFF ROAD,SOLDSTATE37RD,NONE
INDIANA UNIV BLOOMINGTON PD,BLOOMINGTON,12/15/2019,5:40 PM,2,0,0,0,0,,,,S UNION,E 3RD ST,,,,,,LOCAL/CITY ROAD,N,URBAN,N,N,N,,DARK (LIGHTED),SNOW,SNOW/SLUSH,,T-INTERSECTION,STRAIGHT/LEVEL,ASPHALT,SPEED TOO FAST FOR WEATHER CONDITIONS,REAR END,THIRDSTUNIONST,STOP SIGN
MONROE SD,BLOOMINGTON,12/15/2019,6:26 PM,3,0,0,0,0,,,,SR 48,S GARRISON CHAPEL RD,,,,39.163552,-86.649696,STATE ROAD,N,RURAL,N,N,N,,DARK (NOT LIGHTED),BLOWING SAND/SOIL/SNOW,ICE,,NO JUNCTION INVOLVED,STRAIGHT/HILLCREST,ASPHALT,SPEED TOO FAST FOR WEATHER CONDITIONS,REAR END,SGARRISONCHAPELRDSR48W,NONE
BLOOMINGTON PD,BLOOMINGTON,12/15/2019,7:44 PM,2,0,0,0,0,,,,W BLOOMFIELD,S ROLLING RIDGE WAY,,,,0,0,LOCAL/CITY ROAD,Y,URBAN,N,N,N,,DARK (LIGHTED),SNOW,SNOW/SLUSH,,FOUR-WAY INTERSECTION,STRAIGHT/GRADE,CONCRETE,FOLLOWING TOO CLOSELY,REAR END,SROLLINGRIDGEWAYWBLOOMFIELDRD,TRAFFIC CONTROL SIGNAL
BLOOMINGTON PD,BLOOMINGTON,12/15/2019,5:25 PM,2,0,0,0,0,,,,W KIRKWOOD,S GENTRY ST,,,,0,0,LOCAL/CITY ROAD,N,URBAN,N,N,N,,DARK (NOT LIGHTED),SNOW,SNOW/SLUSH,,T-INTERSECTION,STRAIGHT/GRADE,ASPHALT,FAILURE TO YIELD RIGHT OF WAY,SAME DIRECTION SIDESWIPE,SOUTHGENTRYSTWESTKIRKWOODAVE,LANE CONTROL
MONROE SD,ELLETTSVILLE,12/16/2019,12:40 PM,2,0,0,0,0,,,,SR 46,N SMITH PIKE,,60,S,39.21004013,-86.58303555,STATE ROAD,N,URBAN,N,N,N,,DAYLIGHT,SLEET/HAIL/FREEZING RAIN,WET,,FOUR-WAY INTERSECTION,STRAIGHT/LEVEL,ASPHALT,FAILURE TO YIELD RIGHT OF WAY,RIGHT ANGLE,NSMITHPIKESR46W,NONE
BLOOMINGTON PD,BLOOMINGTON,12/16/2019,12:14 PM,2,0,0,0,0,,,,N MORTON,W 9TH ST,,,,39.170544,-86.536,LOCAL/CITY ROAD,N,URBAN,N,N,N,,DAYLIGHT,CLOUDY,WET,,T-INTERSECTION,STRAIGHT/LEVEL,ASPHALT,FAILURE TO YIELD RIGHT OF WAY,OPPOSITE DIRECTION SIDESWIPE,9THSTMORTONST,LANE CONTROL
INDIANA UNIV BLOOMINGTON PD,BLOOMINGTON,12/16/2019,10:05 PM,1,0,0,0,0,,,,N JORDAN,E 10TH ST,,,,,,LOCAL/CITY ROAD,N,URBAN,N,N,N,,DARK (NOT LIGHTED),SLEET/HAIL/FREEZING RAIN,WET,,FOUR-WAY INTERSECTION,STRAIGHT/LEVEL,ASPHALT,PEDESTRIAN ACTION,LEFT TURN,JORDANAVETENTHST,TRAFFIC CONTROL SIGNAL
BLOOMINGTON PD,BLOOMINGTON,12/16/2019,1:45 AM,1,0,0,0,0,,,,N WALNUT,W OLD SR 37,,681,S,39.20704,-86.534704,LOCAL/CITY ROAD,Y,URBAN,N,N,N,,DARK (NOT LIGHTED),SNOW,SNOW/SLUSH,,NO JUNCTION INVOLVED,STRAIGHT/GRADE,ASPHALT,SPEED TOO FAST FOR WEATHER CONDITIONS,RAN OFF ROAD,NWALNUTSTOLDSTATEROAD37RD,LANE CONTROL
BLOOMINGTON PD,BLOOMINGTON,12/16/2019,12:34 PM,1,0,1,0,1,,,,W BLOOMFIELD,S BASSWOOD DR,,2000,E,0,0,LOCAL/CITY ROAD,N,URBAN,N,N,N,,DAYLIGHT,SNOW,SNOW/SLUSH,,NO JUNCTION INVOLVED,CURVE/GRADE,ASPHALT,ANIMAL/OBJECT IN ROADWAY,COLLISION WITH DEER,SBASSWOODDRWBLOOMFIELDRD,NONE
ISP BLOOMINGTON 33,BLOOMINGTON,12/16/2019,15:35 M,1,,0,0,0,,,,I-69 N,,,106,N,39.30421452,-86.51671118,INTERSTATE,,RURAL,N,N,N,,DAYLIGHT,SLEET/HAIL/FREEZING RAIN,SNOW/SLUSH,,NO JUNCTION INVOLVED,,ASPHALT,SPEED TOO FAST FOR WEATHER CONDITIONS,OTHER - EXPLAIN IN NARRATIVE,,
MONROE SD,BLOOMINGTON,12/16/2019,4:09 PM,1,0,0,0,0,,,,I-69 N,,,,,,,STATE ROAD,N,RURAL,N,Y,N,,DAYLIGHT,SLEET/HAIL/FREEZING RAIN,SNOW/SLUSH,,NO JUNCTION INVOLVED,CURVE/LEVEL,ASPHALT,RAN OFF ROAD RIGHT,RAN OFF ROAD,NORMANDERSONRDSR37,NONE
MONROE SD,BLOOMINGTON,12/16/2019,5:45 PM,2,1,1,0,0,,,,I-69 N,,,100,S,0,0,INTERSTATE,N,RURAL,N,Y,N,,DARK (NOT LIGHTED),SLEET/HAIL/FREEZING RAIN,WET,,NO JUNCTION INVOLVED,STRAIGHT/LEVEL,ASPHALT,OTHER (DRIVER) - EXPLAIN IN NARRATIVE,SAME DIRECTION SIDESWIPE,I69NNWALNUTST,NONE
MONROE SD,BLOOMINGTON,12/16/2019,5:36 PM,1,0,0,0,0,,,,I-69 N,,,100,S,41.26694387,-85.08665186,INTERSTATE,N,RURAL,N,Y,N,,DARK (NOT LIGHTED),SLEET/HAIL/FREEZING RAIN,SNOW/SLUSH,,NO JUNCTION INVOLVED,STRAIGHT/LEVEL,ASPHALT,RAN OFF ROAD RIGHT,RAN OFF ROAD,I69N122.0,NONE
MONROE SD,ELLETTSVILLE,12/16/2019,7:58 AM,1,0,0,0,0,,,,N THOMAS,,,3000,S,39.231152,-86.6308,COUNTY ROAD,N,RURAL,N,N,N,,DAYLIGHT,SNOW,SNOW/SLUSH,,NO JUNCTION INVOLVED,STRAIGHT/HILLCREST,ASPHALT,RAN OFF ROAD RIGHT,RAN OFF ROAD,NTHOMASRDSALEST,NONE
BLOOMINGTON PD,BLOOMINGTON,12/16/2019,12:26 PM,2,0,0,0,0,,,,S COLLEGE MALL,ENTRANCE TO JACKSON CREEK SHOPPING CENTER,,,,,,LOCAL/CITY ROAD,N,URBAN,N,N,N,,DAYLIGHT,CLOUDY,WET,,T-INTERSECTION,STRAIGHT/GRADE,ASPHALT,FAILURE TO YIELD RIGHT OF WAY,OPPOSITE DIRECTION SIDESWIPE,COLLEGEMALLRDENTRANCETOKROGERDR,STOP SIGN
BLOOMINGTON PD,BLOOMINGTON,12/16/2019,3:05 PM,2,0,0,0,0,,,,W 7TH,S DUNN ST,,,,39.16864,-86.528224,LOCAL/CITY ROAD,Y,,N,N,N,,DAYLIGHT,RAIN,WET,,FOUR-WAY INTERSECTION,STRAIGHT/LEVEL,ASPHALT,DISREGARD SIGNAL/REG SIGN,OTHER - EXPLAIN IN NARRATIVE,SDUNNSTW7THST,STOP SIGN
BLOOMINGTON PD,BLOOMINGTON,12/17/2019,12:09 PM,2,0,0,0,0,,,,SR 46,KINGSTON DR S,,,,39.16424,-86.492944,LOCAL/CITY ROAD,N,URBAN,N,N,N,,DAYLIGHT,CLEAR,DRY,,FOUR-WAY INTERSECTION,STRAIGHT/LEVEL,ASPHALT,DISREGARD SIGNAL/REG SIGN,RIGHT ANGLE,3RDSTKINGSTONDR,TRAFFIC CONTROL SIGNAL
BLOOMINGTON PD,BLOOMINGTON,12/17/2019,1:04 PM,2,0,2,0,0,,,,S WALNUT,W GRIMES LN,,,,39.15344,-86.5336,LOCAL/CITY ROAD,N,URBAN,N,N,N,,DAYLIGHT,CLOUDY,WET,,FOUR-WAY INTERSECTION,STRAIGHT/GRADE,ASPHALT,FAILURE TO YIELD RIGHT OF WAY,RIGHT ANGLE,GRIMESLNWALNUTST,TRAFFIC CONTROL SIGNAL
INDIANA UNIV BLOOMINGTON PD,BLOOMINGTON,12/17/2019,1:28 PM,2,0,1,0,0,,,,SR 45/46,E 17TH ST,,,,39.17984,-86.507088,STATE ROAD,N,URBAN,N,N,N,,DAYLIGHT,CLEAR,WET,,T-INTERSECTION,STRAIGHT/LEVEL,ASPHALT,FAILURE TO YIELD RIGHT OF WAY,LEFT TURN,EAST17THSTSR46,TRAFFIC CONTROL SIGNAL
ELLETTSVILLE PD,ELLETTSVILLE,12/17/2019,7:00 AM,1,0,0,0,0,,,,N MATTHEWS,SR 46,,,,39.236096,-86.625168,LOCAL/CITY ROAD,N,URBAN,N,N,N,,DAWN/DUSK,SNOW,SNOW/SLUSH,,NO JUNCTION INVOLVED,CURVE/LEVEL,ASPHALT,ROADWAY SURFACE CONDITION,RAN OFF ROAD,MAINSTMATTHEWSDRIVEDR,NONE
MONROE SD,BLOOMINGTON,12/17/2019,6:13 PM,3,0,0,0,0,,,,SR 37,S VICTOR PIKE,,,,39.105552,-86.551104,STATE ROAD,N,URBAN,N,Y,N,,DARK (LIGHTED),CLEAR,WET,,FOUR-WAY INTERSECTION,STRAIGHT/LEVEL,ASPHALT,DISREGARD SIGNAL/REG SIGN,RIGHT ANGLE,SR37SVICTORPIKE,NONE
INDIANA UNIV BLOOMINGTON PD,BLOOMINGTON,12/17/2019,3:00 PM,2,0,0,0,0,,,,E 10TH,N FEE LN,,,,,,LOCAL/CITY ROAD,N,URBAN,N,N,N,,DAYLIGHT,CLEAR,WET,,T-INTERSECTION,STRAIGHT/LEVEL,ASPHALT,FOLLOWING TOO CLOSELY,REAR END,FEELNTENTHST,TRAFFIC CONTROL SIGNAL
MONROE SD,BLOOMINGTON,12/17/2019,2:39 PM,1,0,0,0,0,,,,N MT TABOR,N BOTTOM RD,,,,39.310944,-86.633184,LOCAL/CITY ROAD,N,URBAN,N,N,N,,DAYLIGHT,CLEAR,LOOSE MATERIAL ON ROAD,,T-INTERSECTION,CURVE/LEVEL,ASPHALT,RAN OFF ROAD RIGHT,RAN OFF ROAD,NBOTTOMRDNMTTABORRD,NONE
BLOOMINGTON PD,BLOOMINGTON,12/17/2019,3:45 AM,2,0,0,0,0,,,,S HENDERSON,E MILLER DR,,200,S,,,LOCAL/CITY ROAD,N,URBAN,N,N,N,,DARK (LIGHTED),SNOW,SNOW/SLUSH,,NO JUNCTION INVOLVED,STRAIGHT/LEVEL,ASPHALT,DISREGARD SIGNAL/REG SIGN,RIGHT ANGLE,HENDERSONSTMILLERDR,STOP SIGN
BLOOMINGTON PD,BLOOMINGTON,12/17/2019,7:05 AM,1,0,0,0,0,,,,S LEONARD SPRINGS,W HEATHERWOOD LN,,,,0,0,LOCAL/CITY ROAD,N,URBAN,N,N,N,,DARK (NOT LIGHTED),SNOW,SNOW/SLUSH,,T-INTERSECTION,STRAIGHT/GRADE,ASPHALT,ROADWAY SURFACE CONDITION,RAN OFF ROAD,SLEONARDSPRINGSRDWHEATHERWOODLN,NONE
BLOOMINGTON PD,BLOOMINGTON,12/17/2019,10:55 AM,3,0,0,0,0,,,,S LEONARD SPRINGS,W MAYBURY MALL  ,,,,0,0,LOCAL/CITY ROAD,N,URBAN,N,N,N,,DAYLIGHT,CLEAR,WET,,T-INTERSECTION,STRAIGHT/LEVEL,ASPHALT,FOLLOWING TOO CLOSELY,OTHER - EXPLAIN IN NARRATIVE,SLEONARDSPRINGSRDWMAYBERRYMALLST,NONE
MONROE SD,BLOOMINGTON,12/17/2019,12:24 PM,2,0,4,0,0,,,,S ROCKPORT,S HARMONY RD,,450,N,39.05024,-86.609104,LOCAL/CITY ROAD,N,RURAL,N,N,N,,DAYLIGHT,CLEAR,ICE,,NO JUNCTION INVOLVED,CURVE/GRADE,ASPHALT,LEFT OF CENTER,HEAD ON BETWEEN TWO MOTOR VEHICLES,SHARMONYRDSROCKPORTRD,NONE
MONROE SD,BLOOMINGTON,12/17/2019,7:21 AM,1,0,0,0,0,,,,S SHIELDS RIDGE,E RAMP CREEK RD,,1000,S,0,0,COUNTY ROAD,N,RURAL,N,N,N,,DAWN/DUSK,SNOW,SNOW/SLUSH,,INTERCHANGE,CURVE/LEVEL,ASPHALT,RAN OFF ROAD RIGHT,RAN OFF ROAD,ERAMPCREEKRDSSHIELDSRIDGERD,NO PASSING ZONE
ISP BLOOMINGTON 33,BLOOMINGTON,12/17/2019,08:45 M,1,,0,0,0,,,,SR 446,S KNIGHTRIDGE RD,,0,S,39.144198,-86.466874,STATE ROAD,,RURAL,N,N,N,,DAYLIGHT,SNOW,SNOW/SLUSH,,NO JUNCTION INVOLVED,,ASPHALT,UNSAFE SPEED,RAN OFF ROAD,,
MONROE SD,ELLETTSVILLE,12/17/2019,8:30 PM,1,0,0,0,0,9315,,,SR 46,N SISCOE LN,,240,S,39.281192,-86.682704,UNKNOWN,Y,RURAL,N,N,N,,DARK (NOT LIGHTED),CLEAR,DRY,,NO JUNCTION INVOLVED,CURVE/GRADE,ASPHALT,RAN OFF ROAD RIGHT,RAN OFF ROAD,WSTATEROAD46RD,NONE
MONROE SD,BLOOMINGTON,12/17/2019,9:25 AM,2,0,0,0,0,,,,SR 48,S FIELDSTONE BLVD,,,,39.164848,-86.602112,STATE ROAD,N,URBAN,N,N,N,,DAYLIGHT,CLOUDY,ICE,,T-INTERSECTION,STRAIGHT/GRADE,ASPHALT,FOLLOWING TOO CLOSELY,REAR END,FIELDSTONEBLVDSR48W,STOP SIGN
ISP BLOOMINGTON 33,BLOOMINGTON,12/18/2019,16:55 M,3,,0,0,0,,,,SR 48,I-69,,264,W,39.16452978,-86.57382882,STATE ROAD,,URBAN,N,N,N,,DAYLIGHT,CLEAR,DRY,,RAMP,,CONCRETE,FAILURE TO YIELD RIGHT OF WAY,LEFT TURN,,
BLOOMINGTON PD,BLOOMINGTON,12/18/2019,3:00 PM,2,0,0,0,0,,,,W BLOOMFIELD,I-69,Y,,,0,0,LOCAL/CITY ROAD,Y,URBAN,N,N,N,,DAYLIGHT,CLEAR,DRY,,FOUR-WAY INTERSECTION,STRAIGHT/LEVEL,CONCRETE,FAILURE TO YIELD RIGHT OF WAY,SAME DIRECTION SIDESWIPE,SOUTHINTERSTATE69RAMPWESTBLOOMFIELDRD,TRAFFIC CONTROL SIGNAL
BLOOMINGTON PD,BLOOMINGTON,12/18/2019,1:22 AM,1,0,0,0,0,,,,I-69 S,W TAPP RD,Y,400,S,,,INTERSTATE,N,URBAN,N,N,N,,DARK (NOT LIGHTED),CLOUDY,WET,,NO JUNCTION INVOLVED,STRAIGHT/LEVEL,CONCRETE,DRIVER ASLEEP OR FATIGUED,RAN OFF ROAD,I69STAPPRD,NONE
INDIANA UNIV BLOOMINGTON PD,BLOOMINGTON,12/18/2019,12:19 PM,2,0,0,0,0,,,,S SWAIN,E 3RD ST,,,,,,LOCAL/CITY ROAD,N,URBAN,N,N,N,,DAYLIGHT,CLEAR,DRY,,T-INTERSECTION,STRAIGHT/GRADE,ASPHALT,FOLLOWING TOO CLOSELY,REAR END,SWAINAVETHIRDST,NONE
BLOOMINGTON PD,BLOOMINGTON,12/18/2019,10:05 PM,3,0,0,0,0,,,,W 3RD,S LANDMARK AVE,,,,,,LOCAL/CITY ROAD,N,URBAN,N,N,N,,DARK (LIGHTED),CLEAR,DRY,,FOUR-WAY INTERSECTION,STRAIGHT/GRADE,ASPHALT,FOLLOWING TOO CLOSELY,REAR END,3RDSTLANDMARKAVE,TRAFFIC CONTROL SIGNAL
MONROE SD,BLOOMINGTON,12/18/2019,7:23 AM,2,0,0,0,0,,,,E SMITHVILLE,SR 37,,,,39.16424,-86.480688,COUNTY ROAD,N,RURAL,N,N,N,,DAYLIGHT,CLEAR,LOOSE MATERIAL ON ROAD,,NO JUNCTION INVOLVED,STRAIGHT/GRADE,ASPHALT,FOLLOWING TOO CLOSELY,REAR TO REAR,ESMITHVILLERDSR37S,LANE CONTROL
MONROE SD,BLOOMINGTON,12/18/2019,1:50 PM,2,0,0,0,0,,,,S VICTOR,SR 37,,,,39.105552,-86.551104,COUNTY ROAD,N,RURAL,N,N,N,,DAYLIGHT,CLEAR,DRY,,FOUR-WAY INTERSECTION,STRAIGHT/LEVEL,ASPHALT,FOLLOWING TOO CLOSELY,REAR END,SVICTORPIKERDSOUTHSTATEROAD37RD,NONE
BLOOMINGTON PD,BLOOMINGTON,12/18/2019,2:49 PM,2,0,0,0,0,,,,E 17TH,N LINCOLN ST,,,,39.17904,-86.530848,LOCAL/CITY ROAD,N,URBAN,N,N,N,,DAYLIGHT,CLEAR,DRY,,FOUR-WAY INTERSECTION,STRAIGHT/GRADE,ASPHALT,FAILURE TO YIELD RIGHT OF WAY,RIGHT ANGLE,E17THSTNLINCOLNST,STOP SIGN
INDIANA UNIV BLOOMINGTON PD,BLOOMINGTON,12/18/2019,8:30 AM,2,0,0,0,0,,,,E LINGELBACH,N JORDAN AVE,,,,39.177248,-86.512496,LOCAL/CITY ROAD,N,URBAN,N,N,N,,DAYLIGHT,CLOUDY,DRY,,T-INTERSECTION,STRAIGHT/LEVEL,ASPHALT,FAILURE TO YIELD RIGHT OF WAY,RIGHT ANGLE,JORDANAVELINGELBACHLN,STOP SIGN
MONROE SD,BLOOMINGTON,12/18/2019,4:50 AM,1,0,0,0,1,,,,S WALNUT,W WAYSIDE DR,,600,N,0,0,LOCAL/CITY ROAD,N,URBAN,N,N,N,,DARK (LIGHTED),CLEAR,DRY,,NO JUNCTION INVOLVED,STRAIGHT/GRADE,ASPHALT,ANIMAL/OBJECT IN ROADWAY,COLLISION WITH DEER,SOLD37RDWAYSIDEDR,LANE CONTROL
BLOOMINGTON PD,BLOOMINGTON,12/19/2019,6:40 AM,2,0,1,0,0,,,,N WALNUT,SR 45/46,,,,39.186368,-86.5344,STATE ROAD,Y,URBAN,N,N,N,,DARK (LIGHTED),CLEAR,DRY,,NO JUNCTION INVOLVED,STRAIGHT/LEVEL,ASPHALT,DISREGARD SIGNAL/REG SIGN,RIGHT ANGLE,NWALNUTSTSR4546E,TRAFFIC CONTROL SIGNAL
BLOOMINGTON PD,BLOOMINGTON,12/19/2019,2:49 PM,2,0,0,0,0,,,,W 3RD,S LANDMARK AVE,,,,0,0,LOCAL/CITY ROAD,N,URBAN,N,N,N,,DAYLIGHT,CLEAR,DRY,,FOUR-WAY INTERSECTION,STRAIGHT/LEVEL,ASPHALT,FAILURE TO YIELD RIGHT OF WAY,SAME DIRECTION SIDESWIPE,LANDMARKAVEW3RDST,TRAFFIC CONTROL SIGNAL
MONROE SD,BLOOMINGTON,12/19/2019,4:42 PM,2,0,0,0,0,,,,DANIELS,W ZENITH DR,,,,,,LOCAL/CITY ROAD,N,URBAN,N,N,N,,DAYLIGHT,CLEAR,DRY,,T-INTERSECTION,STRAIGHT/LEVEL,ASPHALT,FAILURE TO YIELD RIGHT OF WAY,RIGHT ANGLE,DANIELSWAYZENITHDR,NONE
BLOOMINGTON PD,BLOOMINGTON,12/19/2019,3:20 PM,2,0,0,0,0,,,,E 16TH,N DUNN ST,,50,W,0,0,LOCAL/CITY ROAD,Y,URBAN,N,N,N,,DAYLIGHT,CLEAR,DRY,,NO JUNCTION INVOLVED,STRAIGHT/GRADE,ASPHALT,,BACKING CRASH,E16THSTNDUNNST,NONE
BLOOMINGTON PD,BLOOMINGTON,12/19/2019,7:07 PM,2,0,0,0,0,,,,S HENDERSON,E GRIMES LN,,,,0,0,LOCAL/CITY ROAD,N,URBAN,N,N,N,,DARK (LIGHTED),CLEAR,DRY,,FOUR-WAY INTERSECTION,STRAIGHT/LEVEL,ASPHALT,FAILURE TO YIELD RIGHT OF WAY,RIGHT ANGLE,EGRIMESLNSHENDERSONST,STOP SIGN
ISP BLOOMINGTON 33,BLOOMINGTON,12/19/2019,07:15 M,2,,0,0,0,,,,S ROCKPORT,W TAPP RD,,0,S,39.136335,-86.548732,LOCAL/CITY ROAD,,RURAL,N,N,N,,DARK (LIGHTED),CLEAR,DRY,,FOUR-WAY INTERSECTION,,ASPHALT,FAILURE TO YIELD RIGHT OF WAY,RIGHT ANGLE,,
INDIANA UNIV BLOOMINGTON PD,BLOOMINGTON,12/19/2019,5:17 PM,2,0,0,0,0,,,,S ROSE,E JONES AVE,,200,N,0,0,LOCAL/CITY ROAD,N,URBAN,N,N,N,,DAYLIGHT,CLEAR,DRY,,NO JUNCTION INVOLVED,STRAIGHT/GRADE,ASPHALT,FAILURE TO YIELD RIGHT OF WAY,LEFT TURN,EJONESAVESROSEAVE,NONE
BLOOMINGTON PD,BLOOMINGTON,12/19/2019,6:50 PM,2,0,0,0,0,,,,S WALNUT,W 2ND ST,,100,S,0,0,LOCAL/CITY ROAD,N,URBAN,N,N,N,,DARK (LIGHTED),CLEAR,DRY,,FOUR-WAY INTERSECTION,STRAIGHT/LEVEL,ASPHALT,FOLLOWING TOO CLOSELY,REAR END,SWALNUTSTW2NDST,TRAFFIC CONTROL SIGNAL
MONROE SD,BLOOMINGTON,12/19/2019,6:17 AM,2,0,0,0,0,,,,W FAIRINGTON,S LEONARD SPRINGS RD,,1100,E,39.13614401,-86.57861661,LOCAL/CITY ROAD,N,URBAN,N,N,N,,DARK (NOT LIGHTED),CLEAR,DRY,,NO JUNCTION INVOLVED,STRAIGHT/LEVEL,ASPHALT,UNSAFE BACKING,BACKING CRASH,FAIRINGTONDRLEONARDSPRINGSRD,NONE
INDIANA UNIV BLOOMINGTON PD,BLOOMINGTON,12/20/2019,5:45 PM,2,0,0,0,0,,,,E 10TH,N WOODLAWN AVE,,,,39.171632,-86.523536,LOCAL/CITY ROAD,N,URBAN,N,N,N,,DARK (LIGHTED),CLEAR,DRY,,FOUR-WAY INTERSECTION,STRAIGHT/LEVEL,ASPHALT,FAILURE TO YIELD RIGHT OF WAY,LEFT TURN,10THSTWOODLAWNAVE,TRAFFIC CONTROL SIGNAL
BLOOMINGTON PD,BLOOMINGTON,12/20/2019,10:30 AM,2,0,0,0,0,,,,S COLLEGE,W 1ST ST,,,,39.17688,-86.534736,LOCAL/CITY ROAD,N,URBAN,N,N,N,,DAYLIGHT,CLEAR,DRY,,T-INTERSECTION,STRAIGHT/LEVEL,ASPHALT,IMPROPER TURNING,LEFT TURN,SCOLLEGEAVEW1STST,TRAFFIC CONTROL SIGNAL
ISP BLOOMINGTON 33,BLOOMINGTON,12/20/2019,16:43 M,2,,0,0,0,,,,SR 37,S VICTOR PIKE,,500,N,39.10612564,-86.55222363,STATE ROAD,,RURAL,N,N,N,,DAWN/DUSK,CLOUDY,DRY,,NO JUNCTION INVOLVED,,ASPHALT,DRIVER DISTRACTED - EXPLAIN IN NARRATIVE,REAR END,,
BLOOMINGTON PD,BLOOMINGTON,12/20/2019,7:12 PM,2,0,0,0,0,,,,W KIRKWOOD,S ADAMS ST,,,,0,0,LOCAL/CITY ROAD,N,URBAN,N,N,N,,DARK (LIGHTED),CLEAR,DRY,,FOUR-WAY INTERSECTION,CURVE/GRADE,ASPHALT,IMPROPER LANE USAGE,SAME DIRECTION SIDESWIPE,SADAMSSTWKIRKWOODAVE,TRAFFIC CONTROL SIGNAL
BLOOMINGTON PD,BLOOMINGTON,12/20/2019,6:28 PM,2,0,0,0,0,,,,N INDIANA,E 7TH ST,,,,39.16864,-86.526944,LOCAL/CITY ROAD,N,URBAN,N,N,N,,DARK (LIGHTED),CLEAR,DRY,,FOUR-WAY INTERSECTION,STRAIGHT/LEVEL,ASPHALT,DISREGARD SIGNAL/REG SIGN,OTHER - EXPLAIN IN NARRATIVE,E7THSTNINDIANAAVE,STOP SIGN
ELLETTSVILLE PD,ELLETTSVILLE,12/20/2019,9:10 PM,1,0,0,0,1,,,,SR 46,N JACCOB ST,,500,E,0,0,STATE ROAD,N,URBAN,N,N,N,,DARK (LIGHTED),CLEAR,DRY,,NO JUNCTION INVOLVED,STRAIGHT/LEVEL,ASPHALT,ANIMAL/OBJECT IN ROADWAY,COLLISION WITH DEER,NJACOBSTSR46W,LANE CONTROL
ISP BLOOMINGTON 33,BLOOMINGTON,12/20/2019,12:26 M,1,,0,0,0,7559,,,SR 48,,,0,S,39.16368759,-86.63862015,STATE ROAD,,RURAL,N,N,N,,DAYLIGHT,CLEAR,DRY,,NO JUNCTION INVOLVED,,ASPHALT,ANIMAL/OBJECT IN ROADWAY,RAN OFF ROAD,,
BLOOMINGTON PD,BLOOMINGTON,12/20/2019,3:04 AM,2,0,0,0,0,,,,W 11TH,W FOUNTAIN DR,,,,,,LOCAL/CITY ROAD,N,URBAN,N,N,N,,DAYLIGHT,CLEAR,DRY,,NO JUNCTION INVOLVED,STRAIGHT/LEVEL,ASPHALT,UNSAFE LANE MOVEMENT,OTHER - EXPLAIN IN NARRATIVE,11THSTFOUNTAINDR,NONE
BLOOMINGTON PD,BLOOMINGTON,12/20/2019,12:12 AM,2,0,0,0,0,,,,W ARCH HAVEN,S LANDMARK AVE,,100,E,0,0,LOCAL/CITY ROAD,N,URBAN,N,N,N,,DAYLIGHT,CLEAR,DRY,,NO JUNCTION INVOLVED,STRAIGHT/LEVEL,ASPHALT,UNSAFE BACKING,BACKING CRASH,SLANDMARKAVEWARCHHAVENDR,NONE