Agency,City,Collision Date,Collision Time,Vehicles Involved,Trailers Involved,Number Injured,Number Dead,Number Deer,House Number,Roadway Interchange,Roadway Ramp,Roadway Id,Intersecting Road,Interchange,Feet From,Direction,Latitude,Longitude,Roadway Class,Hit and Run?,Locality,School Zone?,Rumble Strips?,Construction?,Construction Type,Light Condition,Weather Conditions,Surface Condition,Type of Median,Roadway Junction Type,Road Character,Roadway Surface,Primary Factor,Manner of Collision,Unique Location Id,Traffic Control
ISP BLOOMINGTON 33,BLOOMINGTON,12/20/2019,11:40 M,1,,0,0,0,,,,W GIFFORD,S APPLE TREE PL,,950,E,39.15469348,-86.58629385,LOCAL/CITY ROAD,,URBAN,N,N,N,,DAYLIGHT,CLEAR,DRY,,NO JUNCTION INVOLVED,,ASPHALT,,RAN OFF ROAD,,
MONROE SD,BLOOMINGTON,12/21/2019,2:50 PM,2,0,0,0,0,,,,S ORCHARD,S WALNUT ST,,,,0,0,COUNTY ROAD,N,RURAL,N,N,N,,DAYLIGHT,CLEAR,DRY,,NO JUNCTION INVOLVED,STRAIGHT/HILLCREST,ASPHALT,FOLLOWING TOO CLOSELY,REAR END,ORCHARDLNWALNUTST,NONE
INDIANA UNIV BLOOMINGTON PD,BLOOMINGTON,12/21/2019,4:15 PM,2,0,0,0,0,,,,E 3RD,S MITCHELL ST,,,,,,LOCAL/CITY ROAD,N,URBAN,N,N,N,,DAYLIGHT,CLEAR,DRY,,Y-INTERSECTION,STRAIGHT/LEVEL,ASPHALT,UNSAFE LANE MOVEMENT,SAME DIRECTION SIDESWIPE,MITCHELLSTTHIRDST,NONE
MONROE SD,BLOOMINGTON,12/21/2019,11:44 PM,1,0,0,0,0,,,,E NORTH SHORE,E SPILLWAY DR,,,,0,0,LOCAL/CITY ROAD,N,RURAL,N,N,N,,DARK (NOT LIGHTED),CLEAR,DRY,,T-INTERSECTION,CURVE/GRADE,ASPHALT,RAN OFF ROAD RIGHT,RAN OFF ROAD,ENORTHSHOREDRESPILLWAYRD,NONE
MONROE SD,BLOOMINGTON,12/21/2019,9:18 AM,2,0,1,0,0,,,,E RHORER,S HARRELL RD,,,,39.121808,-86.498784,LOCAL/CITY ROAD,N,RURAL,N,N,N,,DAYLIGHT,CLEAR,DRY,,T-INTERSECTION,STRAIGHT/LEVEL,ASPHALT,FAILURE TO YIELD RIGHT OF WAY,LEFT TURN,ERHORERRDSHARRELLRD,STOP SIGN
MONROE SD,BLOOMINGTON,12/21/2019,1:52 PM,2,0,0,0,0,,,,S LIBERTY,ENTRANCE TO GOODWILL,,2600,S,38.88967444,-86.57913,LOCAL/CITY ROAD,N,URBAN,N,N,N,,DAYLIGHT,CLEAR,DRY,,NO JUNCTION INVOLVED,CURVE/LEVEL,ASPHALT,FAILURE TO YIELD RIGHT OF WAY,SAME DIRECTION SIDESWIPE,SLIBERTYDRW3RDST,NONE
BLOOMINGTON PD,BLOOMINGTON,12/21/2019,11:00 AM,2,0,2,0,0,,,,S WILLIAMSBURG,E 3RD ST,,,,,,LOCAL/CITY ROAD,N,URBAN,N,N,N,,DAYLIGHT,CLEAR,DRY,,T-INTERSECTION,STRAIGHT/LEVEL,ASPHALT,OTHER (DRIVER) - EXPLAIN IN NARRATIVE,REAR END,3RDSTWILLIAMSBURGDR,STOP SIGN
MONROE SD,BLOOMINGTON,12/22/2019,1:13 PM,1,0,1,0,0,,,,E KYLIE,S AMBER DR,,200,W,39.11335,-86.50026269,LOCAL/CITY ROAD,N,URBAN,N,N,N,,DAYLIGHT,CLEAR,DRY,,NO JUNCTION INVOLVED,STRAIGHT/LEVEL,ASPHALT,OTHER (ENVIRONMENTAL) - EXPLAIN IN NARR,OTHER - EXPLAIN IN NARRATIVE,AMBERCTKYLIECT,NONE
BLOOMINGTON PD,BLOOMINGTON,12/22/2019,11:17 AM,2,0,0,0,0,,,,N COLLEGE,W 14TH ST,,,,39.175984,-86.534736,LOCAL/CITY ROAD,N,URBAN,N,N,N,,DAYLIGHT,CLEAR,DRY,,T-INTERSECTION,STRAIGHT/GRADE,ASPHALT,FAILURE TO YIELD RIGHT OF WAY,RIGHT ANGLE,NCOLLEGEAVEW14THST,STOP SIGN
INDIANA UNIV BLOOMINGTON PD,BLOOMINGTON,12/23/2019,8:50 AM,2,0,0,0,0,,,,SR 45/46,E 10TH ST,,68,N,39.17181798,-86.50219542,STATE ROAD,N,URBAN,N,N,N,,DAYLIGHT,CLEAR,DRY,,NO JUNCTION INVOLVED,STRAIGHT/GRADE,ASPHALT,UNSAFE LANE MOVEMENT,SAME DIRECTION SIDESWIPE,SR45SR46,NONE
INDIANA UNIV BLOOMINGTON PD,BLOOMINGTON,12/23/2019,6:10 PM,2,0,0,0,0,,,,SR 46,SR 45,,300,S,39.17088014,-86.50171207,STATE ROAD,N,URBAN,N,N,N,,DARK (NOT LIGHTED),CLEAR,WET,,RAILROAD CROSSINGS,STRAIGHT/LEVEL,ASPHALT,FOLLOWING TOO CLOSELY,REAR END,SR4610THST,NONE
BLOOMINGTON PD,BLOOMINGTON,12/23/2019,3:00 PM,2,0,0,0,0,,,,N GATES,N JACOB DR,,,,,,LOCAL/CITY ROAD,N,URBAN,N,N,N,,DAYLIGHT,CLEAR,DRY,,T-INTERSECTION,STRAIGHT/LEVEL,ASPHALT,FAILURE TO YIELD RIGHT OF WAY,OTHER - EXPLAIN IN NARRATIVE,GATESDRJACOBDR,STOP SIGN
MONROE SD,BLOOMINGTON,12/23/2019,4:04 PM,1,0,0,0,0,,,,S OLD SR 37,SR 37,,285,S,39.06533607,-86.54264,LOCAL/CITY ROAD,N,RURAL,N,N,N,,DAYLIGHT,CLEAR,WET,,NO JUNCTION INVOLVED,CURVE/LEVEL,ASPHALT,UNSAFE SPEED,RAN OFF ROAD,37STATERDSOLD37STATERD,LANE CONTROL
BLOOMINGTON PD,BLOOMINGTON,12/23/2019,9:22 PM,1,0,1,0,0,410,,,S COLLEGE MALL,EASTLAND PLAZA DR,,,,0,0,LOCAL/CITY ROAD,N,URBAN,N,N,N,,DARK (LIGHTED),CLEAR,DRY,,T-INTERSECTION,STRAIGHT/LEVEL,ASPHALT,FAILURE TO YIELD RIGHT OF WAY,LEFT TURN,SOUTHCOLLEGEMALLRD,STOP SIGN
BLOOMINGTON PD,BLOOMINGTON,12/23/2019,2:52 PM,2,0,0,0,0,3334,,,W 3RD,W 3RD ST,,,,39.164816,-86.573888,UNKNOWN,N,URBAN,N,N,N,,DAYLIGHT,CLEAR,DRY,,FOUR-WAY INTERSECTION,STRAIGHT/GRADE,ASPHALT,FAILURE TO YIELD RIGHT OF WAY,RIGHT ANGLE,W3RDST,STOP SIGN
BLOOMINGTON PD,BLOOMINGTON,12/24/2019,12:02 PM,2,0,0,0,0,,,,S LIBERTY,SR 48,,,,0,0,LOCAL/CITY ROAD,N,URBAN,N,N,N,,DAYLIGHT,CLEAR,DRY,,T-INTERSECTION,STRAIGHT/LEVEL,ASPHALT,IMPROPER LANE USAGE,RIGHT ANGLE,SLIBERTYSTW3RDST,STOP SIGN
INDIANA UNIV BLOOMINGTON PD,BLOOMINGTON,12/24/2019,8:20 AM,2,0,1,0,0,,,,N FEE,E 17TH ST,,,,39.178928,-86.518992,LOCAL/CITY ROAD,N,URBAN,N,N,N,,DAYLIGHT,CLEAR,DRY,,FOUR-WAY INTERSECTION,STRAIGHT/GRADE,ASPHALT,DISREGARD SIGNAL/REG SIGN,RIGHT ANGLE,EAST17THSTFEELN,TRAFFIC CONTROL SIGNAL
MONROE SD,ELLETTSVILLE,12/24/2019,9:42 AM,1,0,0,0,0,,,,SR 46,W ARLINGTON RD,,,,39.207648,-86.573792,STATE ROAD,N,URBAN,N,Y,N,,DAYLIGHT,CLEAR,DRY,,FOUR-WAY INTERSECTION,STRAIGHT/LEVEL,ASPHALT,DRIVER ILLNESS,RAN OFF ROAD,SR46WWARLINGTONRD,TRAFFIC CONTROL SIGNAL
BLOOMINGTON PD,BLOOMINGTON,12/24/2019,11:53 AM,2,0,0,0,0,,,,N ROGERS,W KIRKWOOD AVE,,,,39.166672,-86.538608,LOCAL/CITY ROAD,N,URBAN,N,N,N,,DAYLIGHT,CLEAR,DRY,,FOUR-WAY INTERSECTION,STRAIGHT/LEVEL,ASPHALT,DISREGARD SIGNAL/REG SIGN,OTHER - EXPLAIN IN NARRATIVE,EKIRKWOODAVENROGERSST,TRAFFIC CONTROL SIGNAL
BLOOMINGTON PD,BLOOMINGTON,12/24/2019,11:53 AM,2,0,0,0,0,,,,N ROGERS,W KIRKWOOD AVE,,,,39.166672,-86.538608,LOCAL/CITY ROAD,N,URBAN,N,N,N,,DAYLIGHT,CLEAR,DRY,,FOUR-WAY INTERSECTION,STRAIGHT/LEVEL,ASPHALT,DISREGARD SIGNAL/REG SIGN,OTHER - EXPLAIN IN NARRATIVE,EKIRKWOODAVENROGERSST,STOP SIGN
ISP BLOOMINGTON 33,BLOOMINGTON,12/24/2019,09:10 M,2,,0,0,0,,,,SR 37,S VICTOR PIKE,,0,S,39.105504,-86.551442,STATE ROAD,,RURAL,N,N,N,,DAYLIGHT,FOG/SMOKE/SMOG,DRY,,FOUR-WAY INTERSECTION,,ASPHALT,FAILURE TO YIELD RIGHT OF WAY,RIGHT ANGLE,,
BLOOMINGTON PD,BLOOMINGTON,12/24/2019,6:00 PM,2,0,0,0,0,,,,E KIRKWOOD,S LINCOLN ST,,,,39.16664,-86.530992,LOCAL/CITY ROAD,N,URBAN,N,N,N,,DARK (LIGHTED),CLEAR,DRY,,FOUR-WAY INTERSECTION,STRAIGHT/LEVEL,ASPHALT,FAILURE TO YIELD RIGHT OF WAY,OTHER - EXPLAIN IN NARRATIVE,KIRKWOODDRSLINCOLNST,STOP SIGN
MONROE SD,BLOOMINGTON,12/24/2019,6:55 AM,1,0,0,0,0,1600,,,E MONROE DAM,,,,,39.008576,-86.517616,LOCAL/CITY ROAD,N,RURAL,N,N,N,,DARK (LIGHTED),CLOUDY,ICE,,NO JUNCTION INVOLVED,CURVE/GRADE,ASPHALT,RAN OFF ROAD RIGHT,RAN OFF ROAD,EMONROEDAMRD,NONE
BLOOMINGTON PD,BLOOMINGTON,12/24/2019,10:34 PM,1,0,1,0,0,,,,N DUNN,E KENWOOD DR,,450,N,39.198528,-86.528624,LOCAL/CITY ROAD,N,URBAN,N,N,N,,DARK (NOT LIGHTED),CLEAR,WET,,NO JUNCTION INVOLVED,CURVE/GRADE,ASPHALT,RAN OFF ROAD RIGHT,RAN OFF ROAD,EKENWOODDRNDUNNST,NONE
ELLETTSVILLE PD,ELLETTSVILLE,12/24/2019,1:13 PM,2,0,0,0,0,,,,N HARTSTRAIT,W DALLAS LN,,,,39.22075,-86.61201,COUNTY ROAD,Y,,N,N,N,,DAYLIGHT,CLEAR,DRY,,T-INTERSECTION,STRAIGHT/LEVEL,ASPHALT,FAILURE TO YIELD RIGHT OF WAY,SAME DIRECTION SIDESWIPE,DALLASLNHARTSTRAITRD,LANE CONTROL
BLOOMINGTON PD,BLOOMINGTON,12/24/2019,11:00 AM,1,0,1,0,0,,,,W 1ST,S ROGERS ST,,,,,,LOCAL/CITY ROAD,Y,,N,N,N,,DAYLIGHT,CLEAR,DRY,,FOUR-WAY INTERSECTION,STRAIGHT/LEVEL,ASPHALT,PEDESTRIAN ACTION,OTHER - EXPLAIN IN NARRATIVE,1STSTROGERST,STOP SIGN
BLOOMINGTON PD,BLOOMINGTON,12/24/2019,10:56 AM,3,0,1,0,0,,,,W 6TH,N COLLEGE AVE,,,,39.167648,-86.534784,LOCAL/CITY ROAD,N,URBAN,N,N,N,,DAYLIGHT,CLEAR,DRY,,FOUR-WAY INTERSECTION,STRAIGHT/GRADE,ASPHALT,DISREGARD SIGNAL/REG SIGN,RIGHT ANGLE,NCOLLEGEAVEW6THST,TRAFFIC CONTROL SIGNAL
MONROE SD,BLOOMINGTON,12/25/2019,9:32 PM,2,0,0,0,0,,,,N SMITH,W WOODYARD RD,,,,0,0,LOCAL/CITY ROAD,N,RURAL,N,N,N,,DARK (NOT LIGHTED),CLEAR,DRY,,T-INTERSECTION,STRAIGHT/LEVEL,ASPHALT,FAILURE TO YIELD RIGHT OF WAY,SAME DIRECTION SIDESWIPE,NSMITHPIKEWWOODYARDRD,STOP SIGN
MONROE SD,BLOOMINGTON,12/25/2019,11:12 PM,1,0,0,0,0,,,,E ANDERSON,SR 37,,500,E,0,0,COUNTY ROAD,N,RURAL,N,N,N,,DARK (NOT LIGHTED),BLOWING SAND/SOIL/SNOW,DRY,,NO JUNCTION INVOLVED,CURVE/GRADE,ASPHALT,DRIVER DISTRACTED - EXPLAIN IN NARRATIVE,RAN OFF ROAD,ANDERSONRDNSR37RD,LANE CONTROL
MONROE SD,BLOOMINGTON,12/25/2019,8:10 PM,1,0,0,0,0,,,,I-69 S,,,4752,N,0,0,INTERSTATE,N,RURAL,N,Y,N,,DARK (NOT LIGHTED),CLEAR,DRY,,NO JUNCTION INVOLVED,STRAIGHT/LEVEL,ASPHALT,DRIVER ASLEEP OR FATIGUED,RAN OFF ROAD,I69SWARLINGTONRD,NONE
MONROE SD,BLOOMINGTON,12/25/2019,9:33 PM,1,0,0,0,1,,,,W OLD SR 37,E WYLIE RD,,100,N,39.26195787,-86.50108,COUNTY ROAD,N,RURAL,N,N,N,,DARK (NOT LIGHTED),CLEAR,DRY,,T-INTERSECTION,STRAIGHT/LEVEL,ASPHALT,ANIMAL/OBJECT IN ROADWAY,COLLISION WITH DEER,EWYLIERDNOLDSTATE37RD,NONE
INDIANA UNIV BLOOMINGTON PD,BLOOMINGTON,12/26/2019,1:55 PM,2,0,0,0,0,,,,N WOODLAWN,E 10TH ST,,,,,,LOCAL/CITY ROAD,N,URBAN,N,N,N,,DAYLIGHT,CLOUDY,DRY,,FOUR-WAY INTERSECTION,STRAIGHT/GRADE,ASPHALT,OTHER (DRIVER) - EXPLAIN IN NARRATIVE,REAR END,TENTHSTWOODLAWNAVE,TRAFFIC CONTROL SIGNAL
ISP BLOOMINGTON 33,BLOOMINGTON,12/26/2019,08:56 M,2,,0,0,0,,,,N CURRY,W PROFILE PKWY,,300,N,39.17532803,-86.58306109,COUNTY ROAD,,RURAL,N,N,N,,DAYLIGHT,CLOUDY,DRY,,T-INTERSECTION,,ASPHALT,FAILURE TO YIELD RIGHT OF WAY,RIGHT ANGLE,,
MONROE SD,BLOOMINGTON,12/26/2019,2:43 PM,1,0,1,0,0,,,,S POINTE RETREAT,E POINTE CLUB DR,,100,S,39.02287098,-86.51235,LOCAL/CITY ROAD,N,RURAL,N,N,N,,DAYLIGHT,CLOUDY,DRY,,NO JUNCTION INVOLVED,CURVE/GRADE,ASPHALT,RAN OFF ROAD RIGHT,RAN OFF ROAD,EASTPOINTECLUBDRSOUTHPOINTERETREATDR,NONE
MONROE SD,BLOOMINGTON,12/26/2019,8:44 PM,1,0,0,0,0,,,,S ROCKPORT,W BOLIN LN,,1000,S,38.99758147,-86.57509,LOCAL/CITY ROAD,N,RURAL,N,N,N,,DARK (NOT LIGHTED),CLEAR,DRY,,NO JUNCTION INVOLVED,STRAIGHT/GRADE,ASPHALT,RAN OFF ROAD RIGHT,RAN OFF ROAD,BOLINLNROCKPORTRD,NONE
MONROE SD,BLOOMINGTON,12/26/2019,6:38 AM,1,0,0,0,0,,,,SR 446,S OLD RICHARDSON RD,,2000,S,38.90099412,-86.43134,STATE ROAD,N,RURAL,N,N,N,,DARK (NOT LIGHTED),CLEAR,WET,,NO JUNCTION INVOLVED,CURVE/GRADE,ASPHALT,RAN OFF ROAD RIGHT,RAN OFF ROAD,SOLDRICHARDSONRDSR446S,NONE
ELLETTSVILLE PD,ELLETTSVILLE,12/26/2019,10:34 PM,1,0,0,0,1,,,,SR 46,,,400,E,39.20702132,-86.57263216,STATE ROAD,N,RURAL,N,N,N,,DARK (NOT LIGHTED),CLEAR,DRY,,NO JUNCTION INVOLVED,STRAIGHT/LEVEL,ASPHALT,ANIMAL/OBJECT IN ROADWAY,COLLISION WITH DEER,SR46WSR46W,NONE
INDIANA UNIV BLOOMINGTON PD,BLOOMINGTON,12/27/2019,12:59 PM,2,0,0,0,0,,,,S SWAIN,E 3RD ST,,,,39.16425,-86.51526,LOCAL/CITY ROAD,N,URBAN,N,N,N,,DAYLIGHT,CLEAR,DRY,,NO JUNCTION INVOLVED,STRAIGHT/LEVEL,ASPHALT,IMPROPER LANE USAGE,SAME DIRECTION SIDESWIPE,SWAINAVETHIRDST,NONE
MONROE SD,BLOOMINGTON,12/27/2019,6:32 AM,1,0,1,0,0,,,,SR 48,W VERNAL PIKE,,1000,W,39.16898809,-86.66456348,STATE ROAD,N,RURAL,N,N,N,,DARK (NOT LIGHTED),CLOUDY,WET,,NO JUNCTION INVOLVED,CURVE/LEVEL,ASPHALT,RAN OFF ROAD RIGHT,RAN OFF ROAD,SR48EVERNALPIKE,NONE
ISP BLOOMINGTON 33,BLOOMINGTON,12/27/2019,07:45 M,2,,0,0,0,,,,S VICTOR,SR 37,,0,S,39.105677,-86.551245,LOCAL/CITY ROAD,,RURAL,N,N,N,,DAWN/DUSK,CLOUDY,DRY,,FOUR-WAY INTERSECTION,,ASPHALT,FAILURE TO YIELD RIGHT OF WAY,REAR END,,
BLOOMINGTON PD,BLOOMINGTON,12/27/2019,11:00 AM,2,0,0,0,0,,,,S MADISON,W KIRKWOOD AVE,,,,39.16661,-86.53742,LOCAL/CITY ROAD,N,URBAN,N,N,N,,DAYLIGHT,CLOUDY,WET,,FOUR-WAY INTERSECTION,STRAIGHT/LEVEL,ASPHALT,FOLLOWING TOO CLOSELY,REAR END,SMADISONSTWKIRKWOODAVE,STOP SIGN
MONROE SD,BLOOMINGTON,12/27/2019,9:21 PM,2,0,0,0,0,,,,W FOREST PARK,N SMITH PIKE,,200,N,39.208144,-86.5832,COUNTY ROAD,N,RURAL,N,N,N,,DARK (NOT LIGHTED),CLEAR,DRY,,NO JUNCTION INVOLVED,STRAIGHT/LEVEL,ASPHALT,FAILURE TO YIELD RIGHT OF WAY,RIGHT ANGLE,FORRESTPARKDRSMITHPIKE,NONE
MONROE SD,ELLETTSVILLE,12/28/2019,4:32 PM,2,0,0,0,0,,,,SR 46,N SMITH PIKE,,,,39.210144,-86.5832,STATE ROAD,N,URBAN,N,N,N,,DAYLIGHT,CLOUDY,DRY,,FOUR-WAY INTERSECTION,STRAIGHT/GRADE,ASPHALT,FAILURE TO YIELD RIGHT OF WAY,RIGHT ANGLE,SMITHPIKESR46W,NONE
ELLETTSVILLE PD,ELLETTSVILLE,12/28/2019,4:28 PM,2,0,0,0,0,,,,SR 46,N UNION VALLEY RD,,,,39.215152,-86.5928,LOCAL/CITY ROAD,N,URBAN,N,N,N,,DAYLIGHT,CLOUDY,WET,,NO JUNCTION INVOLVED,STRAIGHT/LEVEL,ASPHALT,BRAKE FAILURE OR DEFECTIVE,OPPOSITE DIRECTION SIDESWIPE,46HWYUNIONVALLEYRD,NONE
MONROE SD,ELLETTSVILLE,12/28/2019,11:54 AM,2,0,0,0,0,,,,SR 46,N MATTHEWS DR,,,,39.234768,-86.626384,STATE ROAD,N,URBAN,N,N,N,,DAYLIGHT,CLEAR,DRY,,FOUR-WAY INTERSECTION,STRAIGHT/LEVEL,ASPHALT,IMPROPER TURNING,RIGHT TURN,NMATTHEWSDRSR46W,TRAFFIC CONTROL SIGNAL
BLOOMINGTON PD,BLOOMINGTON,12/28/2019,10:25 AM,2,0,0,0,0,,,,N WASHINGTON,E KIRKWOOD AVE,,,,39.16664,-86.5324,LOCAL/CITY ROAD,N,URBAN,N,N,N,,DAYLIGHT,CLOUDY,DRY,,FOUR-WAY INTERSECTION,STRAIGHT/GRADE,ASPHALT,UNSAFE BACKING,BACKING CRASH,KIRKWOODAVEWASHINGTONST,STOP SIGN
MONROE SD,BLOOMINGTON,12/28/2019,1:15 AM,1,0,0,0,0,,,,S ROGERS,W THAT RD,,2800,N,39.12231907,-86.53899649,LOCAL/CITY ROAD,N,URBAN,N,N,N,,DARK (LIGHTED),CLEAR,DRY,,NO JUNCTION INVOLVED,STRAIGHT/LEVEL,ASPHALT,OTHER (DRIVER) - EXPLAIN IN NARRATIVE,RAN OFF ROAD,ROGERSSTTHATRD,NONE
MONROE SD,BLOOMINGTON,12/28/2019,6:30 AM,1,0,0,0,0,,,,W WOODYARD,N LOESCH RD,,500,W,39.19451413,-86.592344,COUNTY ROAD,Y,RURAL,N,N,N,,DARK (NOT LIGHTED),CLOUDY,DRY,,NO JUNCTION INVOLVED,STRAIGHT/LEVEL,ASPHALT,RAN OFF ROAD RIGHT,RAN OFF ROAD,LOESCHRDWOODYARDRD,NONE
BLOOMINGTON PD,BLOOMINGTON,12/29/2019,5:06 PM,3,0,0,0,0,,,,SR 45/46,N KINSER PIKE,,300,W,39.18659114,-86.53894503,STATE ROAD,N,URBAN,N,N,N,,DAYLIGHT,RAIN,WET,,NO JUNCTION INVOLVED,STRAIGHT/GRADE,ASPHALT,FOLLOWING TOO CLOSELY,REAR END,NKINSERPIKESR46W,LANE CONTROL
BLOOMINGTON PD,BLOOMINGTON,12/29/2019,9:57 PM,2,0,1,0,0,,,,W 2ND,S PATTERSON DR,,,,39.16076,-86.54849,LOCAL/CITY ROAD,N,URBAN,N,N,N,,DARK (NOT LIGHTED),RAIN,WET,,FOUR-WAY INTERSECTION,STRAIGHT/LEVEL,ASPHALT,FAILURE TO YIELD RIGHT OF WAY,RIGHT ANGLE,SPATTERSONDRW2NDST,TRAFFIC CONTROL SIGNAL
INDIANA UNIV BLOOMINGTON PD,BLOOMINGTON,12/29/2019,10:20 PM,2,0,1,0,0,,,,E 10TH,N PARK AVE,,,,39.17165,-86.52465,LOCAL/CITY ROAD,N,URBAN,N,N,N,,DARK (NOT LIGHTED),RAIN,WET,,NO JUNCTION INVOLVED,STRAIGHT/LEVEL,ASPHALT,TRAFFIC CONTROL INOPERATIVE/MISSING/OBSC,RIGHT ANGLE,PARKAVETENTHST,NONE
MONROE SD,BLOOMINGTON,12/29/2019,1:35 PM,1,0,0,0,0,,,,E BOLTINGHOUSE,E EARL YOUNG RD,,,,39.23031,-86.47338,LOCAL/CITY ROAD,Y,RURAL,N,N,N,,DAYLIGHT,RAIN,WET,,T-INTERSECTION,CURVE/HILLCREST,ASPHALT,RAN OFF ROAD RIGHT,RAN OFF ROAD,EBOLTINGHOUSERDEEARLYOUNGRD,STOP SIGN
ISP BLOOMINGTON 33,BLOOMINGTON,12/29/2019,21:15 M,1,,0,0,0,,,,I-69 S,,,528,S,39.30308961,-86.51733882,INTERSTATE,,RURAL,N,N,N,,DARK (NOT LIGHTED),RAIN,WET,,NO JUNCTION INVOLVED,,ASPHALT,ANIMAL/OBJECT IN ROADWAY,RIGHT ANGLE,,
ELLETTSVILLE PD,ELLETTSVILLE,12/29/2019,3:42 PM,2,0,0,0,0,,,,N SALE,W VINE ST,,,,39.234384,-86.624064,LOCAL/CITY ROAD,N,URBAN,N,N,N,,DAYLIGHT,CLOUDY,WET,,NO JUNCTION INVOLVED,STRAIGHT/LEVEL,ASPHALT,FAILURE TO YIELD RIGHT OF WAY,RIGHT ANGLE,SALESTVINEST,STOP SIGN
MONROE SD,BLOOMINGTON,12/29/2019,8:08 PM,2,0,0,0,0,,,,SR 45/46,ENTRANCE TO IU PARKING LOT 11,,400,W,39.18622,-86.52211539,STATE ROAD,N,URBAN,N,N,N,,DARK (NOT LIGHTED),RAIN,WET,,FOUR-WAY INTERSECTION,STRAIGHT/LEVEL,ASPHALT,FAILURE TO YIELD RIGHT OF WAY,RIGHT ANGLE,MILOBSAMPSONSTSR46E,OTHER REGULATORY SIGN/MARKING
ISP BLOOMINGTON 33,BLOOMINGTON,12/29/2019,14:51 M,2,,0,0,0,,,,W 17TH,N COLLEGE AVE,,158,W,39.17901621,-86.53509905,LOCAL/CITY ROAD,,URBAN,N,N,N,,DAYLIGHT,CLOUDY,WET,,NO JUNCTION INVOLVED,,ASPHALT,FAILURE TO YIELD RIGHT OF WAY,LEFT TURN,,
ELLETTSVILLE PD,ELLETTSVILLE,12/30/2019,6:34 PM,2,0,1,0,0,,,,SR 46,N CAPITOL AVE,,215,E,39.22148334,-86.60616326,STATE ROAD,N,URBAN,N,N,N,,DARK (NOT LIGHTED),CLOUDY,DRY,,NO JUNCTION INVOLVED,STRAIGHT/LEVEL,CONCRETE,FOLLOWING TOO CLOSELY,REAR END,LAKEVIEWDRSR46E,LANE CONTROL
MONROE SD,BLOOMINGTON,12/30/2019,7:07 PM,2,0,0,0,0,,,,SR 46,W ARLINGTON RD,,4876,S,38.67111011,-86.55135,STATE ROAD,N,RURAL,N,Y,N,,DARK (NOT LIGHTED),CLEAR,DRY,,NO JUNCTION INVOLVED,STRAIGHT/GRADE,ASPHALT,UNSAFE LANE MOVEMENT,SAME DIRECTION SIDESWIPE,SR46WARLINGTONRD,NONE
BLOOMINGTON PD,BLOOMINGTON,12/30/2019,7:46 PM,1,0,1,0,0,1103,,,E AZALEA,E CHRIS LN,,,,39.14449649,-86.51881623,UNKNOWN,Y,URBAN,N,N,N,,DARK (LIGHTED),CLEAR,DRY,,T-INTERSECTION,STRAIGHT/LEVEL,ASPHALT,UNSAFE SPEED,RAN OFF ROAD,EAZALEALN,NONE
BLOOMINGTON PD,BLOOMINGTON,12/30/2019,10:30 AM,2,0,0,0,0,,,,E COVENANTER,S AUTO MALL RD,,,,39.15503,-86.49611,LOCAL/CITY ROAD,Y,URBAN,N,N,N,,DAYLIGHT,CLOUDY,DRY,,FOUR-WAY INTERSECTION,STRAIGHT/GRADE,ASPHALT,FAILURE TO YIELD RIGHT OF WAY,RIGHT ANGLE,AUTOMALLRDCOVENANTERDR,STOP SIGN
BLOOMINGTON PD,BLOOMINGTON,12/30/2019,5:36 PM,2,0,2,0,0,,,,S WASHINGTON,E DRISCOLL DR,,,,0,0,LOCAL/CITY ROAD,N,URBAN,N,N,N,,DAWN/DUSK,CLEAR,DRY,,FOUR-WAY INTERSECTION,STRAIGHT/GRADE,ASPHALT,FAILURE TO YIELD RIGHT OF WAY,RIGHT ANGLE,EDRISCOLLDRSWASHINGTONST,STOP SIGN
BLOOMINGTON PD,BLOOMINGTON,12/31/2019,11:05 AM,2,0,0,0,0,,,,S CURRY,SR 48,,,,39.16464,-86.58296,LOCAL/CITY ROAD,N,URBAN,N,N,N,,DAYLIGHT,CLOUDY,DRY,,FOUR-WAY INTERSECTION,STRAIGHT/LEVEL,ASPHALT,FOLLOWING TOO CLOSELY,REAR END,CURRYPIKETHIRDST,LANE CONTROL
BLOOMINGTON PD,BLOOMINGTON,12/31/2019,8:30 AM,2,0,0,0,0,,,,SR 45/46,N MONROE ST,,,,39.17241,-86.54711,LOCAL/CITY ROAD,N,URBAN,N,N,N,,DAWN/DUSK,CLEAR,DRY,,FOUR-WAY INTERSECTION,STRAIGHT/GRADE,ASPHALT,FAILURE TO YIELD RIGHT OF WAY,RIGHT ANGLE,46BYPMONROEST,STOP SIGN
INDIANA UNIV BLOOMINGTON PD,BLOOMINGTON,12/31/2019,7:15 AM,2,0,0,0,0,,,,SR 45/46,N HEADLEY RD,,,N,39.16565421,-86.49894616,STATE ROAD,N,URBAN,N,N,N,,DAWN/DUSK,CLEAR,DRY,,T-INTERSECTION,CURVE/LEVEL,ASPHALT,UNSAFE LANE MOVEMENT,SAME DIRECTION SIDESWIPE,NHEADLEYRDSR46,LANE CONTROL